공시연도,대표학교코드,학교코드,학교명,본분교명,대학구분,학교종류,설립유형,설립구분,소재지유형,지역명,학교상태,기준년도,입학정원(학부),재학생수(학부),졸업생수(학부),전임교원수(학부+대학원),법정부담금기준액,법정부담금부담액,부담율
2025,0000050,0000050,감리교신학대학교,본교,대학,대학교,사립,사립,수도권,서울,기존,2024,192,564,170,24,512761750,512761750,100
2025,0000079,0000079,강서대학교,본교,대학,대학교,사립,사립,수도권,서울,기존,2024,277,1742,504,54,580460660,350000000,60.3
2025,0000052,0000052,건국대학교,본교,대학,대학교,사립,사립,수도권,서울,기존,2024,3000,15960,3410,657,8501630030,3431189000,40.4
2025,0000066,0000066,경희대학교,본교,대학,대학교,사립,사립,수도권,서울,기존,2024,4873,25573,5776,1395,20855588308,13164628500,63.1
2025,0000069,0000069,고려대학교,본교,대학,대학교,사립,사립,수도권,서울,기존,2024,4142,21772,4206,1601,24163041362,15021260780,62.2
2025,0000074,0000074,광운대학교,본교,대학,대학교,사립,사립,수도권,서울,기존,2024,1823,8414,1970,307,5044274112,225000000,4.5
2025,0000078,0000078,국민대학교,본교,대학,대학교,사립,사립,수도권,서울,기존,2024,2966,14502,3301,651,8545799808,2508000000,29.3
2025,0000099,0000099,덕성여자대학교,본교,대학,대학교,사립,사립,수도권,서울,기존,2024,1215,5566,1203,197,2953722190,2953873000,100
2025,0000100,0000100,동국대학교,본교,대학,대학교,사립,사립,수도권,서울,기존,2024,2836,13841,2987,686,9793340414,5915000000,60.4
2025,0000102,0000102,동덕여자대학교,본교,대학,대학교,사립,사립,수도권,서울,기존,2024,1577,6392,1634,214,3111042490,320000000,10.3
2025,0000116,0000116,삼육대학교,본교,대학,대학교,사립,사립,수도권,서울,기존,2024,1157,5268,1284,190,3097089849,1766114440,57
2025,0000117,0000117,상명대학교,본교,대학,대학교,사립,사립,수도권,서울,기존,2024,1302,6267,1393,246,6378584472,900000000,14.1
2025,0000120,0000120,서강대학교,본교,대학,대학교,사립,사립,수도권,서울,기존,2024,1602,8429,1736,410,7220880416,500000000,6.9
2025,0000121,0000121,서경대학교,본교,대학,대학교,사립,사립,수도권,서울,기존,2024,1309,6864,1457,250,2887684200,1032112000,35.7
2025,0000098,0000098,서울기독대학교,본교,대학,대학교,사립,사립,수도권,서울,기존,2024,136,1279,65,37,290586340,56000000,19.3
2025,0000126,0000126,서울여자대학교,본교,대학,대학교,사립,사립,수도권,서울,기존,2024,1612,7692,1367,224,3554146100,250000000,7
2025,0000205,0000205,서울한영대학교,본교,대학,대학교,사립,사립,수도권,서울,기존,2024,180,778,136,27,392954690,151300000,38.5
2025,0000132,0000132,성공회대학교,본교,대학,대학교,사립,사립,수도권,서울,기존,2024,502,2234,444,80,1298975220,33003000,2.5
2025,0000133,0000133,성균관대학교,본교,대학,대학교,사립,사립,수도권,서울,기존,2024,3555,19613,4256,1543,14429051320,14437000000,100.1
2025,0000136,0000136,성신여자대학교,본교,대학,대학교,사립,사립,수도권,서울,기존,2024,2060,9404,1939,324,4583499460,1340000000,29.2
2025,0000138,0000138,세종대학교,본교,대학,대학교,사립,사립,수도권,서울,기존,2024,2564,13171,2616,590,7442403295,900000000,12.1
2025,0000141,0000141,숙명여자대학교,본교,대학,대학교,사립,사립,수도권,서울,기존,2024,2160,10134,2336,419,6987485284,250000000,3.6
2025,0000143,0000143,숭실대학교,본교,대학,대학교,사립,사립,수도권,서울,기존,2024,2675,14738,3021,528,6873001870,600000000,8.7
2025,0000149,0000149,연세대학교,본교,대학,대학교,사립,사립,수도권,서울,기존,2024,3555,21005,4461,1820,30184310681,31260690002,103.6
2025,0000163,0000163,이화여자대학교,본교,대학,대학교,사립,사립,수도권,서울,기존,2024,3260,16452,3314,961,14841771663,9147100000,61.6
2025,0000170,0000170,장로회신학대학교,본교,대학,대학교,사립,사립,수도권,서울,기존,2024,150,572,163,78,1141159090,776000000,68
2025,0000175,0000175,중앙대학교,본교,대학,대학교,사립,사립,수도권,서울,기존,2024,3210,18637,4079,1049,14247623593,8440943804,59.2
2025,0000180,0000180,총신대학교,본교,대학,대학교,사립,사립,수도권,서울,기존,2024,307,1398,314,104,1495041580,456000000,30.5
2025,0000181,0000181,추계예술대학교,본교,대학,대학교,사립,사립,수도권,서울,기존,2024,250,1113,256,47,1038111520,1010000000,97.3
2025,0000191,0000191,한국성서대학교,본교,대학,대학교,사립,사립,수도권,서울,기존,2024,228,972,203,41,700391230,621877810,88.8
2025,0000192,0000192,한국외국어대학교,본교,대학,대학교,사립,사립,수도권,서울,기존,2024,3475,17101,3795,612,9017983450,4000000000,44.4
2025,0000200,0000200,한성대학교,본교,대학,대학교,사립,사립,수도권,서울,기존,2024,1498,7011,1579,282,3960214629,460000000,11.6
2025,0000203,0000203,한양대학교,본교,대학,대학교,사립,사립,수도권,서울,기존,2024,2906,16432,3359,1141,15416665455,10173291000,66
2025,0000212,0000212,홍익대학교,본교,대학,대학교,사립,사립,수도권,서울,기존,2024,2371,12368,2708,532,8345595880,2780000000,33.3
2024,0000050,0000050,감리교신학대학교,본교,대학,대학교,사립,사립,수도권,서울,기존,2023,192,582,171,25,543102700,543200000,100
2024,0000079,0000079,강서대학교,본교,대학,대학교,사립,사립,수도권,서울,기존,2023,277,1707,235,55,739395640,363398000,49.1
2024,0000052,0000052,건국대학교,본교,대학,대학교,사립,사립,수도권,서울,기존,2023,3000,15491,3472,645,8507262260,3226280000,37.9
2024,0000066,0000066,경희대학교,본교,대학,대학교,사립,사립,수도권,서울,기존,2023,4840,25048,6161,1378,20363554057,13075486030,64.2
2024,0000069,0000069,고려대학교,본교,대학,대학교,사립,사립,수도권,서울,기존,2023,3992,20582,4219,1556,22983035497,13802884140,60.1
2024,0000074,0000074,광운대학교,본교,대학,대학교,사립,사립,수도권,서울,기존,2023,1816,8392,1901,320,4617493370,300000000,6.5
2024,0000078,0000078,국민대학교,본교,대학,대학교,사립,사립,수도권,서울,기존,2023,2966,14486,3367,639,8350149189,5390000000,64.5
2024,0000099,0000099,덕성여자대학교,본교,대학,대학교,사립,사립,수도권,서울,기존,2023,1175,5357,1287,200,3277169870,3277250000,100
2024,0000100,0000100,동국대학교,본교,대학,대학교,사립,사립,수도권,서울,기존,2023,2823,13559,3143,684,9443372287,6018381000,63.7
2024,0000102,0000102,동덕여자대학교,본교,대학,대학교,사립,사립,수도권,서울,기존,2023,1577,6996,1543,225,2929415950,220000000,7.5
2024,0000116,0000116,삼육대학교,본교,대학,대학교,사립,사립,수도권,서울,기존,2023,1157,5214,1300,209,3182365522,1986600000,62.4
2024,0000117,0000117,상명대학교,본교,대학,대학교,사립,사립,수도권,서울,기존,2023,1302,6152,1387,256,6691046070,350000000,5.2
2024,0000120,0000120,서강대학교,본교,대학,대학교,사립,사립,수도권,서울,기존,2023,1602,8193,1718,406,7024233314,500000000,7.1
2024,0000121,0000121,서경대학교,본교,대학,대학교,사립,사립,수도권,서울,기존,2023,1309,6708,1517,253,2933280350,970500000,33.1
2024,0000098,0000098,서울기독대학교,본교,대학,대학교,사립,사립,수도권,서울,기존,2023,136,642,77,30,213722660,30000000,14
2024,0000126,0000126,서울여자대학교,본교,대학,대학교,사립,사립,수도권,서울,기존,2023,1636,7207,1410,231,3443917235,400000000,11.6
2024,0000205,0000205,서울한영대학교,본교,대학,대학교,사립,사립,수도권,서울,기존,2023,180,594,148,29,355919650,114139000,32.1
2024,0000132,0000132,성공회대학교,본교,대학,대학교,사립,사립,수도권,서울,기존,2023,502,2041,410,83,1246367200,84090000,6.7
2024,0000133,0000133,성균관대학교,본교,대학,대학교,사립,사립,수도권,서울,기존,2023,3447,19132,4124,1529,14326206621,14327000000,100
2024,0000136,0000136,성신여자대학교,본교,대학,대학교,사립,사립,수도권,서울,기존,2023,2060,9254,1880,321,4697919610,120000000,2.6
2024,0000138,0000138,세종대학교,본교,대학,대학교,사립,사립,수도권,서울,기존,2023,2495,12641,2656,575,6944529963,986000000,14.2
2024,0000141,0000141,숙명여자대학교,본교,대학,대학교,사립,사립,수도권,서울,기존,2023,2170,10219,2220,415,6445032468,834000000,12.9
2024,0000143,0000143,숭실대학교,본교,대학,대학교,사립,사립,수도권,서울,기존,2023,2675,14517,3037,492,6909676178,950000000,13.7
2024,0000149,0000149,연세대학교,본교,대학,대학교,사립,사립,수도권,서울,기존,2023,3495,20066,4204,1786,30727731798,32458935276,105.6
2024,0000163,0000163,이화여자대학교,본교,대학,대학교,사립,사립,수도권,서울,기존,2023,3197,15933,3201,969,14855301007,9243200000,62.2
2024,0000170,0000170,장로회신학대학교,본교,대학,대학교,사립,사립,수도권,서울,기존,2023,150,599,147,79,1155205400,767942000,66.5
2024,0000175,0000175,중앙대학교,본교,대학,대학교,사립,사립,수도권,서울,기존,2023,3210,18270,4073,1016,16560176757,11195664310,67.6
2024,0000180,0000180,총신대학교,본교,대학,대학교,사립,사립,수도권,서울,기존,2023,307,1389,348,112,1364405390,200000000,14.7
2024,0000181,0000181,추계예술대학교,본교,대학,대학교,사립,사립,수도권,서울,기존,2023,250,1098,271,49,969555830,951793000,98.2
2024,0000191,0000191,한국성서대학교,본교,대학,대학교,사립,사립,수도권,서울,기존,2023,223,974,238,44,608013530,549450670,90.4
2024,0000192,0000192,한국외국어대학교,본교,대학,대학교,사립,사립,수도권,서울,기존,2023,3475,16805,3729,620,9199139779,3000000000,32.6
2024,0000200,0000200,한성대학교,본교,대학,대학교,사립,사립,수도권,서울,기존,2023,1498,7024,1463,270,3630222450,460000000,12.7
2024,0000203,0000203,한양대학교,본교,대학,대학교,사립,사립,수도권,서울,기존,2023,2906,15870,3391,1142,15087012291,10063664000,66.7
2024,0000212,0000212,홍익대학교,본교,대학,대학교,사립,사립,수도권,서울,기존,2023,2421,12183,2643,509,8328779870,3302308000,39.6
2023,0000050,0000050,감리교신학대학교,본교,대학,대학교,사립,사립,수도권,서울,기존,2022,192,604,159,26,476269280,505000000,106
2023,0000079,0000079,강서대학교,본교,대학,대학교,사립,사립,수도권,서울,기존,2022,277,1644,251,53,549840460,260595456,47.4
2023,0000052,0000052,건국대학교,본교,대학,대학교,사립,사립,수도권,서울,기존,2022,3000,15688,3412,623,8416365050,3009027000,35.8
2023,0000066,0000066,경희대학교,본교,대학,대학교,사립,사립,수도권,서울,기존,2022,4830,25960,6247,1396,20053688010,12643240300,63
2023,0000069,0000069,고려대학교,본교,대학,대학교,사립,사립,수도권,서울,기존,2022,3884,20373,4391,1525,22180080891,13607159820,61.3
2023,0000074,0000074,광운대학교,본교,대학,대학교,사립,사립,수도권,서울,기존,2022,1684,8447,1913,323,4936665840,1000000,0
2023,0000078,0000078,국민대학교,본교,대학,대학교,사립,사립,수도권,서울,기존,2022,2966,14799,3518,663,7953084198,5080000000,63.9
2023,0000099,0000099,덕성여자대학교,본교,대학,대학교,사립,사립,수도권,서울,기존,2022,1120,5385,1411,209,3342773230,3344476450,100.1
2023,0000100,0000100,동국대학교,본교,대학,대학교,사립,사립,수도권,서울,기존,2022,2778,13416,3488,681,9056816966,5606874000,61.9
2023,0000102,0000102,동덕여자대학교,본교,대학,대학교,사립,사립,수도권,서울,기존,2022,1577,6981,1564,223,3094612472,220000000,7.1
2023,0000116,0000116,삼육대학교,본교,대학,대학교,사립,사립,수도권,서울,기존,2022,1137,5445,1286,215,2953327155,2652000000,89.8
2023,0000117,0000117,상명대학교,본교,대학,대학교,사립,사립,수도권,서울,기존,2022,1379,6322,1462,266,6487056550,800000000,12.3
2023,0000120,0000120,서강대학교,본교,대학,대학교,사립,사립,수도권,서울,기존,2022,1602,8100,1886,413,6981775752,500000000,7.2
2023,0000121,0000121,서경대학교,본교,대학,대학교,사립,사립,수도권,서울,기존,2022,1309,6660,1362,255,2984672020,1000000000,33.5
2023,0000098,0000098,서울기독대학교,본교,대학,대학교,사립,사립,수도권,서울,기존,2022,136,413,95,27,262468770,20000000,7.6
2023,0000126,0000126,서울여자대학교,본교,대학,대학교,사립,사립,수도권,서울,기존,2022,1670,7018,1516,232,3425069845,400000000,11.7
2023,0000205,0000205,서울한영대학교,본교,대학,대학교,사립,사립,수도권,서울,기존,2022,180,623,143,33,355174910,77800000,21.9
2023,0000132,0000132,성공회대학교,본교,대학,대학교,사립,사립,수도권,서울,기존,2022,502,2038,382,82,1188195900,629234410,53
2023,0000133,0000133,성균관대학교,본교,대학,대학교,사립,사립,수도권,서울,기존,2022,3335,19487,4122,1520,13254755584,13255000000,100
2023,0000136,0000136,성신여자대학교,본교,대학,대학교,사립,사립,수도권,서울,기존,2022,2195,9229,1979,312,4419574210,70000000,1.6
2023,0000138,0000138,세종대학교,본교,대학,대학교,사립,사립,수도권,서울,기존,2022,2360,12414,2698,555,6471529610,984000000,15.2
2023,0000141,0000141,숙명여자대학교,본교,대학,대학교,사립,사립,수도권,서울,기존,2022,2180,10348,2180,422,6605291808,1560000000,23.6
2023,0000143,0000143,숭실대학교,본교,대학,대학교,사립,사립,수도권,서울,기존,2022,2700,14411,3087,507,7273580720,850000000,11.7
2023,0000149,0000149,연세대학교,본교,대학,대학교,사립,사립,수도권,서울,기존,2022,3471,20335,4030,1746,29533335142,30390389215,102.9
2023,0000163,0000163,이화여자대학교,본교,대학,대학교,사립,사립,수도권,서울,기존,2022,3167,15940,3403,981,14582943201,9278700000,63.6
2023,0000170,0000170,장로회신학대학교,본교,대학,대학교,사립,사립,수도권,서울,기존,2022,150,616,169,80,1059754070,689000000,65
2023,0000175,0000175,중앙대학교,본교,대학,대학교,사립,사립,수도권,서울,기존,2022,3250,18742,4144,997,14523393838,9449260658,65.1
2023,0000180,0000180,총신대학교,본교,대학,대학교,사립,사립,수도권,서울,기존,2022,307,1374,401,120,1431782770,104199000,7.3
2023,0000181,0000181,추계예술대학교,본교,대학,대학교,사립,사립,수도권,서울,기존,2022,250,1110,262,53,910918490,41000000,4.5
2023,0000191,0000191,한국성서대학교,본교,대학,대학교,사립,사립,수도권,서울,기존,2022,223,1014,213,44,593090900,550000000,92.7
2023,0000192,0000192,한국외국어대학교,본교,대학,대학교,사립,사립,수도권,서울,기존,2022,3377,16740,3889,633,8849842980,4131058000,46.7
2023,0000200,0000200,한성대학교,본교,대학,대학교,사립,사립,수도권,서울,기존,2022,1458,6941,1548,265,3791093669,450000000,11.9
2023,0000203,0000203,한양대학교,본교,대학,대학교,사립,사립,수도권,서울,기존,2022,2906,16531,3559,1150,14561635422,9740348000,66.9
2023,0000212,0000212,홍익대학교,본교,대학,대학교,사립,사립,수도권,서울,기존,2022,2421,12365,2888,533,8589575640,2070000000,24.1
2022,0000050,0000050,감리교신학대학교,본교,대학,대학교,사립,사립,수도권,서울,기존,2021,200,635,187,26,477145290,360000000,75.4
2022,0000079,0000079,강서대학교,본교,대학,대학교,사립,사립,수도권,서울,기존,2021,277,1560,318,53,664141200,176000000,26.5
2022,0000052,0000052,건국대학교,본교,대학,대학교,사립,사립,수도권,서울,기존,2021,3000,15343,3863,627,8219651480,2979487000,36.2
2022,0000066,0000066,경희대학교,본교,대학,대학교,사립,사립,수도권,서울,기존,2021,4830,25998,6514,1360,19335754980,12480411900,64.5
2022,0000069,0000069,고려대학교,본교,대학,대학교,사립,사립,수도권,서울,기존,2021,3889,19597,4905,1511,21542699011,12973668390,60.2
2022,0000074,0000074,광운대학교,본교,대학,대학교,사립,사립,수도권,서울,기존,2021,1684,8496,1802,329,4558269730,313000000,6.9
2022,0000078,0000078,국민대학교,본교,대학,대학교,사립,사립,수도권,서울,기존,2021,2966,14562,3930,668,8258228154,5291000000,64.1
2022,0000099,0000099,덕성여자대학교,본교,대학,대학교,사립,사립,수도권,서울,기존,2021,1120,5269,1487,213,3118995390,3119550670,100
2022,0000100,0000100,동국대학교,본교,대학,대학교,사립,사립,수도권,서울,기존,2021,2778,13270,3297,694,8826895573,5607326000,63.5
2022,0000102,0000102,동덕여자대학교,본교,대학,대학교,사립,사립,수도권,서울,기존,2021,1577,6834,1666,233,3238978870,2290000000,70.7
2022,0000116,0000116,삼육대학교,본교,대학,대학교,사립,사립,수도권,서울,기존,2021,1137,5332,1297,215,2837344990,1816900000,64
2022,0000117,0000117,상명대학교,본교,대학,대학교,사립,사립,수도권,서울,기존,2021,1379,6305,1535,266,6200173220,833000000,13.4
2022,0000120,0000120,서강대학교,본교,대학,대학교,사립,사립,수도권,서울,기존,2021,1574,7974,1969,400,6729661436,460759000,6.8
2022,0000121,0000121,서경대학교,본교,대학,대학교,사립,사립,수도권,서울,기존,2021,1269,6510,1383,251,2813821640,789291000,28.1
2022,0000098,0000098,서울기독대학교,본교,대학,대학교,사립,사립,수도권,서울,기존,2021,136,403,79,29,217997110,30000000,13.8
2022,0000126,0000126,서울여자대학교,본교,대학,대학교,사립,사립,수도권,서울,기존,2021,1645,7008,1685,232,3340438127,150000000,4.5
2022,0000205,0000205,서울한영대학교,본교,대학,대학교,사립,사립,수도권,서울,기존,2021,180,655,145,33,309973720,309973720,100
2022,0000132,0000132,성공회대학교,본교,대학,대학교,사립,사립,수도권,서울,기존,2021,502,1931,460,88,1155529580,270000000,23.4
2022,0000133,0000133,성균관대학교,본교,대학,대학교,사립,사립,수도권,서울,기존,2021,3335,18298,4664,1525,12636701303,12802000000,101.3
2022,0000136,0000136,성신여자대학교,본교,대학,대학교,사립,사립,수도권,서울,기존,2021,2232,8873,2346,326,4476061270,60000000,1.3
2022,0000138,0000138,세종대학교,본교,대학,대학교,사립,사립,수도권,서울,기존,2021,2400,11688,2853,550,6269457405,982000000,15.7
2022,0000141,0000141,숙명여자대학교,본교,대학,대학교,사립,사립,수도권,서울,기존,2021,2150,9830,2588,432,6302800840,32000000,0.5
2022,0000143,0000143,숭실대학교,본교,대학,대학교,사립,사립,수도권,서울,기존,2021,2700,13864,3346,510,7033032700,470800000,6.7
2022,0000149,0000149,연세대학교,본교,대학,대학교,사립,사립,수도권,서울,기존,2021,3457,19239,4351,1731,27672616902,28294340600,102.2
2022,0000163,0000163,이화여자대학교,본교,대학,대학교,사립,사립,수도권,서울,기존,2021,3127,15281,3935,989,13571709513,8459000000,62.3
2022,0000170,0000170,장로회신학대학교,본교,대학,대학교,사립,사립,수도권,서울,기존,2021,150,616,178,80,1128766335,727243660,64.4
2022,0000175,0000175,중앙대학교,본교,대학,대학교,사립,사립,수도권,서울,기존,2021,3250,18110,4879,968,14364850904,9255793353,64.4
2022,0000180,0000180,총신대학교,본교,대학,대학교,사립,사립,수도권,서울,기존,2021,307,1466,452,123,1733587210,800000000,46.1
2022,0000181,0000181,추계예술대학교,본교,대학,대학교,사립,사립,수도권,서울,기존,2021,250,1068,298,56,1021594477,640241000,62.7
2022,0000191,0000191,한국성서대학교,본교,대학,대학교,사립,사립,수도권,서울,기존,2021,223,1025,214,44,583763440,550000000,94.2
2022,0000192,0000192,한국외국어대학교,본교,대학,대학교,사립,사립,수도권,서울,기존,2021,3377,16593,4043,644,8642186270,2012764000,23.3
2022,0000200,0000200,한성대학교,본교,대학,대학교,사립,사립,수도권,서울,기존,2021,1458,6840,1480,265,3716002022,500000000,13.5
2022,0000203,0000203,한양대학교,본교,대학,대학교,사립,사립,수도권,서울,기존,2021,2906,15448,3851,1138,13825978439,9330397000,67.5
2022,0000212,0000212,홍익대학교,본교,대학,대학교,사립,사립,수도권,서울,기존,2021,2421,12163,3065,553,8601873290,1834000000,21.3
2021,0000050,0000050,감리교신학대학교,본교,대학,대학교,사립,사립,수도권,서울,기존,2020,200,740,185,26,620820620,60000000,9.7
2021,0000052,0000052,건국대학교,본교,대학,대학교,사립,사립,수도권,서울,기존,2020,3000,15751,3585,659,8664509750,2924902000,33.8
2021,0000066,0000066,경희대학교,본교,대학,대학교,사립,사립,수도권,서울,기존,2020,4720,26582,6093,1361,19093989356,12648762640,66.2
2021,0000069,0000069,고려대학교,본교,대학,대학교,사립,사립,수도권,서울,기존,2020,3889,20047,4828,1504,21128954676,13258020420,62.7
2021,0000074,0000074,광운대학교,본교,대학,대학교,사립,사립,수도권,서울,기존,2020,1684,8527,1737,332,4562604010,300000000,6.6
2021,0000078,0000078,국민대학교,본교,대학,대학교,사립,사립,수도권,서울,기존,2020,2863,15264,3622,685,7969383460,5200000000,65.2
2021,0000099,0000099,덕성여자대학교,본교,대학,대학교,사립,사립,수도권,서울,기존,2020,1040,5608,1427,226,3121132460,3121287190,100
2021,0000100,0000100,동국대학교,본교,대학,대학교,사립,사립,수도권,서울,기존,2020,2685,13868,3493,711,9189738917,5955000000,64.8
2021,0000102,0000102,동덕여자대학교,본교,대학,대학교,사립,사립,수도권,서울,기존,2020,1507,7130,1577,240,3114382230,400000000,12.8
2021,0000116,0000116,삼육대학교,본교,대학,대학교,사립,사립,수도권,서울,기존,2020,1122,5464,1368,221,2631988694,1713629000,65.1
2021,0000117,0000117,상명대학교,본교,대학,대학교,사립,사립,수도권,서울,기존,2020,1379,6536,1408,278,6017316440,245000000,4.1
2021,0000120,0000120,서강대학교,본교,대학,대학교,사립,사립,수도권,서울,기존,2020,1574,8172,1818,407,6773261273,1120000000,16.5
2021,0000121,0000121,서경대학교,본교,대학,대학교,사립,사립,수도권,서울,기존,2020,1269,6500,1288,254,2632882470,797747000,30.3
2021,0000098,0000098,서울기독대학교,본교,대학,대학교,사립,사립,수도권,서울,기존,2020,136,461,94,27,286868590,20000000,7
2021,0000126,0000126,서울여자대학교,본교,대학,대학교,사립,사립,수도권,서울,기존,2020,1632,7130,1563,225,3465945790,100000000,2.9
2021,0000205,0000205,서울한영대학교,본교,대학,대학교,사립,사립,수도권,서울,기존,2020,180,685,138,34,377620440,377620440,100
2021,0000132,0000132,성공회대학교,본교,대학,대학교,사립,사립,수도권,서울,기존,2020,502,2056,441,88,1076276350,20000000,1.9
2021,0000133,0000133,성균관대학교,본교,대학,대학교,사립,사립,수도권,서울,기존,2020,3303,18882,4261,1496,19708446466,19709000000,100
2021,0000136,0000136,성신여자대학교,본교,대학,대학교,사립,사립,수도권,서울,기존,2020,2272,9261,2022,333,3995268480,430000000,10.8
2021,0000138,0000138,세종대학교,본교,대학,대학교,사립,사립,수도권,서울,기존,2020,2400,11854,2779,546,6244495665,980000000,15.7
2021,0000141,0000141,숙명여자대학교,본교,대학,대학교,사립,사립,수도권,서울,기존,2020,2110,10172,2225,440,6538387372,373000000,5.7
2021,0000143,0000143,숭실대학교,본교,대학,대학교,사립,사립,수도권,서울,기존,2020,2700,13792,3028,539,6565570022,929691000,14.2
2021,0000149,0000149,연세대학교,본교,대학,대학교,사립,사립,수도권,서울,기존,2020,3417,19016,,1729,35292913896,35837067780,101.5
2021,0000163,0000163,이화여자대학교,본교,대학,대학교,사립,사립,수도권,서울,기존,2020,3027,15928,3364,975,13080957600,8167000000,62.4
2021,0000170,0000170,장로회신학대학교,본교,대학,대학교,사립,사립,수도권,서울,기존,2020,150,632,173,80,1218268365,844000000,69.3
2021,0000175,0000175,중앙대학교,본교,대학,대학교,사립,사립,수도권,서울,기존,2020,3190,18839,5184,943,14269110141,9462631785,66.3
2021,0000180,0000180,총신대학교,본교,대학,대학교,사립,사립,수도권,서울,기존,2020,307,1610,399,108,1543426500,0,0
2021,0000181,0000181,추계예술대학교,본교,대학,대학교,사립,사립,수도권,서울,기존,2020,250,1114,250,52,905573440,100000000,11
2021,0000079,0000079,케이씨대학교,본교,대학,대학교,사립,사립,수도권,서울,기존,2020,277,1629,288,56,608315665,130000000,21.4
2021,0000191,0000191,한국성서대학교,본교,대학,대학교,사립,사립,수도권,서울,기존,2020,223,1058,256,45,596896910,539781880,90.4
2021,0000192,0000192,한국외국어대학교,본교,대학,대학교,사립,사립,수도권,서울,기존,2020,3377,17522,3757,662,8820345495,4941000000,56
2021,0000200,0000200,한성대학교,본교,대학,대학교,사립,사립,수도권,서울,기존,2020,1458,6610,1447,263,3659639178,490000000,13.4
2021,0000203,0000203,한양대학교,본교,대학,대학교,사립,사립,수도권,서울,기존,2020,2890,15800,3724,1067,13663013628,7006421000,51.3
2021,0000212,0000212,홍익대학교,본교,대학,대학교,사립,사립,수도권,서울,기존,2020,2371,12130,3037,571,8445992440,80000000,0.9
2020,0000050,0000050,감리교신학대학교,본교,대학,대학교,사립,사립,수도권,서울,기존,2019,200,814,211,25,619871370,668619306,107.9
2020,0000052,0000052,건국대학교,본교,대학,대학교,사립,사립,수도권,서울,기존,2019,3000,15766,3447,689,12454976740,4468822000,35.9
2020,0000066,0000066,경희대학교,본교,대학,대학교,사립,사립,수도권,서울,기존,2019,4720,25875,6005,1404,17880073672,11897460540,66.5
2020,0000069,0000069,고려대학교,본교,대학,대학교,사립,사립,수도권,서울,기존,2019,3799,20822,4572,1477,23181281951,14447116714,62.3
2020,0000074,0000074,광운대학교,본교,대학,대학교,사립,사립,수도권,서울,기존,2019,1684,8181,1818,327,3997967990,321200000,8
2020,0000078,0000078,국민대학교,본교,대학,대학교,사립,사립,수도권,서울,기존,2019,2863,15109,3520,675,7587234226,4860000000,64.1
2020,0000099,0000099,덕성여자대학교,본교,대학,대학교,사립,사립,수도권,서울,기존,2019,1040,5506,1229,182,2599953190,2599958278,100
2020,0000100,0000100,동국대학교,본교,대학,대학교,사립,사립,수도권,서울,기존,2019,2685,13944,3081,682,12468420652,8875576000,71.2
2020,0000102,0000102,동덕여자대학교,본교,대학,대학교,사립,사립,수도권,서울,기존,2019,1507,6938,1521,227,2916701240,113000000,3.9
2020,0000116,0000116,삼육대학교,본교,대학,대학교,사립,사립,수도권,서울,기존,2019,1122,5517,1276,210,2714751277,2513000000,92.6
2020,0000117,0000117,상명대학교,본교,대학,대학교,사립,사립,수도권,서울,기존,2019,1302,6544,1495,264,5911608560,110000000,1.9
2020,0000120,0000120,서강대학교,본교,대학,대학교,사립,사립,수도권,서울,기존,2019,1574,8275,1567,407,6206749958,700000000,11.3
2020,0000121,0000121,서경대학교,본교,대학,대학교,사립,사립,수도권,서울,기존,2019,1269,6185,1461,239,2642805840,998860000,37.8
2020,0000126,0000126,서울여자대학교,본교,대학,대학교,사립,사립,수도권,서울,기존,2019,1592,7141,1384,222,3408095568,100000000,2.9
2020,0000205,0000205,서울한영대학교,본교,대학,대학교,사립,사립,수도권,서울,기존,2019,180,695,141,37,374518980,374518980,100
2020,0000132,0000132,성공회대학교,본교,대학,대학교,사립,사립,수도권,서울,기존,2019,502,2112,452,87,1066678840,50000000,4.7
2020,0000133,0000133,성균관대학교,본교,대학,대학교,사립,사립,수도권,서울,기존,2019,3303,19305,4047,1487,18071436171,18072000000,100
2020,0000136,0000136,성신여자대학교,본교,대학,대학교,사립,사립,수도권,서울,기존,2019,2060,8868,1982,306,3734116730,30000000,0.8
2020,0000138,0000138,세종대학교,본교,대학,대학교,사립,사립,수도권,서울,기존,2019,2320,11943,2614,516,5542848575,974000000,17.6
2020,0000141,0000141,숙명여자대학교,본교,대학,대학교,사립,사립,수도권,서울,기존,2019,2110,10123,2371,453,6480895944,211730000,3.3
2020,0000143,0000143,숭실대학교,본교,대학,대학교,사립,사립,수도권,서울,기존,2019,2675,13613,2999,523,6300180610,941764929,14.9
2020,0000149,0000149,연세대학교,본교,대학,대학교,사립,사립,수도권,서울,기존,2019,3417,18924,3939,1724,36151173439,36818662748,101.8
2020,0000163,0000163,이화여자대학교,본교,대학,대학교,사립,사립,수도권,서울,기존,2019,3027,15698,3384,972,12783736749,8063000000,63.1
2020,0000170,0000170,장로회신학대학교,본교,대학,대학교,사립,사립,수도권,서울,기존,2019,150,648,141,79,1113191732,774502000,69.6
2020,0000175,0000175,중앙대학교,본교,대학,대학교,사립,사립,수도권,서울,기존,2019,3150,18747,3807,943,13082649474,8833913050,67.5
2020,0000180,0000180,총신대학교,본교,대학,대학교,사립,사립,수도권,서울,기존,2019,334,1693,410,112,1478823562,0,0
2020,0000181,0000181,추계예술대학교,본교,대학,대학교,사립,사립,수도권,서울,기존,2019,269,1111,305,52,841798780,100000000,11.9
2020,0000079,0000079,케이씨대학교,본교,대학,대학교,사립,사립,수도권,서울,기존,2019,277,1351,278,47,589152310,171185048,29.1
2020,0000191,0000191,한국성서대학교,본교,대학,대학교,사립,사립,수도권,서울,기존,2019,223,1049,230,45,511857580,500000000,97.7
2020,0000192,0000192,한국외국어대학교,본교,대학,대학교,사립,사립,수도권,서울,기존,2019,3377,17438,3605,680,8464646965,1016317850,12
2020,0000200,0000200,한성대학교,본교,대학,대학교,사립,사립,수도권,서울,기존,2019,1458,6567,1443,262,3317048960,410000000,12.4
2020,0000203,0000203,한양대학교,본교,대학,대학교,사립,사립,수도권,서울,기존,2019,2804,15709,3637,1063,17439471787,10197513000,58.5
2020,0000212,0000212,홍익대학교,본교,대학,대학교,사립,사립,수도권,서울,기존,2019,2371,12136,2689,567,7814050250,1002000000,12.8
2019,0000050,0000050,감리교신학대학교,본교,대학,대학교,사립,사립,수도권,서울,기존,2018,200,833,187,25,560005270,349560000,62.4
2019,0000052,0000052,건국대학교,본교,대학,대학교,사립,사립,수도권,서울,기존,2018,3000,15933,3274,698,12500346480,4178275000,33.4
2019,0000066,0000066,경희대학교,본교,대학,대학교,사립,사립,수도권,서울,기존,2018,4720,26430,5812,1434,17066720521,11425672220,66.9
2019,0000069,0000069,고려대학교,본교,대학,대학교,사립,사립,수도권,서울,기존,2018,3799,21165,4345,1442,21362637522,13437163404,62.9
2019,0000074,0000074,광운대학교,본교,대학,대학교,사립,사립,수도권,서울,기존,2018,1684,8199,1905,320,3823419096,2200000,0.1
2019,0000078,0000078,국민대학교,본교,대학,대학교,사립,사립,수도권,서울,기존,2018,2863,15575,3108,624,7163016904,4610000000,64.4
2019,0000099,0000099,덕성여자대학교,본교,대학,대학교,사립,사립,수도권,서울,기존,2018,1161,5620,1218,187,2510978983,2511474633,100
2019,0000100,0000100,동국대학교,본교,대학,대학교,사립,사립,수도권,서울,기존,2018,2685,13975,3027,688,11593190146,7980343000,68.8
2019,0000102,0000102,동덕여자대학교,본교,대학,대학교,사립,사립,수도권,서울,기존,2018,1507,6837,1621,231,3055936340,56653000,1.9
2019,0000116,0000116,삼육대학교,본교,대학,대학교,사립,사립,수도권,서울,기존,2018,1122,5498,1324,204,2977665159,2036248000,68.4
2019,0000117,0000117,상명대학교,본교,대학,대학교,사립,사립,수도권,서울,기존,2018,1302,6750,1589,259,6064427880,210000000,3.5
2019,0000120,0000120,서강대학교,본교,대학,대학교,사립,사립,수도권,서울,기존,2018,1574,8522,1502,413,6089711832,1200000000,19.7
2019,0000121,0000121,서경대학교,본교,대학,대학교,사립,사립,수도권,서울,기존,2018,1269,6468,1337,235,2500394360,1560000000,62.4
2019,0000098,0000098,서울기독대학교,본교,대학,대학교,사립,사립,수도권,서울,기존,2018,136,537,87,33,269612060,12000000,4.5
2019,0000126,0000126,서울여자대학교,본교,대학,대학교,사립,사립,수도권,서울,기존,2018,1592,7075,1645,219,3210306354,80000000,2.5
2019,0000205,0000205,서울한영대학교,본교,대학,대학교,사립,사립,수도권,서울,기존,2018,180,675,163,38,423469280,423469280,100
2019,0000132,0000132,성공회대학교,본교,대학,대학교,사립,사립,수도권,서울,기존,2018,502,2086,450,83,984710030,330000000,33.5
2019,0000133,0000133,성균관대학교,본교,대학,대학교,사립,사립,수도권,서울,기존,2018,3303,19798,3925,1448,17492083174,17493000000,100
2019,0000136,0000136,성신여자대학교,본교,대학,대학교,사립,사립,수도권,서울,기존,2018,2060,8966,2050,316,3678260730,10000000,0.3
2019,0000138,0000138,세종대학교,본교,대학,대학교,사립,사립,수도권,서울,기존,2018,2320,11799,2584,514,5527170070,974000000,17.6
2019,0000141,0000141,숙명여자대학교,본교,대학,대학교,사립,사립,수도권,서울,기존,2018,2110,10146,2376,453,6013483735,50008128,0.8
2019,0000143,0000143,숭실대학교,본교,대학,대학교,사립,사립,수도권,서울,기존,2018,2675,13617,2838,513,5939895842,660000000,11.1
2019,0000149,0000149,연세대학교,본교,대학,대학교,사립,사립,수도권,서울,기존,2018,3417,19084,3921,1684,33859886607,29280963163,86.5
2019,0000163,0000163,이화여자대학교,본교,대학,대학교,사립,사립,수도권,서울,기존,2018,3027,16088,3086,962,12495209573,7874000000,63
2019,0000170,0000170,장로회신학대학교,본교,대학,대학교,사립,사립,수도권,서울,기존,2018,150,637,163,80,1027728480,860073000,83.7
2019,0000175,0000175,중앙대학교,본교,대학,대학교,사립,사립,수도권,서울,기존,2018,3150,18543,3574,939,12218400114,8248559800,67.5
2019,0000180,0000180,총신대학교,본교,대학,대학교,사립,사립,수도권,서울,기존,2018,360,1746,450,110,1322155790,0,0
2019,0000181,0000181,추계예술대학교,본교,대학,대학교,사립,사립,수도권,서울,기존,2018,269,1176,258,48,825568106,100000000,12.1
2019,0000079,0000079,케이씨대학교,본교,대학,대학교,사립,사립,수도권,서울,기존,2018,277,1389,288,46,558626350,57396156,10.3
2019,0000191,0000191,한국성서대학교,본교,대학,대학교,사립,사립,수도권,서울,기존,2018,223,1088,246,43,487335750,457433910,93.9
2019,0000192,0000192,한국외국어대학교,본교,대학,대학교,사립,사립,수도권,서울,기존,2018,3377,17770,3569,694,8281047566,775000000,9.4
2019,0000200,0000200,한성대학교,본교,대학,대학교,사립,사립,수도권,서울,기존,2018,1458,6568,1287,257,2897102070,380000000,13.1
2019,0000203,0000203,한양대학교,본교,대학,대학교,사립,사립,수도권,서울,기존,2018,2804,16142,3574,1044,16994431656,10090150000,59.4
2019,0000212,0000212,홍익대학교,본교,대학,대학교,사립,사립,수도권,서울,기존,2018,2371,12339,2702,555,7625449530,1000000000,13.1
2018,0000050,0000050,감리교신학대학교,본교,대학,대학교,사립,사립,수도권,서울,기존,2017,200,823,178,25,453166,349360,77.1
2018,0000052,0000052,건국대학교,본교,대학,대학교,사립,사립,수도권,서울,기존,2017,3000,15908,3399,716,11837047,5302085,44.8
2018,0000066,0000066,경희대학교,본교,대학,대학교,사립,사립,수도권,서울,기존,2017,4663,26063,5462,1442,16764097,10964168,65.4
2018,0000069,0000069,고려대학교,본교,대학,대학교,사립,사립,수도권,서울,기존,2017,3799,21080,4427,1432,21165987,13006374,61.4
2018,0000074,0000074,광운대학교,본교,대학,대학교,사립,사립,수도권,서울,기존,2017,1684,8019,1822,325,3784943,0,0
2018,0000078,0000078,국민대학교,본교,대학,대학교,사립,사립,수도권,서울,기존,2017,2863,15290,3132,627,6924361,4520000,65.3
2018,0000099,0000099,덕성여자대학교,본교,대학,대학교,사립,사립,수도권,서울,기존,2017,1210,5716,1145,196,2477914,2478012,100
2018,0000100,0000100,동국대학교,본교,대학,대학교,사립,사립,수도권,서울,기존,2017,2685,13872,2993,714,10814252,7335496,67.8
2018,0000102,0000102,동덕여자대학교,본교,대학,대학교,사립,사립,수도권,서울,기존,2017,1507,6818,1610,240,2886195,1239433,42.9
2018,0000116,0000116,삼육대학교,본교,대학,대학교,사립,사립,수도권,서울,기존,2017,1122,5662,1202,209,2609596,2393500,91.7
2018,0000117,0000117,상명대학교,본교,대학,대학교,사립,사립,수도권,서울,기존,2017,1302,6808,1742,262,5650314,700000,12.4
2018,0000120,0000120,서강대학교,본교,대학,대학교,사립,사립,수도권,서울,기존,2017,1574,8302,1642,411,5794553,1200000,20.7
2018,0000121,0000121,서경대학교,본교,대학,대학교,사립,사립,수도권,서울,기존,2017,1269,6468,1405,241,2391086,1360000,56.9
2018,0000098,0000098,서울기독대학교,본교,대학,대학교,사립,사립,수도권,서울,기존,2017,136,604,114,33,318995,300000,94
2018,0000126,0000126,서울여자대학교,본교,대학,대학교,사립,사립,수도권,서울,기존,2017,1592,7187,1576,233,3072325,70000,2.3
2018,0000205,0000205,서울한영대학교,본교,대학,대학교,사립,사립,수도권,서울,기존,2017,180,662,173,41,319435,319435,100
2018,0000132,0000132,성공회대학교,본교,대학,대학교,사립,사립,수도권,서울,기존,2017,502,2063,478,90,934068,64000,6.9
2018,0000133,0000133,성균관대학교,본교,대학,대학교,사립,사립,수도권,서울,기존,2017,3303,19541,4114,1459,16382345,16383000,100
2018,0000136,0000136,성신여자대학교,본교,대학,대학교,사립,사립,수도권,서울,기존,2017,2060,9124,2286,326,3446603,10000,0.3
2018,0000138,0000138,세종대학교,본교,대학,대학교,사립,사립,수도권,서울,기존,2017,2320,11861,2588,519,5388899,974000,18.1
2018,0000141,0000141,숙명여자대학교,본교,대학,대학교,사립,사립,수도권,서울,기존,2017,2110,10158,2353,460,5707435,2630649,46.1
2018,0000143,0000143,숭실대학교,본교,대학,대학교,사립,사립,수도권,서울,기존,2017,2675,13402,2707,521,5706768,1200000,21
2018,0000149,0000149,연세대학교,본교,대학,대학교,사립,사립,수도권,서울,기존,2017,3417,19164,4156,1696,31778654,27508145,86.6
2018,0000163,0000163,이화여자대학교,본교,대학,대학교,사립,사립,수도권,서울,기존,2017,3004,15789,3293,999,12183691,7528000,61.8
2018,0000170,0000170,장로회신학대학교,본교,대학,대학교,사립,사립,수도권,서울,기존,2017,150,622,177,79,917428,835800,91.1
2018,0000175,0000175,중앙대학교,본교,대학,대학교,사립,사립,수도권,서울,기존,2017,3258,18366,3574,952,11230466,7274068,64.8
2018,0000180,0000180,총신대학교,본교,대학,대학교,사립,사립,수도권,서울,기존,2017,360,1785,521,122,1345201,0,0
2018,0000181,0000181,추계예술대학교,본교,대학,대학교,사립,사립,수도권,서울,기존,2017,269,1179,350,50,731428,100000,13.7
2018,0000079,0000079,케이씨대학교,본교,대학,대학교,사립,사립,수도권,서울,기존,2017,277,1444,265,43,449551,274787,61.1
2018,0000191,0000191,한국성서대학교,본교,대학,대학교,사립,사립,수도권,서울,기존,2017,223,1109,242,44,512961,380000,74.1
2018,0000192,0000192,한국외국어대학교,본교,대학,대학교,사립,사립,수도권,서울,기존,2017,3377,17345,3516,697,7915022,1060000,13.4
2018,0000200,0000200,한성대학교,본교,대학,대학교,사립,사립,수도권,서울,기존,2017,1458,6482,1452,256,3190473,902452,28.3
2018,0000203,0000203,한양대학교,본교,대학,대학교,사립,사립,수도권,서울,기존,2017,2804,15833,3511,1042,16003034,8204400,51.3
2018,0000212,0000212,홍익대학교,본교,대학,대학교,사립,사립,수도권,서울,기존,2017,2371,12203,2573,540,7044934,940000,13.3
2017,0000050,0000050,감리교신학대학교,본교,대학,대학교,사립,사립,수도권,서울,기존,2016,200,835,196,26,504830,510000,101
2017,0000052,0000052,건국대학교,본교,대학,대학교,사립,사립,수도권,서울,기존,2016,3000,15552,3676,702,11366060,8127239,71.5
2017,0000066,0000066,경희대학교,본교,대학,대학교,사립,사립,수도권,서울,기존,2016,4663,25197,5693,1452,15201594,9461661,62.2
2017,0000069,0000069,고려대학교,본교,대학,대학교,사립,사립,수도권,서울,기존,2016,3799,21110,4483,1449,20033217,11966086,59.7
2017,0000074,0000074,광운대학교,본교,대학,대학교,사립,사립,수도권,서울,기존,2016,1684,8213,2020,330,3680493,0,0
2017,0000078,0000078,국민대학교,본교,대학,대학교,사립,사립,수도권,서울,기존,2016,2863,14944,3405,648,6522718,4200000,64.4
2017,0000099,0000099,덕성여자대학교,본교,대학,대학교,사립,사립,수도권,서울,기존,2016,1210,5747,1306,195,2444327,2448224,100.2
2017,0000100,0000100,동국대학교,본교,대학,대학교,사립,사립,수도권,서울,기존,2016,2685,13701,3114,716,10621319,7194642,67.7
2017,0000102,0000102,동덕여자대학교,본교,대학,대학교,사립,사립,수도권,서울,기존,2016,1507,6763,1814,238,2631829,379371,14.4
2017,0000116,0000116,삼육대학교,본교,대학,대학교,사립,사립,수도권,서울,기존,2016,1158,5585,1396,220,2437442,1616000,66.3
2017,0000117,0000117,상명대학교,본교,대학,대학교,사립,사립,수도권,서울,기존,2016,1302,7106,1609,258,5455267,700000,12.8
2017,0000120,0000120,서강대학교,본교,대학,대학교,사립,사립,수도권,서울,기존,2016,1574,8119,1799,424,5548740,1200000,21.6
2017,0000121,0000121,서경대학교,본교,대학,대학교,사립,사립,수도권,서울,기존,2016,1367,6631,1469,223,2160920,1340000,62
2017,0000098,0000098,서울기독대학교,본교,대학,대학교,사립,사립,수도권,서울,기존,2016,149,573,126,33,270859,250000,92.3
2017,0000126,0000126,서울여자대학교,본교,대학,대학교,사립,사립,수도권,서울,기존,2016,1592,7243,1824,241,3012830,80000,2.7
2017,0000205,0000205,서울한영대학교,본교,대학,대학교,사립,사립,수도권,서울,기존,2016,180,714,175,42,348910,348910,100
2017,0000132,0000132,성공회대학교,본교,대학,대학교,사립,사립,수도권,서울,기존,2016,502,2159,513,83,865330,30000,3.5
2017,0000133,0000133,성균관대학교,본교,대학,대학교,사립,사립,수도권,서울,기존,2016,3303,19108,4227,1437,15132916,15133000,100
2017,0000136,0000136,성신여자대학교,본교,대학,대학교,사립,사립,수도권,서울,기존,2016,2060,9233,2432,331,3364130,60000,1.8
2017,0000138,0000138,세종대학교,본교,대학,대학교,사립,사립,수도권,서울,기존,2016,2320,11730,2596,483,5011228,500000,10
2017,0000141,0000141,숙명여자대학교,본교,대학,대학교,사립,사립,수도권,서울,기존,2016,2198,10257,2635,464,5348510,0,0
2017,0000143,0000143,숭실대학교,본교,대학,대학교,사립,사립,수도권,서울,기존,2016,2675,12926,3034,503,5397401,1073000,19.9
2017,0000149,0000149,연세대학교,본교,대학,대학교,사립,사립,수도권,서울,기존,2016,3384,19114,4229,1687,29851601,25518813,85.5
2017,0000163,0000163,이화여자대학교,본교,대학,대학교,사립,사립,수도권,서울,기존,2016,3004,15540,3429,997,11345534,6890684,60.7
2017,0000170,0000170,장로회신학대학교,본교,대학,대학교,사립,사립,수도권,서울,기존,2016,150,678,134,79,876403,942000,107.5
2017,0000175,0000175,중앙대학교,본교,대학,대학교,사립,사립,수도권,서울,기존,2016,3258,17665,3577,898,11012495,7174475,65.1
2017,0000180,0000180,총신대학교,본교,대학,대학교,사립,사립,수도권,서울,기존,2016,360,1906,493,126,1464462,183214,12.5
2017,0000181,0000181,추계예술대학교,본교,대학,대학교,사립,사립,수도권,서울,기존,2016,290,1249,255,49,658785,100000,15.2
2017,0000079,0000079,케이씨대학교,본교,대학,대학교,사립,사립,수도권,서울,기존,2016,310,1382,308,50,553226,177402,32.1
2017,0000191,0000191,한국성서대학교,본교,대학,대학교,사립,사립,수도권,서울,기존,2016,240,1074,217,46,501255,313728,62.6
2017,0000192,0000192,한국외국어대학교,본교,대학,대학교,사립,사립,수도권,서울,기존,2016,3377,17042,3844,693,7747745,200000,2.6
2017,0000200,0000200,한성대학교,본교,대학,대학교,사립,사립,수도권,서울,기존,2016,1458,6342,1490,257,2696125,400000,14.8
2017,0000203,0000203,한양대학교,본교,대학,대학교,사립,사립,수도권,서울,기존,2016,2804,15457,3673,1005,15099875,5332600,35.3
2017,0000212,0000212,홍익대학교,본교,대학,대학교,사립,사립,수도권,서울,기존,2016,2470,12039,2737,533,6659948,900000,13.5
2016,0000050,0000050,감리교신학대학교,본교,대학,대학교,사립,사립,수도권,서울,기존,2015,200,840,219,27,466605,474717,101.7
2016,0000052,0000052,건국대학교,본교,대학,대학교,사립,사립,수도권,서울,기존,2015,3000,15583,3809,712,11035472,7735677,70.1
2016,0000066,0000066,경희대학교,본교,대학,대학교,사립,사립,수도권,서울,기존,2015,4798,25508,5439,1419,14838028,9297132,62.7
2016,0000069,0000069,고려대학교,본교,대학,대학교,사립,사립,수도권,서울,기존,2015,3767,20416,4393,1446,18161438,10885591,59.9
2016,0000074,0000074,광운대학교,본교,대학,대학교,사립,사립,수도권,서울,기존,2015,1712,8502,2073,331,3076163,22422,0.7
2016,0000078,0000078,국민대학교,본교,대학,대학교,사립,사립,수도권,서울,기존,2015,2887,15162,3538,653,6177359,3850000,62.3
2016,0000099,0000099,덕성여자대학교,본교,대학,대학교,사립,사립,수도권,서울,기존,2015,1210,5888,1231,191,2554447,2555493,100
2016,0000100,0000100,동국대학교,본교,대학,대학교,사립,사립,수도권,서울,기존,2015,2685,13570,3140,672,10266429,6783000,66.1
2016,0000102,0000102,동덕여자대학교,본교,대학,대학교,사립,사립,수도권,서울,기존,2015,1507,7040,1928,238,2837484,330579,11.7
2016,0000116,0000116,삼육대학교,본교,대학,대학교,사립,사립,수도권,서울,기존,2015,1167,5630,1348,203,2147458,1324000,61.7
2016,0000117,0000117,상명대학교,본교,대학,대학교,사립,사립,수도권,서울,기존,2015,1316,7331,1615,263,5197291,680000,13.1
2016,0000120,0000120,서강대학교,본교,대학,대학교,사립,사립,수도권,서울,기존,2015,1600,7982,2276,434,5666888,110000,1.9
2016,0000121,0000121,서경대학교,본교,대학,대학교,사립,사립,수도권,서울,기존,2015,1410,6753,1448,222,2011807,1054000,52.4
2016,0000098,0000098,서울기독대학교,본교,대학,대학교,사립,사립,수도권,서울,기존,2015,161,589,155,32,308525,197000,63.9
2016,0000126,0000126,서울여자대학교,본교,대학,대학교,사립,사립,수도권,서울,기존,2015,1592,7624,1825,242,2818860,141901,5
2016,0000132,0000132,성공회대학교,본교,대학,대학교,사립,사립,수도권,서울,기존,2015,513,2161,478,84,804285,210000,26.1
2016,0000133,0000133,성균관대학교,본교,대학,대학교,사립,사립,수도권,서울,기존,2015,3319,19224,4417,1426,14064252,14065000,100
2016,0000136,0000136,성신여자대학교,본교,대학,대학교,사립,사립,수도권,서울,기존,2015,2060,9620,2409,332,3296104,100000,3
2016,0000138,0000138,세종대학교,본교,대학,대학교,사립,사립,수도권,서울,기존,2015,2320,11499,2502,447,4608007,227424,4.9
2016,0000141,0000141,숙명여자대학교,본교,대학,대학교,사립,사립,수도권,서울,기존,2015,2198,10492,2528,470,5042759,0,0
2016,0000143,0000143,숭실대학교,본교,대학,대학교,사립,사립,수도권,서울,기존,2015,2675,12757,3149,494,5047656,509601,10.1
2016,0000149,0000149,연세대학교,본교,대학,대학교,사립,사립,수도권,서울,기존,2015,3366,19465,4414,1648,28567917,24355191,85.3
2016,0000163,0000163,이화여자대학교,본교,대학,대학교,사립,사립,수도권,서울,기존,2015,3027,15315,3504,1001,11286748,6916000,61.3
2016,0000170,0000170,장로회신학대학교,본교,대학,대학교,사립,사립,수도권,서울,기존,2015,150,681,160,78,1008320,1164968,115.5
2016,0000175,0000175,중앙대학교,본교,대학,대학교,사립,사립,수도권,서울,기존,2015,3232,17002,3495,881,9979838,6441170,64.5
2016,0000180,0000180,총신대학교,본교,대학,대학교,사립,사립,수도권,서울,기존,2015,360,2026,482,129,1186182,239243,20.2
2016,0000181,0000181,추계예술대학교,본교,대학,대학교,사립,사립,수도권,서울,기존,2015,290,1208,288,49,702254,100000,14.2
2016,0000079,0000079,케이씨대학교,본교,대학,대학교,사립,사립,수도권,서울,기존,2015,310,1433,295,52,451008,267582,59.3
2016,0000191,0000191,한국성서대학교,본교,대학,대학교,사립,사립,수도권,서울,기존,2015,240,1022,289,45,435549,334137,76.7
2016,0000192,0000192,한국외국어대학교,본교,대학,대학교,사립,사립,수도권,서울,기존,2015,3377,16715,4177,687,7117634,4395000,61.7
2016,0000200,0000200,한성대학교,본교,대학,대학교,사립,사립,수도권,서울,기존,2015,1480,6651,1593,260,2406097,505000,21
2016,0000203,0000203,한양대학교,본교,대학,대학교,사립,사립,수도권,서울,기존,2015,2817,15499,3696,1012,14915275,4806362,32.2
2016,0000205,0000205,한영신학대학교,본교,대학,대학교,사립,사립,수도권,서울,기존,2015,200,752,169,43,320076,320076,100
2016,0000212,0000212,홍익대학교,본교,대학,대학교,사립,사립,수도권,서울,기존,2015,2470,12145,2834,526,6177063,900000,14.6
2015,0000050,0000050,감리교신학대학교,본교,대학,대학교,사립,사립,수도권,서울,기존,2014,200,858,234,29,382205,395800,103.6
2015,0000052,0000052,건국대학교,본교,대학,대학교,사립,사립,수도권,서울,기존,2014,3000,15698,3749,706,9852213,6510272,66.1
2015,0000066,0000066,경희대학교,본교,대학,대학교,사립,사립,수도권,서울,기존,2014,4915,25259,5569,1421,13856688,8231262,59.4
2015,0000069,0000069,고려대학교,본교,대학,대학교,사립,사립,수도권,서울,기존,2014,3767,20254,4215,1439,16787551,9968104,59.4
2015,0000074,0000074,광운대학교,본교,대학,대학교,사립,사립,수도권,서울,기존,2014,1755,8751,2428,331,2972512,82649,2.8
2015,0000078,0000078,국민대학교,본교,대학,대학교,사립,사립,수도권,서울,기존,2014,2983,15617,3329,633,5422967,3080000,56.8
2015,0000099,0000099,덕성여자대학교,본교,대학,대학교,사립,사립,수도권,서울,기존,2014,1210,6094,1634,199,2236597,2237479,100
2015,0000100,0000100,동국대학교,본교,대학,대학교,사립,사립,수도권,서울,기존,2014,2685,13759,2922,683,9490580,6111000,64.4
2015,0000102,0000102,동덕여자대학교,본교,대학,대학교,사립,사립,수도권,서울,기존,2014,1574,7918,1724,241,2633427,318000,12.1
2015,0000116,0000116,삼육대학교,본교,대학,대학교,사립,사립,수도권,서울,기존,2014,1207,5751,1393,191,1954044,1139600,58.3
2015,0000117,0000117,상명대학교,본교,대학,대학교,사립,사립,수도권,서울,기존,2014,1344,7275,1377,261,4870664,450000,9.2
2015,0000120,0000120,서강대학교,본교,대학,대학교,사립,사립,수도권,서울,기존,2014,1640,8001,1881,439,5026530,121531,2.4
2015,0000121,0000121,서경대학교,본교,대학,대학교,사립,사립,수도권,서울,기존,2014,1410,6745,1377,211,1754055,870000,49.6
2015,0000098,0000098,서울기독대학교,본교,대학,대학교,사립,사립,수도권,서울,기존,2014,161,673,126,33,248583,128000,51.5
2015,0000126,0000126,서울여자대학교,본교,대학,대학교,사립,사립,수도권,서울,기존,2014,1643,7770,1853,246,2751686,350000,12.7
2015,0000132,0000132,성공회대학교,본교,대학,대학교,사립,사립,수도권,서울,기존,2014,513,2335,512,83,829427,250000,30.1
2015,0000133,0000133,성균관대학교,본교,대학,대학교,사립,사립,수도권,서울,기존,2014,3432,19357,4193,1423,12033690,12034000,100
2015,0000136,0000136,성신여자대학교,본교,대학,대학교,사립,사립,수도권,서울,기존,2014,2216,9962,2366,345,2917643,116000,4
2015,0000138,0000138,세종대학교,본교,대학,대학교,사립,사립,수도권,서울,기존,2014,2320,11293,2412,442,4067004,809000,19.9
2015,0000141,0000141,숙명여자대학교,본교,대학,대학교,사립,사립,수도권,서울,기존,2014,2198,10674,2400,453,4597620,35000,0.8
2015,0000143,0000143,숭실대학교,본교,대학,대학교,사립,사립,수도권,서울,기존,2014,2675,12935,2970,488,4718820,561000,11.9
2015,0000149,0000149,연세대학교,본교,대학,대학교,사립,사립,수도권,서울,기존,2014,3366,19546,4298,1637,25202195,21084029,83.7
2015,0000163,0000163,이화여자대학교,본교,대학,대학교,사립,사립,수도권,서울,기존,2014,3027,15183,3322,1004,10231529,5670000,55.4
2015,0000170,0000170,장로회신학대학교,본교,대학,대학교,사립,사립,수도권,서울,기존,2014,150,683,177,79,836598,593400,70.9
2015,0000175,0000175,중앙대학교,본교,대학,대학교,사립,사립,수도권,서울,기존,2014,3232,16547,3070,881,9594863,5930398,61.8
2015,0000180,0000180,총신대학교,본교,대학,대학교,사립,사립,수도권,서울,기존,2014,360,2026,441,123,1158840,218000,18.8
2015,0000181,0000181,추계예술대학교,본교,대학,대학교,사립,사립,수도권,서울,기존,2014,290,1196,299,49,586894,177306,30.2
2015,0000079,0000079,케이씨대학교,본교,대학,대학교,사립,사립,수도권,서울,기존,2014,330,1455,279,51,439935,10000,2.3
2015,0000191,0000191,한국성서대학교,본교,대학,대학교,사립,사립,수도권,서울,기존,2014,240,1126,300,48,384716,263996,68.6
2015,0000192,0000192,한국외국어대학교,본교,대학,대학교,사립,사립,수도권,서울,기존,2014,3377,16629,3849,692,6185390,3832958,62
2015,0000200,0000200,한성대학교,본교,대학,대학교,사립,사립,수도권,서울,기존,2014,1539,7031,1616,265,2356476,252690,10.7
2015,0000203,0000203,한양대학교,본교,대학,대학교,사립,사립,수도권,서울,기존,2014,2888,15269,3556,1009,13517090,4186485,31
2015,0000205,0000205,한영신학대학교,본교,대학,대학교,사립,사립,수도권,서울,기존,2014,200,791,166,43,260324,260324,100
2015,0000212,0000212,홍익대학교,본교,대학,대학교,사립,사립,수도권,서울,기존,2014,2470,11938,2641,526,5626675,1040000,18.5
2014,0000050,0000050,감리교신학대학교,본교,대학,대학교,사립,사립,수도권,서울,기존,2013,200,910,189,29,379522,384500,101.3
2014,0000052,0000052,건국대학교,본교,대학,대학교,사립,사립,수도권,서울,기존,2013,3000,15829,3644,676,8769005,8769005,100
2014,0000066,0000066,경희대학교,본교,대학,대학교,사립,사립,수도권,서울,기존,2013,4820,24966,5433,1449,11193418,7301868,65.2
2014,0000069,0000069,고려대학교,본교,대학,대학교,사립,사립,수도권,서울,기존,2013,3793,20090,4071,1431,14559245,8670591,59.6
2014,0000074,0000074,광운대학교,본교,대학,대학교,사립,사립,수도권,서울,기존,2013,1755,9265,1845,324,2663743,332158,12.5
2014,0000078,0000078,국민대학교,본교,대학,대학교,사립,사립,수도권,서울,기존,2013,2983,15493,3186,623,4784711,2850000,59.6
2014,0000079,0000079,그리스도대학교,본교,대학,대학교,사립,사립,수도권,서울,기존,2013,330,1385,285,49,387477,79647,20.6
2014,0000099,0000099,덕성여자대학교,본교,대학,대학교,사립,사립,수도권,서울,기존,2013,1210,6311,1421,191,1999273,1999286,100
2014,0000100,0000100,동국대학교,본교,대학,대학교,사립,사립,수도권,서울,기존,2013,2685,13627,2852,676,8231916,2000000,24.3
2014,0000102,0000102,동덕여자대학교,본교,대학,대학교,사립,사립,수도권,서울,기존,2013,1657,8092,1697,245,2258434,260000,11.5
2014,0000116,0000116,삼육대학교,본교,대학,대학교,사립,사립,수도권,서울,기존,2013,1212,5875,1225,190,1819799,1064862,58.5
2014,0000117,0000117,상명대학교,본교,대학,대학교,사립,사립,수도권,서울,기존,2013,1400,6947,1445,250,4339099,450000,10.4
2014,0000120,0000120,서강대학교,본교,대학,대학교,사립,사립,수도권,서울,기존,2013,1640,8150,1777,441,4642792,500000,10.8
2014,0000121,0000121,서경대학교,본교,대학,대학교,사립,사립,수도권,서울,기존,2013,1410,6702,1259,202,1589696,840000,52.8
2014,0000098,0000098,서울기독대학교,본교,대학,대학교,사립,사립,수도권,서울,기존,2013,161,682,177,32,225631,127000,56.3
2014,0000126,0000126,서울여자대학교,본교,대학,대학교,사립,사립,수도권,서울,기존,2013,1730,8053,1804,245,2434758,91500,3.8
2014,0000132,0000132,성공회대학교,본교,대학,대학교,사립,사립,수도권,서울,기존,2013,540,2302,480,84,730503,300000,41.1
2014,0000133,0000133,성균관대학교,본교,대학,대학교,사립,사립,수도권,서울,기존,2013,3442,19439,4053,1396,10876238,12669000,116.5
2014,0000136,0000136,성신여자대학교,본교,대학,대학교,사립,사립,수도권,서울,기존,2013,2216,10365,2359,300,2623207,111000,4.2
2014,0000138,0000138,세종대학교,본교,대학,대학교,사립,사립,수도권,서울,기존,2013,2320,11287,2384,431,3722852,1000000,26.9
2014,0000141,0000141,숙명여자대학교,본교,대학,대학교,사립,사립,수도권,서울,기존,2013,2198,10804,2047,455,4228145,60541,1.4
2014,0000143,0000143,숭실대학교,본교,대학,대학교,사립,사립,수도권,서울,기존,2013,2675,13352,2980,494,4398182,1760000,40
2014,0000149,0000149,연세대학교,본교,대학,대학교,사립,사립,수도권,서울,기존,2013,3408,19227,4178,1635,21688080,18933700,87.3
2014,0000163,0000163,이화여자대학교,본교,대학,대학교,사립,사립,수도권,서울,기존,2013,2989,16166,3175,997,9317742,5170000,55.5
2014,0000170,0000170,장로회신학대학교,본교,대학,대학교,사립,사립,수도권,서울,기존,2013,150,666,152,80,769191,550000,71.5
2014,0000175,0000175,중앙대학교,본교,대학,대학교,사립,사립,수도권,서울,기존,2013,3145,15696,2751,818,8818088,5323581,60.4
2014,0000180,0000180,총신대학교,본교,대학,대학교,사립,사립,수도권,서울,기존,2013,360,2012,432,126,1067957,122105,11.4
2014,0000181,0000181,추계예술대학교,본교,대학,대학교,사립,사립,수도권,서울,기존,2013,290,1195,271,49,509354,130000,25.5
2014,0000191,0000191,한국성서대학교,본교,대학,대학교,사립,사립,수도권,서울,기존,2013,240,1203,241,46,359465,287887,80.1
2014,0000192,0000192,한국외국어대학교,본교,대학,대학교,사립,사립,수도권,서울,기존,2013,3377,16795,1714,649,5541184,3300000,59.6
2014,0000200,0000200,한성대학교,본교,대학,대학교,사립,사립,수도권,서울,기존,2013,1620,7214,1636,264,2167487,218680,10.1
2014,0000203,0000203,한양대학교,본교,대학,대학교,사립,사립,수도권,서울,기존,2013,2915,15477,3772,1005,12024317,7238120,60.2
2014,0000205,0000205,한영신학대학교,본교,대학,대학교,사립,사립,수도권,서울,기존,2013,200,776,162,41,231883,231883,100
2014,0000212,0000212,홍익대학교,본교,대학,대학교,사립,사립,수도권,서울,기존,2013,2470,12057,2289,523,5121343,1040000,20.3
2013,0000050,0000050,감리교신학대학교,본교,대학,대학교,사립,사립,수도권,서울,기존,2012,200,886,220,33,381787,383000,100.3
2013,0000052,0000052,건국대학교,본교,대학,대학교,사립,사립,수도권,서울,기존,2012,3000,16789,3367,636,8198138,8198138,100
2013,0000066,0000066,경희대학교,본교,대학,대학교,사립,사립,수도권,서울,기존,2012,4820,24906,5506,1481,10409416,10399836,99.9
2013,0000069,0000069,고려대학교,본교,대학,대학교,사립,사립,수도권,서울,기존,2012,3793,20105,4043,1440,13709414,8269976,60.3
2013,0000074,0000074,광운대학교,본교,대학,대학교,사립,사립,수도권,서울,기존,2012,1755,9077,1664,326,2500872,300000,12
2013,0000078,0000078,국민대학교,본교,대학,대학교,사립,사립,수도권,서울,기존,2012,2983,15407,3099,603,4452826,2600000,58.4
2013,0000079,0000079,그리스도대학교,본교,대학,대학교,사립,사립,수도권,서울,기존,2012,330,1427,432,49,377424,151257,40.1
2013,0000099,0000099,덕성여자대학교,본교,대학,대학교,사립,사립,수도권,서울,기존,2012,1210,6431,1205,187,1910944,1912406,100.1
2013,0000100,0000100,동국대학교,본교,대학,대학교,사립,사립,수도권,서울,기존,2012,2685,13858,2925,667,8485202,2000000,23.6
2013,0000102,0000102,동덕여자대학교,본교,대학,대학교,사립,사립,수도권,서울,기존,2012,1657,8089,1538,241,2554870,280000,11
2013,0000116,0000116,삼육대학교,본교,대학,대학교,사립,사립,수도권,서울,기존,2012,1212,5697,1134,184,1639343,1030000,62.8
2013,0000117,0000117,상명대학교,본교,대학,대학교,사립,사립,수도권,서울,기존,2012,1400,6670,1407,224,4129464,610000,14.8
2013,0000120,0000120,서강대학교,본교,대학,대학교,사립,사립,수도권,서울,기존,2012,1640,8377,1781,447,4333700,500000,11.5
2013,0000121,0000121,서경대학교,본교,대학,대학교,사립,사립,수도권,서울,기존,2012,1410,6625,1405,199,1408989,882706,62.6
2013,0000098,0000098,서울기독대학교,본교,대학,대학교,사립,사립,수도권,서울,기존,2012,161,734,146,32,221908,174000,78.4
2013,0000126,0000126,서울여자대학교,본교,대학,대학교,사립,사립,수도권,서울,기존,2012,1730,8050,1688,244,2154169,70500,3.3
2013,0000132,0000132,성공회대학교,본교,대학,대학교,사립,사립,수도권,서울,기존,2012,540,2369,511,82,703389,140000,19.9
2013,0000133,0000133,성균관대학교,본교,대학,대학교,사립,사립,수도권,서울,기존,2012,3507,19365,4095,1388,10059133,9887000,98.3
2013,0000136,0000136,성신여자대학교,본교,대학,대학교,사립,사립,수도권,서울,기존,2012,2216,10414,2340,334,2424117,119306,4.9
2013,0000138,0000138,세종대학교,본교,대학,대학교,사립,사립,수도권,서울,기존,2012,2320,11158,2398,418,3517829,1430000,40.7
2013,0000141,0000141,숙명여자대학교,본교,대학,대학교,사립,사립,수도권,서울,기존,2012,2198,10882,2058,466,4044642,271757,6.7
2013,0000143,0000143,숭실대학교,본교,대학,대학교,사립,사립,수도권,서울,기존,2012,2675,14021,2578,515,4062717,414846,10.2
2013,0000149,0000149,연세대학교,본교,대학,대학교,사립,사립,수도권,서울,기존,2012,3408,19226,4088,1600,19877902,17429159,87.7
2013,0000163,0000163,이화여자대학교,본교,대학,대학교,사립,사립,수도권,서울,기존,2012,2989,16083,3151,997,8719468,8730000,100.1
2013,0000170,0000170,장로회신학대학교,본교,대학,대학교,사립,사립,수도권,서울,기존,2012,150,663,162,75,726436,695395,95.7
2013,0000175,0000175,중앙대학교,본교,대학,대학교,사립,사립,수도권,서울,기존,2012,2783,14507,2949,782,8544710,5209940,61
2013,0000180,0000180,총신대학교,본교,대학,대학교,사립,사립,수도권,서울,기존,2012,360,1888,385,122,1484991,100000,6.7
2013,0000181,0000181,추계예술대학교,본교,대학,대학교,사립,사립,수도권,서울,기존,2012,290,1233,305,48,502928,100000,19.9
2013,0000191,0000191,한국성서대학교,본교,대학,대학교,사립,사립,수도권,서울,기존,2012,240,1164,244,45,356160,250232,70.3
2013,0000192,0000192,한국외국어대학교,본교,대학,대학교,사립,사립,수도권,서울,기존,2012,1676,9041,1686,382,5181514,1200000,23.2
2013,0000200,0000200,한성대학교,본교,대학,대학교,사립,사립,수도권,서울,기존,2012,1620,7321,1617,262,1976123,4000,0.2
2013,0000203,0000203,한양대학교,본교,대학,대학교,사립,사립,수도권,서울,기존,2012,2915,15577,3691,1033,11760712,7132257,60.6
2013,0000205,0000205,한영신학대학교,본교,대학,대학교,사립,사립,수도권,서울,기존,2012,200,763,167,41,215668,215668,100
2013,0000212,0000212,홍익대학교,본교,대학,대학교,사립,사립,수도권,서울,기존,2012,2470,12057,2404,513,5014086,1040000,20.7
2012,0000050,0000050,감리교신학대학교,본교,대학,대학교,사립,사립,수도권,서울,기존,2011,200,910,201,34,353158,359258,101.7
2012,0000052,0000052,건국대학교,본교,대학,대학교,사립,사립,수도권,서울,기존,2011,3000,16669,3102,619,7943081,7943081,100
2012,0000066,0000066,경희대학교,본교,대학,대학교,사립,사립,수도권,서울,기존,2011,4860,25356,5357,1418,9881130,9881130,100
2012,0000069,0000069,고려대학교,본교,대학,대학교,사립,사립,수도권,서울,기존,2011,3772,20226,4322,1372,12424123,5000000,40.2
2012,0000074,0000074,광운대학교,본교,대학,대학교,사립,사립,수도권,서울,기존,2011,1755,8949,1672,286,2299455,0,0
2012,0000078,0000078,국민대학교,본교,대학,대학교,사립,사립,수도권,서울,기존,2011,2983,15180,3161,461,4162562,800000,19.2
2012,0000079,0000079,그리스도대학교,본교,대학,대학교,사립,사립,수도권,서울,기존,2011,330,1556,314,45,327446,327446,100
2012,0000099,0000099,덕성여자대학교,본교,대학,대학교,사립,사립,수도권,서울,기존,2011,1290,6206,1188,179,1725945,1726582,100
2012,0000100,0000100,동국대학교,본교,대학,대학교,사립,사립,수도권,서울,기존,2011,2715,14010,2827,664,8256834,2000000,24.2
2012,0000102,0000102,동덕여자대학교,본교,대학,대학교,사립,사립,수도권,서울,기존,2011,1697,7790,1597,235,2468782,260000,10.5
2012,0000116,0000116,삼육대학교,본교,대학,대학교,사립,사립,수도권,서울,기존,2011,1242,5546,1109,178,1382566,100000,7.2
2012,0000117,0000117,상명대학교,본교,대학,대학교,사립,사립,수도권,서울,기존,2011,1400,6574,1478,220,3420192,379000,11.1
2012,0000120,0000120,서강대학교,본교,대학,대학교,사립,사립,수도권,서울,기존,2011,1640,8440,1793,415,4009308,100000,2.5
2012,0000121,0000121,서경대학교,본교,대학,대학교,사립,사립,수도권,서울,기존,2011,1410,6608,1374,196,1180142,801000,67.9
2012,0000098,0000098,서울기독대학교,본교,대학,대학교,사립,사립,수도권,서울,기존,2011,170,760,120,30,191386,130000,67.9
2012,0000126,0000126,서울여자대학교,본교,대학,대학교,사립,사립,수도권,서울,기존,2011,1730,8180,1708,239,1950232,30000,1.5
2012,0000132,0000132,성공회대학교,본교,대학,대학교,사립,사립,수도권,서울,기존,2011,540,2368,496,85,677179,37920,5.6
2012,0000133,0000133,성균관대학교,본교,대학,대학교,사립,사립,수도권,서울,기존,2011,3499,19290,4283,1316,9220023,9069000,98.4
2012,0000136,0000136,성신여자대학교,본교,대학,대학교,사립,사립,수도권,서울,기존,2011,2216,10400,2250,324,2320936,10000,0.4
2012,0000138,0000138,세종대학교,본교,대학,대학교,사립,사립,수도권,서울,기존,2011,2320,11195,2572,394,3295383,1000000,30.3
2012,0000141,0000141,숙명여자대학교,본교,대학,대학교,사립,사립,수도권,서울,기존,2011,2278,11065,2230,460,3615709,0,0
2012,0000143,0000143,숭실대학교,본교,대학,대학교,사립,사립,수도권,서울,기존,2011,2675,14383,2551,488,3622883,170000,4.7
2012,0000149,0000149,연세대학교,본교,대학,대학교,사립,사립,수도권,서울,기존,2011,3404,19066,4245,1580,18269272,15263074,83.5
2012,0000163,0000163,이화여자대학교,본교,대학,대학교,사립,사립,수도권,서울,기존,2011,3109,15732,3285,962,7859043,7860000,100
2012,0000170,0000170,장로회신학대학교,본교,대학,대학교,사립,사립,수도권,서울,기존,2011,150,674,176,78,1346434,640968,47.6
2012,0000175,0000175,중앙대학교,본교,대학,대학교,사립,사립,수도권,서울,기존,2011,2886,13943,3011,798,8086119,0,0
2012,0000180,0000180,총신대학교,본교,대학,대학교,사립,사립,수도권,서울,기존,2011,360,1759,435,92,1567066,0,0
2012,0000181,0000181,추계예술대학교,본교,대학,대학교,사립,사립,수도권,서울,기존,2011,290,1221,299,52,405120,140000,34.6
2012,0000191,0000191,한국성서대학교,본교,대학,대학교,사립,사립,수도권,서울,기존,2011,240,1123,197,39,294022,177000,60.2
2012,0000192,0000192,한국외국어대학교,본교,대학,대학교,사립,사립,수도권,서울,기존,2011,1676,8981,1665,381,5002649,400000,8
2012,0000200,0000200,한성대학교,본교,대학,대학교,사립,사립,수도권,서울,기존,2011,1620,7376,1440,262,2194035,4000,0.2
2012,0000203,0000203,한양대학교,본교,대학,대학교,사립,사립,수도권,서울,기존,2011,2893,15634,3757,987,10586282,9134600,86.3
2012,0000205,0000205,한영신학대학교,본교,대학,대학교,사립,사립,수도권,서울,기존,2011,200,757,152,41,180075,180076,100
2012,0000212,0000212,홍익대학교,본교,대학,대학교,사립,사립,수도권,서울,기존,2011,2470,11966,2328,511,4544537,200000,4.4
