기준년도,학교명,평가주기,설립구분,지역,통합지표값,원자료지표값,재계산지표값,분자,분모,단위,원본파일명,직원1인당학생수
2015,감리교신학대학교,2,사립,서울,44.28571,44.28571,44.28571,1550.0,35.0,students_per_staff,2주기 2015년도 대학현황지표 - 20260427111443.xlsx,44.28571
2015,강서대학교,2,사립,서울,41.82051,41.82051,41.82051,1631.0,39.0,students_per_staff,2주기 2015년도 대학현황지표 - 20260427111443.xlsx,41.82051
2015,건국대학교,2,사립,서울,45.14447,45.14446,45.14447,19999.0,443.0,students_per_staff,2주기 2015년도 대학현황지표 - 20260427111443.xlsx,45.14447
2015,경희대학교,2,사립,서울,35.29015,35.29014,35.29015,32961.0,934.0,students_per_staff,2주기 2015년도 대학현황지표 - 20260427111443.xlsx,35.29015
2015,고려대학교,2,사립,서울,39.45321,39.4532,39.45321,29511.0,748.0,students_per_staff,2주기 2015년도 대학현황지표 - 20260427111443.xlsx,39.45321
2015,광운대학교,2,사립,서울,47.89573,47.89573,47.89573,10106.0,211.0,students_per_staff,2주기 2015년도 대학현황지표 - 20260427111443.xlsx,47.89573
2015,국민대학교,2,사립,서울,42.31891,42.3189,42.31891,18578.0,439.0,students_per_staff,2주기 2015년도 대학현황지표 - 20260427111443.xlsx,42.31891
2015,덕성여자대학교,2,사립,서울,49.80153,49.80152,49.80153,6524.0,131.0,students_per_staff,2주기 2015년도 대학현황지표 - 20260427111443.xlsx,49.80153
2015,동국대학교,2,사립,서울,51.60058,51.60058,51.60058,17699.0,343.0,students_per_staff,2주기 2015년도 대학현황지표 - 20260427111443.xlsx,51.60058
2015,동덕여자대학교,2,사립,서울,69.94958,69.94957,69.94958,8324.0,119.0,students_per_staff,2주기 2015년도 대학현황지표 - 20260427111443.xlsx,69.94958
2015,삼육대학교,2,사립,서울,26.4026,26.40259,26.4026,6099.0,231.0,students_per_staff,2주기 2015년도 대학현황지표 - 20260427111443.xlsx,26.4026
2015,상명대학교,2,사립,서울,51.34932,51.34931,51.34932,14994.0,292.0,students_per_staff,2주기 2015년도 대학현황지표 - 20260427111443.xlsx,51.34932
2015,서강대학교,2,사립,서울,43.0717,43.07169,43.0717,11414.0,265.0,students_per_staff,2주기 2015년도 대학현황지표 - 20260427111443.xlsx,43.0717
2015,서경대학교,2,사립,서울,61.0339,61.03389,61.0339,7202.0,118.0,students_per_staff,2주기 2015년도 대학현황지표 - 20260427111443.xlsx,61.0339
2015,서울기독대학교,2,사립,서울,31.46429,31.46428,31.46429,881.0,28.0,students_per_staff,2주기 2015년도 대학현황지표 - 20260427111443.xlsx,31.46429
2015,서울여자대학교,2,사립,서울,33.893,33.893,33.893,8236.0,243.0,students_per_staff,2주기 2015년도 대학현황지표 - 20260427111443.xlsx,33.893
2015,서울한영대학교,2,사립,서울,23.93478,23.93478,23.93478,1101.0,46.0,students_per_staff,2주기 2015년도 대학현황지표 - 20260427111443.xlsx,23.93478
2015,성공회대학교,2,사립,서울,36.38356,36.38356,36.38356,2656.0,73.0,students_per_staff,2주기 2015년도 대학현황지표 - 20260427111443.xlsx,36.38356
2015,성균관대학교,2,사립,서울,59.0262,59.0262,59.0262,27034.0,458.0,students_per_staff,2주기 2015년도 대학현황지표 - 20260427111443.xlsx,59.0262
2015,성신여자대학교,2,사립,서울,44.45082,44.45081,44.45082,10846.0,244.0,students_per_staff,2주기 2015년도 대학현황지표 - 20260427111443.xlsx,44.45082
2015,세종대학교,2,사립,서울,89.62745,89.62745,89.62745,13713.0,153.0,students_per_staff,2주기 2015년도 대학현황지표 - 20260427111443.xlsx,89.62745
2015,숙명여자대학교,2,사립,서울,48.22222,48.22222,48.22222,13020.0,270.0,students_per_staff,2주기 2015년도 대학현황지표 - 20260427111443.xlsx,48.22222
2015,숭실대학교,2,사립,서울,62.68548,62.68548,62.68548,15546.0,248.0,students_per_staff,2주기 2015년도 대학현황지표 - 20260427111443.xlsx,62.68548
2015,연세대학교,2,사립,서울,36.22648,36.22648,36.22648,31191.0,861.0,students_per_staff,2주기 2015년도 대학현황지표 - 20260427111443.xlsx,36.22648
2015,이화여자대학교,2,사립,서울,40.5239,40.5239,40.5239,21194.0,523.0,students_per_staff,2주기 2015년도 대학현황지표 - 20260427111443.xlsx,40.5239
2015,장로회신학대학교,2,사립,서울,46.45833,46.45833,46.45833,2230.0,48.0,students_per_staff,2주기 2015년도 대학현황지표 - 20260427111443.xlsx,46.45833
2015,중앙대학교,2,사립,서울,45.1907,45.19069,45.1907,29148.0,645.0,students_per_staff,2주기 2015년도 대학현황지표 - 20260427111443.xlsx,45.1907
2015,총신대학교,2,사립,서울,55.25,55.25,55.25,3978.0,72.0,students_per_staff,2주기 2015년도 대학현황지표 - 20260427111443.xlsx,55.25
2015,추계예술대학교,2,사립,서울,35.30769,35.30769,35.30769,1377.0,39.0,students_per_staff,2주기 2015년도 대학현황지표 - 20260427111443.xlsx,35.30769
2015,한국성서대학교,2,사립,서울,22.53448,22.53448,22.53448,1307.0,58.0,students_per_staff,2주기 2015년도 대학현황지표 - 20260427111443.xlsx,22.53448
2015,한국외국어대학교,2,사립,서울,56.15294,56.15294,56.15294,19092.0,340.0,students_per_staff,2주기 2015년도 대학현황지표 - 20260427111443.xlsx,56.15294
2015,한성대학교,2,사립,서울,70.6036,70.6036,70.6036,7837.0,111.0,students_per_staff,2주기 2015년도 대학현황지표 - 20260427111443.xlsx,70.6036
2015,한양대학교,2,사립,서울,33.3707,33.3707,33.3707,22325.0,669.0,students_per_staff,2주기 2015년도 대학현황지표 - 20260427111443.xlsx,33.3707
2015,홍익대학교,2,사립,서울,50.27045,50.27045,50.27045,22119.0,440.0,students_per_staff,2주기 2015년도 대학현황지표 - 20260427111443.xlsx,50.27045
2016,감리교신학대학교,2,사립,서울,45.02857,45.02857,45.02857,1576.0,35.0,students_per_staff,2주기 2016년도 대학현황지표 - 20260427111439.xlsx,45.02857
2016,강서대학교,2,사립,서울,36.45455,36.45454,36.45455,1604.0,44.0,students_per_staff,2주기 2016년도 대학현황지표 - 20260427111439.xlsx,36.45455
2016,건국대학교,2,사립,서울,44.62332,44.62331,44.62332,19902.0,446.0,students_per_staff,2주기 2016년도 대학현황지표 - 20260427111439.xlsx,44.62332
2016,경희대학교,2,사립,서울,38.70732,38.70731,38.70732,33327.0,861.0,students_per_staff,2주기 2016년도 대학현황지표 - 20260427111439.xlsx,38.70732
2016,고려대학교,2,사립,서울,34.63072,34.63071,34.63072,29540.0,853.0,students_per_staff,2주기 2016년도 대학현황지표 - 20260427111439.xlsx,34.63072
2016,광운대학교,2,사립,서울,45.40278,45.40277,45.40278,9807.0,216.0,students_per_staff,2주기 2016년도 대학현황지표 - 20260427111439.xlsx,45.40278
2016,국민대학교,2,사립,서울,43.08531,43.0853,43.08531,18182.0,422.0,students_per_staff,2주기 2016년도 대학현황지표 - 20260427111439.xlsx,43.08531
2016,덕성여자대학교,2,사립,서울,46.89552,46.89552,46.89552,6284.0,134.0,students_per_staff,2주기 2016년도 대학현황지표 - 20260427111439.xlsx,46.89552
2016,동국대학교,2,사립,서울,56.35714,56.35714,56.35714,17358.0,308.0,students_per_staff,2주기 2016년도 대학현황지표 - 20260427111439.xlsx,56.35714
2016,동덕여자대학교,2,사립,서울,62.15966,62.15966,62.15966,7397.0,119.0,students_per_staff,2주기 2016년도 대학현황지표 - 20260427111439.xlsx,62.15966
2016,삼육대학교,2,사립,서울,26.93274,26.93273,26.93274,6006.0,223.0,students_per_staff,2주기 2016년도 대학현황지표 - 20260427111439.xlsx,26.93274
2016,상명대학교,2,사립,서울,49.50993,49.50993,49.50993,14952.0,302.0,students_per_staff,2주기 2016년도 대학현황지표 - 20260427111439.xlsx,49.50993
2016,서강대학교,2,사립,서울,42.16604,42.16603,42.16604,11174.0,265.0,students_per_staff,2주기 2016년도 대학현황지표 - 20260427111439.xlsx,42.16604
2016,서경대학교,2,사립,서울,63.07018,63.07017,63.07018,7190.0,114.0,students_per_staff,2주기 2016년도 대학현황지표 - 20260427111439.xlsx,63.07018
2016,서울기독대학교,2,사립,서울,26.24138,26.24137,26.24138,761.0,29.0,students_per_staff,2주기 2016년도 대학현황지표 - 20260427111439.xlsx,26.24138
2016,서울여자대학교,2,사립,서울,29.51648,29.51648,29.51648,8058.0,273.0,students_per_staff,2주기 2016년도 대학현황지표 - 20260427111439.xlsx,29.51648
2016,서울한영대학교,2,사립,서울,23.19149,23.19148,23.19149,1090.0,47.0,students_per_staff,2주기 2016년도 대학현황지표 - 20260427111439.xlsx,23.19149
2016,성공회대학교,2,사립,서울,34.0,34.0,34.0,2516.0,74.0,students_per_staff,2주기 2016년도 대학현황지표 - 20260427111439.xlsx,34.0
2016,성균관대학교,2,사립,서울,64.38164,64.38164,64.38164,26654.0,414.0,students_per_staff,2주기 2016년도 대학현황지표 - 20260427111439.xlsx,64.38164
2016,성신여자대학교,2,사립,서울,42.63265,42.63265,42.63265,10445.0,245.0,students_per_staff,2주기 2016년도 대학현황지표 - 20260427111439.xlsx,42.63265
2016,세종대학교,2,사립,서울,83.64072,83.64071,83.64072,13968.0,167.0,students_per_staff,2주기 2016년도 대학현황지표 - 20260427111439.xlsx,83.64072
2016,숙명여자대학교,2,사립,서울,44.51389,44.51388,44.51389,12820.0,288.0,students_per_staff,2주기 2016년도 대학현황지표 - 20260427111439.xlsx,44.51389
2016,숭실대학교,2,사립,서울,58.77481,58.7748,58.77481,15399.0,262.0,students_per_staff,2주기 2016년도 대학현황지표 - 20260427111439.xlsx,58.77481
2016,연세대학교,2,사립,서울,36.8692,36.8692,36.8692,31007.0,841.0,students_per_staff,2주기 2016년도 대학현황지표 - 20260427111439.xlsx,36.8692
2016,이화여자대학교,2,사립,서울,41.44615,41.44615,41.44615,21552.0,520.0,students_per_staff,2주기 2016년도 대학현황지표 - 20260427111439.xlsx,41.44615
2016,장로회신학대학교,2,사립,서울,47.74468,47.74468,47.74468,2244.0,47.0,students_per_staff,2주기 2016년도 대학현황지표 - 20260427111439.xlsx,47.74468
2016,중앙대학교,2,사립,서울,46.1968,46.1968,46.1968,28873.0,625.0,students_per_staff,2주기 2016년도 대학현황지표 - 20260427111439.xlsx,46.1968
2016,총신대학교,2,사립,서울,35.50862,35.50862,35.50862,4119.0,116.0,students_per_staff,2주기 2016년도 대학현황지표 - 20260427111439.xlsx,35.50862
2016,추계예술대학교,2,사립,서울,35.64103,35.64102,35.64103,1390.0,39.0,students_per_staff,2주기 2016년도 대학현황지표 - 20260427111439.xlsx,35.64103
2016,한국성서대학교,2,사립,서울,21.4386,21.43859,21.4386,1222.0,57.0,students_per_staff,2주기 2016년도 대학현황지표 - 20260427111439.xlsx,21.4386
2016,한국외국어대학교,2,사립,서울,53.58824,53.58823,53.58824,19131.0,357.0,students_per_staff,2주기 2016년도 대학현황지표 - 20260427111439.xlsx,53.58824
2016,한성대학교,2,사립,서울,56.90076,56.90076,56.90076,7454.0,131.0,students_per_staff,2주기 2016년도 대학현황지표 - 20260427111439.xlsx,56.90076
2016,한양대학교,2,사립,서울,34.27879,34.27878,34.27879,22624.0,660.0,students_per_staff,2주기 2016년도 대학현황지표 - 20260427111439.xlsx,34.27879
2016,홍익대학교,2,사립,서울,46.41226,46.41226,46.41226,21953.0,473.0,students_per_staff,2주기 2016년도 대학현황지표 - 20260427111439.xlsx,46.41226
2017,감리교신학대학교,2,사립,서울,45.14706,45.14705,45.14706,1535.0,34.0,students_per_staff,2주기 2017년도 대학현황지표 - 20260427111435.xlsx,45.14706
2017,강서대학교,2,사립,서울,33.69565,33.69565,33.69565,1550.0,46.0,students_per_staff,2주기 2017년도 대학현황지표 - 20260427111435.xlsx,33.69565
2017,건국대학교,2,사립,서울,44.40576,44.40576,44.40576,20027.0,451.0,students_per_staff,2주기 2017년도 대학현황지표 - 20260427111435.xlsx,44.40576
2017,경희대학교,2,사립,서울,39.33293,39.33293,39.33293,32843.0,835.0,students_per_staff,2주기 2017년도 대학현황지표 - 20260427111435.xlsx,39.33293
2017,고려대학교,2,사립,서울,31.90064,31.90064,31.90064,29859.0,936.0,students_per_staff,2주기 2017년도 대학현황지표 - 20260427111435.xlsx,31.90064
2017,광운대학교,2,사립,서울,43.40183,43.40182,43.40183,9505.0,219.0,students_per_staff,2주기 2017년도 대학현황지표 - 20260427111435.xlsx,43.40183
2017,국민대학교,2,사립,서울,41.03661,41.03661,41.03661,17933.0,437.0,students_per_staff,2주기 2017년도 대학현황지표 - 20260427111435.xlsx,41.03661
2017,덕성여자대학교,2,사립,서울,50.58678,50.58677,50.58678,6121.0,121.0,students_per_staff,2주기 2017년도 대학현황지표 - 20260427111435.xlsx,50.58678
2017,동국대학교,2,사립,서울,57.99346,57.99346,57.99346,17746.0,306.0,students_per_staff,2주기 2017년도 대학현황지표 - 20260427111435.xlsx,57.99346
2017,동덕여자대학교,2,사립,서울,58.27869,58.27868,58.27869,7110.0,122.0,students_per_staff,2주기 2017년도 대학현황지표 - 20260427111435.xlsx,58.27869
2017,삼육대학교,2,사립,서울,27.70833,27.70833,27.70833,5985.0,216.0,students_per_staff,2주기 2017년도 대학현황지표 - 20260427111435.xlsx,27.70833
2017,상명대학교,2,사립,서울,44.10429,44.10429,44.10429,14378.0,326.0,students_per_staff,2주기 2017년도 대학현황지표 - 20260427111435.xlsx,44.10429
2017,서강대학교,2,사립,서울,43.42412,43.42412,43.42412,11160.0,257.0,students_per_staff,2주기 2017년도 대학현황지표 - 20260427111435.xlsx,43.42412
2017,서경대학교,2,사립,서울,56.80645,56.80645,56.80645,7044.0,124.0,students_per_staff,2주기 2017년도 대학현황지표 - 20260427111435.xlsx,56.80645
2017,서울기독대학교,2,사립,서울,28.73077,28.73076,28.73077,747.0,26.0,students_per_staff,2주기 2017년도 대학현황지표 - 20260427111435.xlsx,28.73077
2017,서울여자대학교,2,사립,서울,27.3,27.3,27.3,7644.0,280.0,students_per_staff,2주기 2017년도 대학현황지표 - 20260427111435.xlsx,27.3
2017,서울한영대학교,2,사립,서울,27.10526,27.10526,27.10526,1030.0,38.0,students_per_staff,2주기 2017년도 대학현황지표 - 20260427111435.xlsx,27.10526
2017,성공회대학교,2,사립,서울,35.06944,35.06944,35.06944,2525.0,72.0,students_per_staff,2주기 2017년도 대학현황지표 - 20260427111435.xlsx,35.06944
2017,성균관대학교,2,사립,서울,62.48086,62.48086,62.48086,26117.0,418.0,students_per_staff,2주기 2017년도 대학현황지표 - 20260427111435.xlsx,62.48086
2017,성신여자대학교,2,사립,서울,40.8583,40.85829,40.8583,10092.0,247.0,students_per_staff,2주기 2017년도 대학현황지표 - 20260427111435.xlsx,40.8583
2017,세종대학교,2,사립,서울,82.38012,82.38011,82.38012,14087.0,171.0,students_per_staff,2주기 2017년도 대학현황지표 - 20260427111435.xlsx,82.38012
2017,숙명여자대학교,2,사립,서울,39.39241,39.3924,39.39241,12448.0,316.0,students_per_staff,2주기 2017년도 대학현황지표 - 20260427111435.xlsx,39.39241
2017,숭실대학교,2,사립,서울,56.01444,56.01444,56.01444,15516.0,277.0,students_per_staff,2주기 2017년도 대학현황지표 - 20260427111435.xlsx,56.01444
2017,연세대학교,2,사립,서울,35.60046,35.60045,35.60046,31008.0,871.0,students_per_staff,2주기 2017년도 대학현황지표 - 20260427111435.xlsx,35.60046
2017,이화여자대학교,2,사립,서울,41.06072,41.06072,41.06072,21639.0,527.0,students_per_staff,2주기 2017년도 대학현황지표 - 20260427111435.xlsx,41.06072
2017,장로회신학대학교,2,사립,서울,49.55556,49.55555,49.55556,2230.0,45.0,students_per_staff,2주기 2017년도 대학현황지표 - 20260427111435.xlsx,49.55556
2017,중앙대학교,2,사립,서울,45.31447,45.31446,45.31447,28820.0,636.0,students_per_staff,2주기 2017년도 대학현황지표 - 20260427111435.xlsx,45.31447
2017,총신대학교,2,사립,서울,34.73729,34.73728,34.73729,4099.0,118.0,students_per_staff,2주기 2017년도 대학현황지표 - 20260427111435.xlsx,34.73729
2017,추계예술대학교,2,사립,서울,33.82927,33.82926,33.82927,1387.0,41.0,students_per_staff,2주기 2017년도 대학현황지표 - 20260427111435.xlsx,33.82927
2017,한국성서대학교,2,사립,서울,20.25806,20.25806,20.25806,1256.0,62.0,students_per_staff,2주기 2017년도 대학현황지표 - 20260427111435.xlsx,20.25806
2017,한국외국어대학교,2,사립,서울,55.43182,55.43181,55.43182,19512.0,352.0,students_per_staff,2주기 2017년도 대학현황지표 - 20260427111435.xlsx,55.43182
2017,한성대학교,2,사립,서울,46.62338,46.62337,46.62338,7180.0,154.0,students_per_staff,2주기 2017년도 대학현황지표 - 20260427111435.xlsx,46.62338
2017,한양대학교,2,사립,서울,34.06991,34.0699,34.06991,22418.0,658.0,students_per_staff,2주기 2017년도 대학현황지표 - 20260427111435.xlsx,34.06991
2017,홍익대학교,2,사립,서울,45.85563,45.85562,45.85563,21598.0,471.0,students_per_staff,2주기 2017년도 대학현황지표 - 20260427111435.xlsx,45.85563
2018,감리교신학대학교,3,사립,서울,42.05556,42.05555,42.05556,1514.0,36.0,students_per_staff,3주기 2018년도 대학현황지표 - 20260427111426.xlsx,42.05556
2018,강서대학교,3,사립,서울,35.15556,35.15555,35.15556,1582.0,45.0,students_per_staff,3주기 2018년도 대학현황지표 - 20260427111426.xlsx,35.15556
2018,건국대학교,3,사립,서울,42.58491,42.5849,42.58491,20313.0,477.0,students_per_staff,3주기 2018년도 대학현황지표 - 20260427111426.xlsx,42.58491
2018,경희대학교,3,사립,서울,39.12033,39.12032,39.12033,33487.0,856.0,students_per_staff,3주기 2018년도 대학현황지표 - 20260427111426.xlsx,39.12033
2018,고려대학교,3,사립,서울,30.13259,30.13259,30.13259,29771.0,988.0,students_per_staff,3주기 2018년도 대학현황지표 - 20260427111426.xlsx,30.13259
2018,광운대학교,3,사립,서울,42.44495,42.44495,42.44495,9253.0,218.0,students_per_staff,3주기 2018년도 대학현황지표 - 20260427111426.xlsx,42.44495
2018,국민대학교,3,사립,서울,42.16397,42.16397,42.16397,18257.0,433.0,students_per_staff,3주기 2018년도 대학현황지표 - 20260427111426.xlsx,42.16397
2018,덕성여자대학교,3,사립,서울,51.95726,51.95726,51.95726,6079.0,117.0,students_per_staff,3주기 2018년도 대학현황지표 - 20260427111426.xlsx,51.95726
2018,동국대학교,3,사립,서울,54.84494,54.84493,54.84494,17331.0,316.0,students_per_staff,3주기 2018년도 대학현황지표 - 20260427111426.xlsx,54.84494
2018,동덕여자대학교,3,사립,서울,62.15652,62.15652,62.15652,7148.0,115.0,students_per_staff,3주기 2018년도 대학현황지표 - 20260427111426.xlsx,62.15652
2018,삼육대학교,3,사립,서울,26.78761,26.78761,26.78761,6054.0,226.0,students_per_staff,3주기 2018년도 대학현황지표 - 20260427111426.xlsx,26.78761
2018,상명대학교,3,사립,서울,45.45779,45.45779,45.45779,14001.0,308.0,students_per_staff,3주기 2018년도 대학현황지표 - 20260427111426.xlsx,45.45779
2018,서강대학교,3,사립,서울,42.21673,42.21673,42.21673,11103.0,263.0,students_per_staff,3주기 2018년도 대학현황지표 - 20260427111426.xlsx,42.21673
2018,서경대학교,3,사립,서울,57.63025,57.63025,57.63025,6858.0,119.0,students_per_staff,3주기 2018년도 대학현황지표 - 20260427111426.xlsx,57.63025
2018,서울기독대학교,3,사립,서울,27.86207,27.86206,27.86207,808.0,29.0,students_per_staff,3주기 2018년도 대학현황지표 - 20260427111426.xlsx,27.86207
2018,서울여자대학교,3,사립,서울,33.07456,33.07456,33.07456,7541.0,228.0,students_per_staff,3주기 2018년도 대학현황지표 - 20260427111426.xlsx,33.07456
2018,서울한영대학교,3,사립,서울,19.2449,19.24489,19.2449,943.0,49.0,students_per_staff,3주기 2018년도 대학현황지표 - 20260427111426.xlsx,19.2449
2018,성공회대학교,3,사립,서울,34.30986,34.30985,34.30986,2436.0,71.0,students_per_staff,3주기 2018년도 대학현황지표 - 20260427111426.xlsx,34.30986
2018,성균관대학교,3,사립,서울,65.04156,65.04156,65.04156,26602.0,409.0,students_per_staff,3주기 2018년도 대학현황지표 - 20260427111426.xlsx,65.04156
2018,성신여자대학교,3,사립,서울,37.65152,37.65151,37.65152,9940.0,264.0,students_per_staff,3주기 2018년도 대학현황지표 - 20260427111426.xlsx,37.65152
2018,세종대학교,3,사립,서울,86.20606,86.20606,86.20606,14224.0,165.0,students_per_staff,3주기 2018년도 대학현황지표 - 20260427111426.xlsx,86.20606
2018,숙명여자대학교,3,사립,서울,37.81957,37.81957,37.81957,12367.0,327.0,students_per_staff,3주기 2018년도 대학현황지표 - 20260427111426.xlsx,37.81957
2018,숭실대학교,3,사립,서울,59.40149,59.40148,59.40149,15979.0,269.0,students_per_staff,3주기 2018년도 대학현황지표 - 20260427111426.xlsx,59.40149
2018,연세대학교,3,사립,서울,34.5658,34.5658,34.5658,30729.0,889.0,students_per_staff,3주기 2018년도 대학현황지표 - 20260427111426.xlsx,34.5658
2018,이화여자대학교,3,사립,서울,39.69853,39.69852,39.69853,21596.0,544.0,students_per_staff,3주기 2018년도 대학현황지표 - 20260427111426.xlsx,39.69853
2018,장로회신학대학교,3,사립,서울,48.37778,48.37777,48.37778,2177.0,45.0,students_per_staff,3주기 2018년도 대학현황지표 - 20260427111426.xlsx,48.37778
2018,중앙대학교,3,사립,서울,46.34824,46.34824,46.34824,29014.0,626.0,students_per_staff,3주기 2018년도 대학현황지표 - 20260427111426.xlsx,46.34824
2018,총신대학교,3,사립,서울,34.12069,34.12068,34.12069,3958.0,116.0,students_per_staff,3주기 2018년도 대학현황지표 - 20260427111426.xlsx,34.12069
2018,추계예술대학교,3,사립,서울,32.07317,32.07317,32.07317,1315.0,41.0,students_per_staff,3주기 2018년도 대학현황지표 - 20260427111426.xlsx,32.07317
2018,한국성서대학교,3,사립,서울,20.49206,20.49206,20.49206,1291.0,63.0,students_per_staff,3주기 2018년도 대학현황지표 - 20260427111426.xlsx,20.49206
2018,한국외국어대학교,3,사립,서울,58.93195,58.93195,58.93195,19919.0,338.0,students_per_staff,3주기 2018년도 대학현황지표 - 20260427111426.xlsx,58.93195
2018,한성대학교,3,사립,서울,45.83851,45.8385,45.83851,7380.0,161.0,students_per_staff,3주기 2018년도 대학현황지표 - 20260427111426.xlsx,45.83851
2018,한양대학교,3,사립,서울,35.32449,35.32449,35.32449,22643.0,641.0,students_per_staff,3주기 2018년도 대학현황지표 - 20260427111426.xlsx,35.32449
2018,홍익대학교,3,사립,서울,47.90066,47.90066,47.90066,21699.0,453.0,students_per_staff,3주기 2018년도 대학현황지표 - 20260427111426.xlsx,47.90066
2019,감리교신학대학교,3,사립,서울,46.78788,46.78787,46.78788,1544.0,33.0,students_per_staff,3주기 2019년도 대학현황지표 - 20260427111422.xlsx,46.78788
2019,강서대학교,3,사립,서울,35.34884,35.34883,35.34884,1520.0,43.0,students_per_staff,3주기 2019년도 대학현황지표 - 20260427111422.xlsx,35.34884
2019,건국대학교,3,사립,서울,41.38163,41.38163,41.38163,20277.0,490.0,students_per_staff,3주기 2019년도 대학현황지표 - 20260427111422.xlsx,41.38163
2019,경희대학교,3,사립,서울,39.14384,39.14384,39.14384,34016.0,869.0,students_per_staff,3주기 2019년도 대학현황지표 - 20260427111422.xlsx,39.14384
2019,고려대학교,3,사립,서울,29.31724,29.31724,29.31724,29757.0,1015.0,students_per_staff,3주기 2019년도 대학현황지표 - 20260427111422.xlsx,29.31724
2019,광운대학교,3,사립,서울,43.06757,43.06756,43.06757,9561.0,222.0,students_per_staff,3주기 2019년도 대학현황지표 - 20260427111422.xlsx,43.06757
2019,국민대학교,3,사립,서울,41.94582,41.94582,41.94582,18582.0,443.0,students_per_staff,3주기 2019년도 대학현황지표 - 20260427111422.xlsx,41.94582
2019,덕성여자대학교,3,사립,서울,48.99174,48.99173,48.99174,5928.0,121.0,students_per_staff,3주기 2019년도 대학현황지표 - 20260427111422.xlsx,48.99174
2019,동국대학교,3,사립,서울,43.20494,43.20493,43.20494,17498.0,405.0,students_per_staff,3주기 2019년도 대학현황지표 - 20260427111422.xlsx,43.20494
2019,동덕여자대학교,3,사립,서울,54.08333,54.08333,54.08333,7139.0,132.0,students_per_staff,3주기 2019년도 대학현황지표 - 20260427111422.xlsx,54.08333
2019,삼육대학교,3,사립,서울,25.17094,25.17094,25.17094,5890.0,234.0,students_per_staff,3주기 2019년도 대학현황지표 - 20260427111422.xlsx,25.17094
2019,상명대학교,3,사립,서울,49.63345,49.63345,49.63345,13947.0,281.0,students_per_staff,3주기 2019년도 대학현황지표 - 20260427111422.xlsx,49.63345
2019,서강대학교,3,사립,서울,43.55642,43.55642,43.55642,11194.0,257.0,students_per_staff,3주기 2019년도 대학현황지표 - 20260427111422.xlsx,43.55642
2019,서경대학교,3,사립,서울,58.90598,58.90598,58.90598,6892.0,117.0,students_per_staff,3주기 2019년도 대학현황지표 - 20260427111422.xlsx,58.90598
2019,서울기독대학교,3,사립,서울,28.11538,28.11538,28.11538,731.0,26.0,students_per_staff,3주기 2019년도 대학현황지표 - 20260427111422.xlsx,28.11538
2019,서울여자대학교,3,사립,서울,37.97938,37.97938,37.97938,7368.0,194.0,students_per_staff,3주기 2019년도 대학현황지표 - 20260427111422.xlsx,37.97938
2019,서울한영대학교,3,사립,서울,19.45652,19.45652,19.45652,895.0,46.0,students_per_staff,3주기 2019년도 대학현황지표 - 20260427111422.xlsx,19.45652
2019,성공회대학교,3,사립,서울,35.21739,35.21739,35.21739,2430.0,69.0,students_per_staff,3주기 2019년도 대학현황지표 - 20260427111422.xlsx,35.21739
2019,성균관대학교,3,사립,서울,65.92944,65.92944,65.92944,27097.0,411.0,students_per_staff,3주기 2019년도 대학현황지표 - 20260427111422.xlsx,65.92944
2019,성신여자대학교,3,사립,서울,37.44231,37.4423,37.44231,9735.0,260.0,students_per_staff,3주기 2019년도 대학현황지표 - 20260427111422.xlsx,37.44231
2019,세종대학교,3,사립,서울,85.07784,85.07784,85.07784,14208.0,167.0,students_per_staff,3주기 2019년도 대학현황지표 - 20260427111422.xlsx,85.07784
2019,숙명여자대학교,3,사립,서울,34.57143,34.57142,34.57143,12342.0,357.0,students_per_staff,3주기 2019년도 대학현황지표 - 20260427111422.xlsx,34.57143
2019,숭실대학교,3,사립,서울,60.94361,60.9436,60.94361,16211.0,266.0,students_per_staff,3주기 2019년도 대학현황지표 - 20260427111422.xlsx,60.94361
2019,연세대학교,3,사립,서울,34.12275,34.12274,34.12275,30301.0,888.0,students_per_staff,3주기 2019년도 대학현황지표 - 20260427111422.xlsx,34.12275
2019,이화여자대학교,3,사립,서울,38.6121,38.61209,38.6121,21700.0,562.0,students_per_staff,3주기 2019년도 대학현황지표 - 20260427111422.xlsx,38.6121
2019,장로회신학대학교,3,사립,서울,48.17391,48.17391,48.17391,2216.0,46.0,students_per_staff,3주기 2019년도 대학현황지표 - 20260427111422.xlsx,48.17391
2019,중앙대학교,3,사립,서울,45.85601,45.85601,45.85601,28981.0,632.0,students_per_staff,3주기 2019년도 대학현황지표 - 20260427111422.xlsx,45.85601
2019,총신대학교,3,사립,서울,34.45946,34.45945,34.45946,3825.0,111.0,students_per_staff,3주기 2019년도 대학현황지표 - 20260427111422.xlsx,34.45946
2019,추계예술대학교,3,사립,서울,34.86842,34.86842,34.86842,1325.0,38.0,students_per_staff,3주기 2019년도 대학현황지표 - 20260427111422.xlsx,34.86842
2019,한국성서대학교,3,사립,서울,20.64516,20.64516,20.64516,1280.0,62.0,students_per_staff,3주기 2019년도 대학현황지표 - 20260427111422.xlsx,20.64516
2019,한국외국어대학교,3,사립,서울,60.26549,60.26548,60.26549,20430.0,339.0,students_per_staff,3주기 2019년도 대학현황지표 - 20260427111422.xlsx,60.26549
2019,한성대학교,3,사립,서울,40.88525,40.88524,40.88525,7482.0,183.0,students_per_staff,3주기 2019년도 대학현황지표 - 20260427111422.xlsx,40.88525
2019,한양대학교,3,사립,서울,38.88285,38.88285,38.88285,22902.0,589.0,students_per_staff,3주기 2019년도 대학현황지표 - 20260427111422.xlsx,38.88285
2019,홍익대학교,3,사립,서울,49.29596,49.29596,49.29596,21986.0,446.0,students_per_staff,3주기 2019년도 대학현황지표 - 20260427111422.xlsx,49.29596
2020,감리교신학대학교,3,사립,서울,49.22581,49.2258,49.22581,1526.0,31.0,students_per_staff,3주기 2020년도 대학현황지표 - 20260427111416.xlsx,49.22581
2020,강서대학교,3,사립,서울,28.65385,28.65384,28.65385,1490.0,52.0,students_per_staff,3주기 2020년도 대학현황지표 - 20260427111416.xlsx,28.65385
2020,건국대학교,3,사립,서울,37.33271,37.33271,37.33271,20085.0,538.0,students_per_staff,3주기 2020년도 대학현황지표 - 20260427111416.xlsx,37.33271
2020,경희대학교,3,사립,서울,31.18972,31.18971,31.18972,33373.0,1070.0,students_per_staff,3주기 2020년도 대학현황지표 - 20260427111416.xlsx,31.18972
2020,고려대학교,3,사립,서울,26.41071,26.41071,26.41071,29580.0,1120.0,students_per_staff,3주기 2020년도 대학현황지표 - 20260427111416.xlsx,26.41071
2020,광운대학교,3,사립,서울,43.47964,43.47963,43.47964,9609.0,221.0,students_per_staff,3주기 2020년도 대학현황지표 - 20260427111416.xlsx,43.47964
2020,국민대학교,3,사립,서울,40.54139,40.54138,40.54139,18122.0,447.0,students_per_staff,3주기 2020년도 대학현황지표 - 20260427111416.xlsx,40.54139
2020,덕성여자대학교,3,사립,서울,35.83951,35.8395,35.83951,5806.0,162.0,students_per_staff,3주기 2020년도 대학현황지표 - 20260427111416.xlsx,35.83951
2020,동국대학교,3,사립,서울,35.94057,35.94057,35.94057,17539.0,488.0,students_per_staff,3주기 2020년도 대학현황지표 - 20260427111416.xlsx,35.94057
2020,동덕여자대학교,3,사립,서울,60.09167,60.09166,60.09167,7211.0,120.0,students_per_staff,3주기 2020년도 대학현황지표 - 20260427111416.xlsx,60.09167
2020,삼육대학교,3,사립,서울,25.42553,25.42553,25.42553,5975.0,235.0,students_per_staff,3주기 2020년도 대학현황지표 - 20260427111416.xlsx,25.42553
2020,상명대학교,3,사립,서울,48.20567,48.20567,48.20567,13594.0,282.0,students_per_staff,3주기 2020년도 대학현황지표 - 20260427111416.xlsx,48.20567
2020,서강대학교,3,사립,서울,44.03586,44.03585,44.03586,11053.0,251.0,students_per_staff,3주기 2020년도 대학현황지표 - 20260427111416.xlsx,44.03586
2020,서경대학교,3,사립,서울,54.63115,54.63114,54.63115,6665.0,122.0,students_per_staff,3주기 2020년도 대학현황지표 - 20260427111416.xlsx,54.63115
2020,서울기독대학교,3,사립,서울,29.33333,29.33333,29.33333,704.0,24.0,students_per_staff,3주기 2020년도 대학현황지표 - 20260427111416.xlsx,29.33333
2020,서울여자대학교,3,사립,서울,35.36842,35.36842,35.36842,7392.0,209.0,students_per_staff,3주기 2020년도 대학현황지표 - 20260427111416.xlsx,35.36842
2020,서울한영대학교,3,사립,서울,20.55556,20.55555,20.55556,925.0,45.0,students_per_staff,3주기 2020년도 대학현황지표 - 20260427111416.xlsx,20.55556
2020,성공회대학교,3,사립,서울,31.26923,31.26923,31.26923,2439.0,78.0,students_per_staff,3주기 2020년도 대학현황지표 - 20260427111416.xlsx,31.26923
2020,성균관대학교,3,사립,서울,65.3012,65.3012,65.3012,27100.0,415.0,students_per_staff,3주기 2020년도 대학현황지표 - 20260427111416.xlsx,65.3012
2020,성신여자대학교,3,사립,서울,29.39939,29.39939,29.39939,9643.0,328.0,students_per_staff,3주기 2020년도 대학현황지표 - 20260427111416.xlsx,29.39939
2020,세종대학교,3,사립,서울,63.1048,63.1048,63.1048,14451.0,229.0,students_per_staff,3주기 2020년도 대학현황지표 - 20260427111416.xlsx,63.1048
2020,숙명여자대학교,3,사립,서울,34.90423,34.90422,34.90423,12391.0,355.0,students_per_staff,3주기 2020년도 대학현황지표 - 20260427111416.xlsx,34.90423
2020,숭실대학교,3,사립,서울,58.69455,58.69454,58.69455,16141.0,275.0,students_per_staff,3주기 2020년도 대학현황지표 - 20260427111416.xlsx,58.69455
2020,연세대학교,3,사립,서울,31.52812,31.52812,31.52812,30267.0,960.0,students_per_staff,3주기 2020년도 대학현황지표 - 20260427111416.xlsx,31.52812
2020,이화여자대학교,3,사립,서울,34.22764,34.22764,34.22764,21050.0,615.0,students_per_staff,3주기 2020년도 대학현황지표 - 20260427111416.xlsx,34.22764
2020,장로회신학대학교,3,사립,서울,50.02326,50.02325,50.02326,2151.0,43.0,students_per_staff,3주기 2020년도 대학현황지표 - 20260427111416.xlsx,50.02326
2020,중앙대학교,3,사립,서울,47.01127,47.01127,47.01127,29194.0,621.0,students_per_staff,3주기 2020년도 대학현황지표 - 20260427111416.xlsx,47.01127
2020,총신대학교,3,사립,서울,37.43564,37.43564,37.43564,3781.0,101.0,students_per_staff,3주기 2020년도 대학현황지표 - 20260427111416.xlsx,37.43564
2020,추계예술대학교,3,사립,서울,32.30769,32.30769,32.30769,1260.0,39.0,students_per_staff,3주기 2020년도 대학현황지표 - 20260427111416.xlsx,32.30769
2020,한국성서대학교,3,사립,서울,22.96296,22.96296,22.96296,1240.0,54.0,students_per_staff,3주기 2020년도 대학현황지표 - 20260427111416.xlsx,22.96296
2020,한국외국어대학교,3,사립,서울,57.06322,57.06321,57.06322,19858.0,348.0,students_per_staff,3주기 2020년도 대학현황지표 - 20260427111416.xlsx,57.06322
2020,한성대학교,3,사립,서울,38.96859,38.96858,38.96859,7443.0,191.0,students_per_staff,3주기 2020년도 대학현황지표 - 20260427111416.xlsx,38.96859
2020,한양대학교,3,사립,서울,38.48299,38.48299,38.48299,22628.0,588.0,students_per_staff,3주기 2020년도 대학현황지표 - 20260427111416.xlsx,38.48299
2020,홍익대학교,3,사립,서울,49.77626,49.77625,49.77626,21802.0,438.0,students_per_staff,3주기 2020년도 대학현황지표 - 20260427111416.xlsx,49.77626
2021,감리교신학대학교,3,사립,서울,48.26667,48.26666,48.26667,1448.0,30.0,students_per_staff,3주기 2021년도 대학현황지표 - 20260427111410.xlsx,48.26667
2021,강서대학교,3,사립,서울,29.61818,29.61818,29.61818,1629.0,55.0,students_per_staff,3주기 2021년도 대학현황지표 - 20260427111410.xlsx,29.61818
2021,건국대학교,3,사립,서울,33.67276,33.67275,33.67276,20271.0,602.0,students_per_staff,3주기 2021년도 대학현황지표 - 20260427111410.xlsx,33.67276
2021,경희대학교,3,사립,서울,29.90799,29.90798,29.90799,34454.0,1152.0,students_per_staff,3주기 2021년도 대학현황지표 - 20260427111410.xlsx,29.90799
2021,고려대학교,3,사립,서울,25.36192,25.36192,25.36192,29572.0,1166.0,students_per_staff,3주기 2021년도 대학현황지표 - 20260427111410.xlsx,25.36192
2021,광운대학교,3,사립,서울,40.74074,40.74074,40.74074,9900.0,243.0,students_per_staff,3주기 2021년도 대학현황지표 - 20260427111410.xlsx,40.74074
2021,국민대학교,3,사립,서울,37.83368,37.83367,37.83368,18425.0,487.0,students_per_staff,3주기 2021년도 대학현황지표 - 20260427111410.xlsx,37.83368
2021,덕성여자대학교,3,사립,서울,34.10405,34.10404,34.10405,5900.0,173.0,students_per_staff,3주기 2021년도 대학현황지표 - 20260427111410.xlsx,34.10405
2021,동국대학교,3,사립,서울,33.20833,33.20833,33.20833,17534.0,528.0,students_per_staff,3주기 2021년도 대학현황지표 - 20260427111410.xlsx,33.20833
2021,동덕여자대학교,3,사립,서울,59.248,59.248,59.248,7406.0,125.0,students_per_staff,3주기 2021년도 대학현황지표 - 20260427111410.xlsx,59.248
2021,삼육대학교,3,사립,서울,24.77593,24.77593,24.77593,5971.0,241.0,students_per_staff,3주기 2021년도 대학현황지표 - 20260427111410.xlsx,24.77593
2021,상명대학교,3,사립,서울,43.33333,43.33333,43.33333,13390.0,309.0,students_per_staff,3주기 2021년도 대학현황지표 - 20260427111410.xlsx,43.33333
2021,서강대학교,3,사립,서울,38.91724,38.91724,38.91724,11286.0,290.0,students_per_staff,3주기 2021년도 대학현황지표 - 20260427111410.xlsx,38.91724
2021,서경대학교,3,사립,서울,58.36134,58.36134,58.36134,6945.0,119.0,students_per_staff,3주기 2021년도 대학현황지표 - 20260427111410.xlsx,58.36134
2021,서울기독대학교,3,사립,서울,27.0,27.0,27.0,648.0,24.0,students_per_staff,3주기 2021년도 대학현황지표 - 20260427111410.xlsx,27.0
2021,서울여자대학교,3,사립,서울,36.26108,36.26108,36.26108,7361.0,203.0,students_per_staff,3주기 2021년도 대학현황지표 - 20260427111410.xlsx,36.26108
2021,서울한영대학교,3,사립,서울,22.43902,22.43902,22.43902,920.0,41.0,students_per_staff,3주기 2021년도 대학현황지표 - 20260427111410.xlsx,22.43902
2021,성공회대학교,3,사립,서울,28.79518,28.79518,28.79518,2390.0,83.0,students_per_staff,3주기 2021년도 대학현황지표 - 20260427111410.xlsx,28.79518
2021,성균관대학교,3,사립,서울,64.8487,64.84869,64.8487,27431.0,423.0,students_per_staff,3주기 2021년도 대학현황지표 - 20260427111410.xlsx,64.8487
2021,성신여자대학교,3,사립,서울,29.95833,29.95833,29.95833,10066.0,336.0,students_per_staff,3주기 2021년도 대학현황지표 - 20260427111410.xlsx,29.95833
2021,세종대학교,3,사립,서울,44.97248,44.97247,44.97248,14706.0,327.0,students_per_staff,3주기 2021년도 대학현황지표 - 20260427111410.xlsx,44.97248
2021,숙명여자대학교,3,사립,서울,37.15634,37.15634,37.15634,12596.0,339.0,students_per_staff,3주기 2021년도 대학현황지표 - 20260427111410.xlsx,37.15634
2021,숭실대학교,3,사립,서울,50.92212,50.92211,50.92212,16346.0,321.0,students_per_staff,3주기 2021년도 대학현황지표 - 20260427111410.xlsx,50.92212
2021,연세대학교,3,사립,서울,26.12044,26.12044,26.12044,30796.0,1179.0,students_per_staff,3주기 2021년도 대학현황지표 - 20260427111410.xlsx,26.12044
2021,이화여자대학교,3,사립,서울,34.25955,34.25955,34.25955,21515.0,628.0,students_per_staff,3주기 2021년도 대학현황지표 - 20260427111410.xlsx,34.25955
2021,장로회신학대학교,3,사립,서울,40.07547,40.07547,40.07547,2124.0,53.0,students_per_staff,3주기 2021년도 대학현황지표 - 20260427111410.xlsx,40.07547
2021,중앙대학교,3,사립,서울,42.1119,42.11189,42.1119,29731.0,706.0,students_per_staff,3주기 2021년도 대학현황지표 - 20260427111410.xlsx,42.1119
2021,총신대학교,3,사립,서울,35.05714,35.05714,35.05714,3681.0,105.0,students_per_staff,3주기 2021년도 대학현황지표 - 20260427111410.xlsx,35.05714
2021,추계예술대학교,3,사립,서울,32.04878,32.04878,32.04878,1314.0,41.0,students_per_staff,3주기 2021년도 대학현황지표 - 20260427111410.xlsx,32.04878
2021,한국성서대학교,3,사립,서울,22.69091,22.6909,22.69091,1248.0,55.0,students_per_staff,3주기 2021년도 대학현황지표 - 20260427111410.xlsx,22.69091
2021,한국외국어대학교,3,사립,서울,55.71866,55.71866,55.71866,20003.0,359.0,students_per_staff,3주기 2021년도 대학현황지표 - 20260427111410.xlsx,55.71866
2021,한성대학교,3,사립,서울,28.21887,28.21886,28.21887,7478.0,265.0,students_per_staff,3주기 2021년도 대학현황지표 - 20260427111410.xlsx,28.21887
2021,한양대학교,3,사립,서울,33.02661,33.02661,33.02661,23581.0,714.0,students_per_staff,3주기 2021년도 대학현황지표 - 20260427111410.xlsx,33.02661
2021,홍익대학교,3,사립,서울,47.64317,47.64317,47.64317,21630.0,454.0,students_per_staff,3주기 2021년도 대학현황지표 - 20260427111410.xlsx,47.64317
2022,감리교신학대학교,3,사립,서울,30.16667,30.16666,30.16667,1267.0,42.0,students_per_staff,3주기 2022년도 대학현황지표 - 20260427111404.xlsx,30.16667
2022,강서대학교,3,사립,서울,32.49091,32.4909,32.49091,1787.0,55.0,students_per_staff,3주기 2022년도 대학현황지표 - 20260427111404.xlsx,32.49091
2022,건국대학교,3,사립,서울,32.49837,32.49836,32.49837,19889.0,612.0,students_per_staff,3주기 2022년도 대학현황지표 - 20260427111404.xlsx,32.49837
2022,경희대학교,3,사립,서울,31.0036,31.0036,31.0036,34414.0,1110.0,students_per_staff,3주기 2022년도 대학현황지표 - 20260427111404.xlsx,31.0036
2022,고려대학교,3,사립,서울,25.60348,25.60347,25.60348,29444.0,1150.0,students_per_staff,3주기 2022년도 대학현황지표 - 20260427111404.xlsx,25.60348
2022,광운대학교,3,사립,서울,37.4313,37.43129,37.4313,9807.0,262.0,students_per_staff,3주기 2022년도 대학현황지표 - 20260427111404.xlsx,37.4313
2022,국민대학교,3,사립,서울,37.69247,37.69246,37.69247,18017.0,478.0,students_per_staff,3주기 2022년도 대학현황지표 - 20260427111404.xlsx,37.69247
2022,덕성여자대학교,3,사립,서울,34.34568,34.34567,34.34568,5564.0,162.0,students_per_staff,3주기 2022년도 대학현황지표 - 20260427111404.xlsx,34.34568
2022,동국대학교,3,사립,서울,32.14579,32.14579,32.14579,17198.0,535.0,students_per_staff,3주기 2022년도 대학현황지표 - 20260427111404.xlsx,32.14579
2022,동덕여자대학교,3,사립,서울,61.86087,61.86086,61.86087,7114.0,115.0,students_per_staff,3주기 2022년도 대학현황지표 - 20260427111404.xlsx,61.86087
2022,삼육대학교,3,사립,서울,23.95122,23.95121,23.95122,5892.0,246.0,students_per_staff,3주기 2022년도 대학현황지표 - 20260427111404.xlsx,23.95122
2022,상명대학교,3,사립,서울,44.9622,44.96219,44.9622,13084.0,291.0,students_per_staff,3주기 2022년도 대학현황지표 - 20260427111404.xlsx,44.9622
2022,서강대학교,3,사립,서울,39.00341,39.00341,39.00341,11428.0,293.0,students_per_staff,3주기 2022년도 대학현황지표 - 20260427111404.xlsx,39.00341
2022,서경대학교,3,사립,서울,62.61607,62.61607,62.61607,7013.0,112.0,students_per_staff,3주기 2022년도 대학현황지표 - 20260427111404.xlsx,62.61607
2022,서울기독대학교,3,사립,서울,31.83333,31.83333,31.83333,573.0,18.0,students_per_staff,3주기 2022년도 대학현황지표 - 20260427111404.xlsx,31.83333
2022,서울여자대학교,3,사립,서울,35.74384,35.74384,35.74384,7256.0,203.0,students_per_staff,3주기 2022년도 대학현황지표 - 20260427111404.xlsx,35.74384
2022,서울한영대학교,3,사립,서울,21.95122,21.95121,21.95122,900.0,41.0,students_per_staff,3주기 2022년도 대학현황지표 - 20260427111404.xlsx,21.95122
2022,성공회대학교,3,사립,서울,26.82143,26.82142,26.82143,2253.0,84.0,students_per_staff,3주기 2022년도 대학현황지표 - 20260427111404.xlsx,26.82143
2022,성균관대학교,3,사립,서울,56.05637,56.05636,56.05637,26851.0,479.0,students_per_staff,3주기 2022년도 대학현황지표 - 20260427111404.xlsx,56.05637
2022,성신여자대학교,3,사립,서울,28.21802,28.21802,28.21802,9707.0,344.0,students_per_staff,3주기 2022년도 대학현황지표 - 20260427111404.xlsx,28.21802
2022,세종대학교,3,사립,서울,39.46486,39.46486,39.46486,14602.0,370.0,students_per_staff,3주기 2022년도 대학현황지표 - 20260427111404.xlsx,39.46486
2022,숙명여자대학교,3,사립,서울,37.68923,37.68923,37.68923,12249.0,325.0,students_per_staff,3주기 2022년도 대학현황지표 - 20260427111404.xlsx,37.68923
2022,숭실대학교,3,사립,서울,52.80063,52.80063,52.80063,16685.0,316.0,students_per_staff,3주기 2022년도 대학현황지표 - 20260427111404.xlsx,52.80063
2022,연세대학교,3,사립,서울,27.02691,27.0269,27.02691,31135.0,1152.0,students_per_staff,3주기 2022년도 대학현황지표 - 20260427111404.xlsx,27.02691
2022,이화여자대학교,3,사립,서울,32.9375,32.9375,32.9375,21080.0,640.0,students_per_staff,3주기 2022년도 대학현황지표 - 20260427111404.xlsx,32.9375
2022,장로회신학대학교,3,사립,서울,40.92157,40.92156,40.92157,2087.0,51.0,students_per_staff,3주기 2022년도 대학현황지표 - 20260427111404.xlsx,40.92157
2022,중앙대학교,3,사립,서울,41.80144,41.80143,41.80144,29052.0,695.0,students_per_staff,3주기 2022년도 대학현황지표 - 20260427111404.xlsx,41.80144
2022,총신대학교,3,사립,서울,35.16327,35.16326,35.16327,3446.0,98.0,students_per_staff,3주기 2022년도 대학현황지표 - 20260427111404.xlsx,35.16327
2022,추계예술대학교,3,사립,서울,31.90476,31.90476,31.90476,1340.0,42.0,students_per_staff,3주기 2022년도 대학현황지표 - 20260427111404.xlsx,31.90476
2022,한국성서대학교,3,사립,서울,23.43137,23.43137,23.43137,1195.0,51.0,students_per_staff,3주기 2022년도 대학현황지표 - 20260427111404.xlsx,23.43137
2022,한국외국어대학교,3,사립,서울,53.56303,53.56302,53.56303,19122.0,357.0,students_per_staff,3주기 2022년도 대학현황지표 - 20260427111404.xlsx,53.56303
2022,한성대학교,3,사립,서울,27.9635,27.9635,27.9635,7662.0,274.0,students_per_staff,3주기 2022년도 대학현황지표 - 20260427111404.xlsx,27.9635
2022,한양대학교,3,사립,서울,31.32617,31.32617,31.32617,23338.0,745.0,students_per_staff,3주기 2022년도 대학현황지표 - 20260427111404.xlsx,31.32617
2022,홍익대학교,3,사립,서울,46.57204,46.57204,46.57204,21656.0,465.0,students_per_staff,3주기 2022년도 대학현황지표 - 20260427111404.xlsx,46.57204
2023,감리교신학대학교,3,사립,서울,26.13043,26.13043,26.13043,1202.0,46.0,students_per_staff,3주기 2023년도 대학현황지표 - 20260427111358.xlsx,26.13043
2023,강서대학교,3,사립,서울,34.17308,34.17307,34.17308,1777.0,52.0,students_per_staff,3주기 2023년도 대학현황지표 - 20260427111358.xlsx,34.17308
2023,건국대학교,3,사립,서울,30.02402,30.02402,30.02402,19996.0,666.0,students_per_staff,3주기 2023년도 대학현황지표 - 20260427111358.xlsx,30.02402
2023,경희대학교,3,사립,서울,30.86238,30.86237,30.86238,34535.0,1119.0,students_per_staff,3주기 2023년도 대학현황지표 - 20260427111358.xlsx,30.86238
2023,고려대학교,3,사립,서울,26.31944,26.31944,26.31944,30320.0,1152.0,students_per_staff,3주기 2023년도 대학현황지표 - 20260427111358.xlsx,26.31944
2023,광운대학교,3,사립,서울,38.7668,38.76679,38.7668,9808.0,253.0,students_per_staff,3주기 2023년도 대학현황지표 - 20260427111358.xlsx,38.7668
2023,국민대학교,3,사립,서울,38.48739,38.48739,38.48739,18320.0,476.0,students_per_staff,3주기 2023년도 대학현황지표 - 20260427111358.xlsx,38.48739
2023,덕성여자대학교,3,사립,서울,31.70166,31.70165,31.70166,5738.0,181.0,students_per_staff,3주기 2023년도 대학현황지표 - 20260427111358.xlsx,31.70166
2023,동국대학교,3,사립,서울,32.78771,32.7877,32.78771,17607.0,537.0,students_per_staff,3주기 2023년도 대학현황지표 - 20260427111358.xlsx,32.78771
2023,동덕여자대학교,3,사립,서울,52.86131,52.86131,52.86131,7242.0,137.0,students_per_staff,3주기 2023년도 대학현황지표 - 20260427111358.xlsx,52.86131
2023,삼육대학교,3,사립,서울,24.42353,24.42352,24.42353,6228.0,255.0,students_per_staff,3주기 2023년도 대학현황지표 - 20260427111358.xlsx,24.42353
2023,상명대학교,3,사립,서울,41.90735,41.90734,41.90735,13117.0,313.0,students_per_staff,3주기 2023년도 대학현황지표 - 20260427111358.xlsx,41.90735
2023,서강대학교,3,사립,서울,37.55414,37.55414,37.55414,11792.0,314.0,students_per_staff,3주기 2023년도 대학현황지표 - 20260427111358.xlsx,37.55414
2023,서경대학교,3,사립,서울,56.51969,56.51968,56.51969,7178.0,127.0,students_per_staff,3주기 2023년도 대학현황지표 - 20260427111358.xlsx,56.51969
2023,서울기독대학교,3,사립,서울,26.42857,26.42857,26.42857,555.0,21.0,students_per_staff,3주기 2023년도 대학현황지표 - 20260427111358.xlsx,26.42857
2023,서울여자대학교,3,사립,서울,33.32569,33.32568,33.32569,7265.0,218.0,students_per_staff,3주기 2023년도 대학현황지표 - 20260427111358.xlsx,33.32569
2023,서울한영대학교,3,사립,서울,25.11111,25.11111,25.11111,904.0,36.0,students_per_staff,3주기 2023년도 대학현황지표 - 20260427111358.xlsx,25.11111
2023,성공회대학교,3,사립,서울,29.93506,29.93506,29.93506,2305.0,77.0,students_per_staff,3주기 2023년도 대학현황지표 - 20260427111358.xlsx,29.93506
2023,성균관대학교,3,사립,서울,79.83143,79.83142,79.83143,27941.0,350.0,students_per_staff,3주기 2023년도 대학현황지표 - 20260427111358.xlsx,79.83143
2023,성신여자대학교,3,사립,서울,27.3733,27.37329,27.3733,10046.0,367.0,students_per_staff,3주기 2023년도 대학현황지표 - 20260427111358.xlsx,27.3733
2023,세종대학교,3,사립,서울,41.99187,41.99186,41.99187,15495.0,369.0,students_per_staff,3주기 2023년도 대학현황지표 - 20260427111358.xlsx,41.99187
2023,숙명여자대학교,3,사립,서울,34.63215,34.63215,34.63215,12710.0,367.0,students_per_staff,3주기 2023년도 대학현황지표 - 20260427111358.xlsx,34.63215
2023,숭실대학교,3,사립,서울,52.03916,52.03915,52.03916,17277.0,332.0,students_per_staff,3주기 2023년도 대학현황지표 - 20260427111358.xlsx,52.03916
2023,연세대학교,3,사립,서울,27.79846,27.79845,27.79846,32413.0,1166.0,students_per_staff,3주기 2023년도 대학현황지표 - 20260427111358.xlsx,27.79846
2023,이화여자대학교,3,사립,서울,33.20365,33.20364,33.20365,21848.0,658.0,students_per_staff,3주기 2023년도 대학현황지표 - 20260427111358.xlsx,33.20365
2023,장로회신학대학교,3,사립,서울,40.27451,40.2745,40.27451,2054.0,51.0,students_per_staff,3주기 2023년도 대학현황지표 - 20260427111358.xlsx,40.27451
2023,중앙대학교,3,사립,서울,42.54908,42.54907,42.54908,29912.0,703.0,students_per_staff,3주기 2023년도 대학현황지표 - 20260427111358.xlsx,42.54908
2023,총신대학교,3,사립,서울,29.22936,29.22935,29.22936,3186.0,109.0,students_per_staff,3주기 2023년도 대학현황지표 - 20260427111358.xlsx,29.22936
2023,추계예술대학교,3,사립,서울,25.31481,25.31481,25.31481,1367.0,54.0,students_per_staff,3주기 2023년도 대학현황지표 - 20260427111358.xlsx,25.31481
2023,한국성서대학교,3,사립,서울,22.22642,22.22641,22.22642,1178.0,53.0,students_per_staff,3주기 2023년도 대학현황지표 - 20260427111358.xlsx,22.22642
2023,한국외국어대학교,3,사립,서울,55.09456,55.09455,55.09456,19228.0,349.0,students_per_staff,3주기 2023년도 대학현황지표 - 20260427111358.xlsx,55.09456
2023,한성대학교,3,사립,서울,29.13704,29.13703,29.13704,7867.0,270.0,students_per_staff,3주기 2023년도 대학현황지표 - 20260427111358.xlsx,29.13704
2023,한양대학교,3,사립,서울,32.7245,32.7245,32.7245,24707.0,755.0,students_per_staff,3주기 2023년도 대학현황지표 - 20260427111358.xlsx,32.7245
2023,홍익대학교,3,사립,서울,46.7383,46.73829,46.7383,21967.0,470.0,students_per_staff,3주기 2023년도 대학현황지표 - 20260427111358.xlsx,46.7383
2024,감리교신학대학교,3,사립,서울,26.32609,26.32608,26.32609,1211.0,46.0,students_per_staff,3주기 2024년도 대학현황지표 - 20260427111352.xlsx,26.32609
2024,강서대학교,3,사립,서울,33.65455,33.65454,33.65455,1851.0,55.0,students_per_staff,3주기 2024년도 대학현황지표 - 20260427111352.xlsx,33.65455
2024,건국대학교,3,사립,서울,28.76633,28.76632,28.76633,19820.0,689.0,students_per_staff,3주기 2024년도 대학현황지표 - 20260427111352.xlsx,28.76633
2024,경희대학교,3,사립,서울,28.65144,28.65143,28.65144,33866.0,1182.0,students_per_staff,3주기 2024년도 대학현황지표 - 20260427111352.xlsx,28.65144
2024,고려대학교,3,사립,서울,26.00254,26.00254,26.00254,30683.0,1180.0,students_per_staff,3주기 2024년도 대학현황지표 - 20260427111352.xlsx,26.00254
2024,광운대학교,3,사립,서울,37.48864,37.48863,37.48864,9897.0,264.0,students_per_staff,3주기 2024년도 대학현황지표 - 20260427111352.xlsx,37.48864
2024,국민대학교,3,사립,서울,37.77615,37.77615,37.77615,18057.0,478.0,students_per_staff,3주기 2024년도 대학현황지표 - 20260427111352.xlsx,37.77615
2024,덕성여자대학교,3,사립,서울,31.41436,31.41436,31.41436,5686.0,181.0,students_per_staff,3주기 2024년도 대학현황지표 - 20260427111352.xlsx,31.41436
2024,동국대학교,3,사립,서울,31.71429,31.71428,31.71429,17982.0,567.0,students_per_staff,3주기 2024년도 대학현황지표 - 20260427111352.xlsx,31.71429
2024,동덕여자대학교,3,사립,서울,57.98413,57.98412,57.98413,7306.0,126.0,students_per_staff,3주기 2024년도 대학현황지표 - 20260427111352.xlsx,57.98413
2024,삼육대학교,3,사립,서울,22.17978,22.17977,22.17978,5922.0,267.0,students_per_staff,3주기 2024년도 대학현황지표 - 20260427111352.xlsx,22.17978
2024,상명대학교,3,사립,서울,38.53799,38.53799,38.53799,12679.0,329.0,students_per_staff,3주기 2024년도 대학현황지표 - 20260427111352.xlsx,38.53799
2024,서강대학교,3,사립,서울,38.78344,38.78343,38.78344,12178.0,314.0,students_per_staff,3주기 2024년도 대학현황지표 - 20260427111352.xlsx,38.78344
2024,서경대학교,3,사립,서울,55.71756,55.71755,55.71756,7299.0,131.0,students_per_staff,3주기 2024년도 대학현황지표 - 20260427111352.xlsx,55.71756
2024,서울기독대학교,3,사립,서울,38.95238,38.95238,38.95238,818.0,21.0,students_per_staff,3주기 2024년도 대학현황지표 - 20260427111352.xlsx,38.95238
2024,서울여자대학교,3,사립,서울,34.38249,34.38248,34.38249,7461.0,217.0,students_per_staff,3주기 2024년도 대학현황지표 - 20260427111352.xlsx,34.38249
2024,서울한영대학교,3,사립,서울,28.59375,28.59375,28.59375,915.0,32.0,students_per_staff,3주기 2024년도 대학현황지표 - 20260427111352.xlsx,28.59375
2024,성공회대학교,3,사립,서울,27.7439,27.7439,27.7439,2275.0,82.0,students_per_staff,3주기 2024년도 대학현황지표 - 20260427111352.xlsx,27.7439
2024,성균관대학교,3,사립,서울,74.3634,74.36339,74.3634,28035.0,377.0,students_per_staff,3주기 2024년도 대학현황지표 - 20260427111352.xlsx,74.3634
2024,성신여자대학교,3,사립,서울,28.14804,28.14804,28.14804,10077.0,358.0,students_per_staff,3주기 2024년도 대학현황지표 - 20260427111352.xlsx,28.14804
2024,세종대학교,3,사립,서울,43.21333,43.21333,43.21333,16205.0,375.0,students_per_staff,3주기 2024년도 대학현황지표 - 20260427111352.xlsx,43.21333
2024,숙명여자대학교,3,사립,서울,34.17615,34.17615,34.17615,12611.0,369.0,students_per_staff,3주기 2024년도 대학현황지표 - 20260427111352.xlsx,34.17615
2024,숭실대학교,3,사립,서울,49.51841,49.51841,49.51841,17480.0,353.0,students_per_staff,3주기 2024년도 대학현황지표 - 20260427111352.xlsx,49.51841
2024,연세대학교,3,사립,서울,27.43002,27.43001,27.43002,32532.0,1186.0,students_per_staff,3주기 2024년도 대학현황지표 - 20260427111352.xlsx,27.43002
2024,이화여자대학교,3,사립,서울,34.1932,34.19319,34.1932,22123.0,647.0,students_per_staff,3주기 2024년도 대학현황지표 - 20260427111352.xlsx,34.1932
2024,장로회신학대학교,3,사립,서울,40.70588,40.70588,40.70588,2076.0,51.0,students_per_staff,3주기 2024년도 대학현황지표 - 20260427111352.xlsx,40.70588
2024,중앙대학교,3,사립,서울,41.45467,41.45467,41.45467,29267.0,706.0,students_per_staff,3주기 2024년도 대학현황지표 - 20260427111352.xlsx,41.45467
2024,총신대학교,3,사립,서울,30.83019,30.83018,30.83019,3268.0,106.0,students_per_staff,3주기 2024년도 대학현황지표 - 20260427111352.xlsx,30.83019
2024,추계예술대학교,3,사립,서울,25.52,25.52,25.52,1276.0,50.0,students_per_staff,3주기 2024년도 대학현황지표 - 20260427111352.xlsx,25.52
2024,한국성서대학교,3,사립,서울,19.05,19.05,19.05,1143.0,60.0,students_per_staff,3주기 2024년도 대학현황지표 - 20260427111352.xlsx,19.05
2024,한국외국어대학교,3,사립,서울,54.22753,54.22752,54.22753,19305.0,356.0,students_per_staff,3주기 2024년도 대학현황지표 - 20260427111352.xlsx,54.22753
2024,한성대학교,3,사립,서울,29.19636,29.19636,29.19636,8029.0,275.0,students_per_staff,3주기 2024년도 대학현황지표 - 20260427111352.xlsx,29.19636
2024,한양대학교,3,사립,서울,30.85403,30.85403,30.85403,24097.0,781.0,students_per_staff,3주기 2024년도 대학현황지표 - 20260427111352.xlsx,30.85403
2024,홍익대학교,3,사립,서울,44.42041,44.4204,44.42041,21766.0,490.0,students_per_staff,3주기 2024년도 대학현황지표 - 20260427111352.xlsx,44.42041
2025,감리교신학대학교,4,사립,서울,26.21739,26.21739,26.21739,1206.0,46.0,students_per_staff,4주기 2025년도 대학현황지표 - 20260427111140.xlsx,26.21739
2025,강서대학교,4,사립,서울,33.75439,33.75438,33.75439,1924.0,57.0,students_per_staff,4주기 2025년도 대학현황지표 - 20260427111140.xlsx,33.75439
2025,건국대학교,4,사립,서울,28.99003,28.99002,28.99003,20351.0,702.0,students_per_staff,4주기 2025년도 대학현황지표 - 20260427111140.xlsx,28.99003
2025,경희대학교,4,사립,서울,29.34359,29.34358,29.34359,34332.0,1170.0,students_per_staff,4주기 2025년도 대학현황지표 - 20260427111140.xlsx,29.34359
2025,고려대학교,4,사립,서울,27.27119,27.27118,27.27119,32180.0,1180.0,students_per_staff,4주기 2025년도 대학현황지표 - 20260427111140.xlsx,27.27119
2025,광운대학교,4,사립,서울,37.53731,37.53731,37.53731,10060.0,268.0,students_per_staff,4주기 2025년도 대학현황지표 - 20260427111140.xlsx,37.53731
2025,국민대학교,4,사립,서울,36.5668,36.5668,36.5668,18064.0,494.0,students_per_staff,4주기 2025년도 대학현황지표 - 20260427111140.xlsx,36.5668
2025,덕성여자대학교,4,사립,서울,32.98305,32.98305,32.98305,5838.0,177.0,students_per_staff,4주기 2025년도 대학현황지표 - 20260427111140.xlsx,32.98305
2025,동국대학교,4,사립,서울,31.97414,31.97413,31.97414,18545.0,580.0,students_per_staff,4주기 2025년도 대학현황지표 - 20260427111140.xlsx,31.97414
2025,동덕여자대학교,4,사립,서울,53.34921,53.3492,53.34921,6722.0,126.0,students_per_staff,4주기 2025년도 대학현황지표 - 20260427111140.xlsx,53.34921
2025,삼육대학교,4,사립,서울,22.861,22.861,22.861,5921.0,259.0,students_per_staff,4주기 2025년도 대학현황지표 - 20260427111140.xlsx,22.861
2025,상명대학교,4,사립,서울,37.74487,37.74486,37.74487,12871.0,341.0,students_per_staff,4주기 2025년도 대학현황지표 - 20260427111140.xlsx,37.74487
2025,서강대학교,4,사립,서울,38.70031,38.7003,38.70031,12655.0,327.0,students_per_staff,4주기 2025년도 대학현황지표 - 20260427111140.xlsx,38.70031
2025,서경대학교,4,사립,서울,35.99052,35.99052,35.99052,7594.0,211.0,students_per_staff,4주기 2025년도 대학현황지표 - 20260427111140.xlsx,35.99052
2025,서울기독대학교,4,사립,서울,68.90476,68.90476,68.90476,1447.0,21.0,students_per_staff,4주기 2025년도 대학현황지표 - 20260427111140.xlsx,68.90476
2025,서울여자대학교,4,사립,서울,37.53521,37.53521,37.53521,7995.0,213.0,students_per_staff,4주기 2025년도 대학현황지표 - 20260427111140.xlsx,37.53521
2025,서울한영대학교,4,사립,서울,28.38889,28.38888,28.38889,1022.0,36.0,students_per_staff,4주기 2025년도 대학현황지표 - 20260427111140.xlsx,28.38889
2025,성공회대학교,4,사립,서울,30.45122,30.45121,30.45122,2497.0,82.0,students_per_staff,4주기 2025년도 대학현황지표 - 20260427111140.xlsx,30.45122
2025,성균관대학교,4,사립,서울,53.76636,53.76635,53.76636,28765.0,535.0,students_per_staff,4주기 2025년도 대학현황지표 - 20260427111140.xlsx,53.76636
2025,성신여자대학교,4,사립,서울,29.35345,29.35344,29.35345,10215.0,348.0,students_per_staff,4주기 2025년도 대학현황지표 - 20260427111140.xlsx,29.35345
2025,세종대학교,4,사립,서울,41.27791,41.2779,41.27791,17378.0,421.0,students_per_staff,4주기 2025년도 대학현황지표 - 20260427111140.xlsx,41.27791
2025,숙명여자대학교,4,사립,서울,34.29863,34.29863,34.29863,12519.0,365.0,students_per_staff,4주기 2025년도 대학현황지표 - 20260427111140.xlsx,34.29863
2025,숭실대학교,4,사립,서울,50.07324,50.07323,50.07324,17776.0,355.0,students_per_staff,4주기 2025년도 대학현황지표 - 20260427111140.xlsx,50.07324
2025,연세대학교,4,사립,서울,27.13721,27.1372,27.13721,33623.0,1239.0,students_per_staff,4주기 2025년도 대학현황지표 - 20260427111140.xlsx,27.13721
2025,이화여자대학교,4,사립,서울,34.00149,34.00149,34.00149,22815.0,671.0,students_per_staff,4주기 2025년도 대학현황지표 - 20260427111140.xlsx,34.00149
2025,장로회신학대학교,4,사립,서울,39.76923,39.76923,39.76923,2068.0,52.0,students_per_staff,4주기 2025년도 대학현황지표 - 20260427111140.xlsx,39.76923
2025,중앙대학교,4,사립,서울,41.43662,41.43661,41.43662,29420.0,710.0,students_per_staff,4주기 2025년도 대학현황지표 - 20260427111140.xlsx,41.43662
2025,총신대학교,4,사립,서울,29.51818,29.51818,29.51818,3247.0,110.0,students_per_staff,4주기 2025년도 대학현황지표 - 20260427111140.xlsx,29.51818
2025,추계예술대학교,4,사립,서울,20.96774,20.96774,20.96774,1300.0,62.0,students_per_staff,4주기 2025년도 대학현황지표 - 20260427111140.xlsx,20.96774
2025,한국성서대학교,4,사립,서울,20.375,20.375,20.375,1141.0,56.0,students_per_staff,4주기 2025년도 대학현황지표 - 20260427111140.xlsx,20.375
2025,한국외국어대학교,4,사립,서울,54.88268,54.88268,54.88268,19648.0,358.0,students_per_staff,4주기 2025년도 대학현황지표 - 20260427111140.xlsx,54.88268
2025,한성대학교,4,사립,서울,28.28621,28.2862,28.28621,8203.0,290.0,students_per_staff,4주기 2025년도 대학현황지표 - 20260427111140.xlsx,28.28621
2025,한양대학교,4,사립,서울,31.4038,31.40379,31.4038,24809.0,790.0,students_per_staff,4주기 2025년도 대학현황지표 - 20260427111140.xlsx,31.4038
2025,홍익대학교,4,사립,서울,44.85714,44.85714,44.85714,21980.0,490.0,students_per_staff,4주기 2025년도 대학현황지표 - 20260427111140.xlsx,44.85714
