공시연도,대표학교코드,학교코드,학교명,본분교명,대학구분,학교종류,설립유형,설립구분,소재지유형,지역명,학교상태,기준년도,입학정원(학부),재학생수(학부),졸업생수(학부),전임교원수,연구비(교내),연구비(교외),대응자금(교내),대응자금(교외),교내 합계,교외 합계,전임교원 1인당 연구비(교내),전임교원 1인당 연구비(교외)
2025,46,48,가톨릭대학교,제2캠퍼스,대학,대학교,사립,사립,수도권,서울,기존,2024,173,912,101.0,1011,3777040,140204751,0,0,3777040,140204751,3735.9,138679.3
2025,46,49,가톨릭대학교,제3캠퍼스,대학,대학교,사립,사립,수도권,서울,기존,2024,50,197,31.0,15,80000,0,0,0,80000,0,5333.3,0.0
2025,50,50,감리교신학대학교,본교,대학,대학교,사립,사립,수도권,서울,기존,2024,192,564,170.0,24,109500,20000,0,0,109500,20000,4562.5,833.3
2025,79,79,강서대학교,본교,대학,대학교,사립,사립,수도권,서울,기존,2024,277,1742,504.0,54,60149,257038,0,0,60149,257038,1113.9,4760.0
2025,52,52,건국대학교,본교,대학,대학교,사립,사립,수도권,서울,기존,2024,3000,15960,3410.0,657,5744475,83512595,481333,288900,6225808,83801495,9476.1,127551.7
2025,56,58,경기대학교,제2캠퍼스,대학,대학교,사립,사립,수도권,서울,기존,2024,328,1841,477.0,31,52883,153875,0,0,52883,153875,1705.9,4963.7
2025,66,66,경희대학교,본교,대학,대학교,사립,사립,수도권,서울,기존,2024,4873,25573,5776.0,1395,14605633,166683251,2998224,563700,17603857,167246951,12619.3,119890.3
2025,69,69,고려대학교,본교,대학,대학교,사립,사립,수도권,서울,기존,2024,4142,21772,4206.0,1601,22181175,464860251,2189931,0,24371106,464860251,15222.4,290356.2
2025,74,74,광운대학교,본교,대학,대학교,사립,사립,수도권,서울,기존,2024,1823,8414,1970.0,307,3058038,44745320,617210,100000,3675248,44845320,11971.5,146076.0
2025,78,78,국민대학교,본교,대학,대학교,사립,사립,수도권,서울,기존,2024,2966,14502,3301.0,651,7091259,66915237,656774,230300,7748033,67145537,11901.7,103142.1
2025,99,99,덕성여자대학교,본교,대학,대학교,사립,사립,수도권,서울,기존,2024,1215,5566,1203.0,197,154000,5771398,97740,0,251740,5771398,1277.9,29296.4
2025,100,100,동국대학교,본교,대학,대학교,사립,사립,수도권,서울,기존,2024,2836,13841,2987.0,686,3524488,84654246,2802186,372000,6326674,85026246,9222.6,123945.0
2025,102,102,동덕여자대학교,본교,대학,대학교,사립,사립,수도권,서울,기존,2024,1577,6392,1634.0,214,209500,4149238,0,0,209500,4149238,979.0,19389.0
2025,109,111,명지대학교,제2캠퍼스,대학,대학교,사립,사립,수도권,서울,기존,2024,1263,7530,1970.0,249,148000,3063909,0,0,148000,3063909,594.4,12304.9
2025,116,116,삼육대학교,본교,대학,대학교,사립,사립,수도권,서울,기존,2024,1157,5268,1284.0,190,256000,6379701,0,0,256000,6379701,1347.4,33577.4
2025,117,117,상명대학교,본교,대학,대학교,사립,사립,수도권,서울,기존,2024,1302,6267,1393.0,246,446000,30085088,400000,48000,846000,30133088,3439.0,122492.2
2025,120,120,서강대학교,본교,대학,대학교,사립,사립,수도권,서울,기존,2024,1602,8429,1736.0,410,4124850,69532414,1334677,117000,5459527,69649414,13315.9,169876.6
2025,121,121,서경대학교,본교,대학,대학교,사립,사립,수도권,서울,기존,2024,1309,6864,1457.0,250,310643,19442169,44000,0,354643,19442169,1418.6,77768.7
2025,36,36,서울과학기술대학교,본교,대학,대학교,국공립,국립,수도권,서울,기존,2024,2227,10444,2230.0,430,4736372,55490271,284120,99553,5020492,55589824,11675.6,129278.7
2025,98,98,서울기독대학교,본교,대학,대학교,사립,사립,수도권,서울,기존,2024,136,1279,65.0,37,56000,99500,0,75000,56000,174500,1513.5,4716.2
2025,19,19,서울대학교,본교,대학,대학교,국공립,국립대법인,수도권,서울,기존,2024,3476,17279,3200.0,2369,38134856,665268757,343195,0,38478051,665268757,16242.3,280822.6
2025,40,40,서울시립대학교,본교,대학,대학교,국공립,공립,수도권,서울,기존,2024,1747,8949,1812.0,458,5900986,56593329,229170,297100,6130156,56890429,13384.6,124214.9
2025,126,126,서울여자대학교,본교,대학,대학교,사립,사립,수도권,서울,기존,2024,1612,7692,1367.0,224,502843,4676116,0,0,502843,4676116,2244.8,20875.5
2025,205,205,서울한영대학교,본교,대학,대학교,사립,사립,수도권,서울,기존,2024,180,778,136.0,27,15000,0,0,0,15000,0,555.6,0.0
2025,132,132,성공회대학교,본교,대학,대학교,사립,사립,수도권,서울,기존,2024,502,2234,444.0,80,45600,853994,26000,0,71600,853994,895.0,10674.9
2025,133,133,성균관대학교,본교,대학,대학교,사립,사립,수도권,서울,기존,2024,3555,19613,4256.0,1543,30555076,518911568,4814963,2283867,35370039,521195435,22922.9,337780.6
2025,136,136,성신여자대학교,본교,대학,대학교,사립,사립,수도권,서울,기존,2024,2060,9404,1939.0,324,1218000,8184073,81000,0,1299000,8184073,4009.3,25259.5
2025,138,138,세종대학교,본교,대학,대학교,사립,사립,수도권,서울,기존,2024,2564,13171,2616.0,590,1640551,83401522,3401752,0,5042303,83401522,8546.3,141358.5
2025,141,141,숙명여자대학교,본교,대학,대학교,사립,사립,수도권,서울,기존,2024,2160,10134,2336.0,419,1226000,32151345,615602,45000,1841602,32196345,4395.2,76840.9
2025,143,143,숭실대학교,본교,대학,대학교,사립,사립,수도권,서울,기존,2024,2675,14738,3021.0,528,4256861,36143460,709660,5000,4966521,36148460,9406.3,68463.0
2025,149,149,연세대학교,본교,대학,대학교,사립,사립,수도권,서울,기존,2024,3555,21005,4461.0,1820,25183795,490528560,5031864,2632662,30215659,493161222,16602.0,270967.7
2025,163,163,이화여자대학교,본교,대학,대학교,사립,사립,수도권,서울,기존,2024,3260,16452,3314.0,961,14111055,126426997,2417327,282208,16528382,126709205,17199.1,131851.4
2025,170,170,장로회신학대학교,본교,대학,대학교,사립,사립,수도권,서울,기존,2024,150,572,163.0,78,234495,264382,0,0,234495,264382,3006.3,3389.5
2025,175,175,중앙대학교,본교,대학,대학교,사립,사립,수도권,서울,기존,2024,3210,18637,4079.0,1049,12820049,154643074,2990629,0,15810678,154643074,15072.1,147419.5
2025,180,180,총신대학교,본교,대학,대학교,사립,사립,수도권,서울,기존,2024,307,1398,314.0,104,56800,2089324,0,0,56800,2089324,546.2,20089.7
2025,181,181,추계예술대학교,본교,대학,대학교,사립,사립,수도권,서울,기존,2024,250,1113,256.0,47,30000,0,0,36000,30000,36000,638.3,766.0
2025,191,191,한국성서대학교,본교,대학,대학교,사립,사립,수도권,서울,기존,2024,228,972,203.0,41,61606,592898,0,104050,61606,696948,1502.6,16998.7
2025,192,192,한국외국어대학교,본교,대학,대학교,사립,사립,수도권,서울,기존,2024,3475,17101,3795.0,612,3389525,16589378,1009750,260000,4399275,16849378,7188.4,27531.7
2025,32,32,한국체육대학교,본교,대학,대학교,국공립,국립,수도권,서울,기존,2024,535,2339,566.0,118,199215,1502976,0,0,199215,1502976,1688.3,12737.1
2025,200,200,한성대학교,본교,대학,대학교,사립,사립,수도권,서울,기존,2024,1498,7011,1579.0,282,1330900,6695485,0,0,1330900,6695485,4719.5,23742.9
2025,203,203,한양대학교,본교,대학,대학교,사립,사립,수도권,서울,기존,2024,2906,16432,3359.0,1141,9083092,282392234,6094919,0,15178011,282392234,13302.4,247495.4
2025,212,212,홍익대학교,본교,대학,대학교,사립,사립,수도권,서울,기존,2024,2371,12368,2708.0,532,4304932,28390649,140000,0,4444932,28390649,8355.1,53365.9
2024,46,48,가톨릭대학교,제2캠퍼스,대학,대학교,사립,사립,수도권,서울,기존,2023,173,470,164.0,1009,3835095,131722380,140000,0,3975095,131722380,3939.6,130547.5
2024,46,49,가톨릭대학교,제3캠퍼스,대학,대학교,사립,사립,수도권,서울,기존,2023,50,219,45.0,16,77000,4800,0,0,77000,4800,4812.5,300.0
2024,50,50,감리교신학대학교,본교,대학,대학교,사립,사립,수도권,서울,기존,2023,192,582,171.0,25,123000,20000,0,0,123000,20000,4920.0,800.0
2024,79,79,강서대학교,본교,대학,대학교,사립,사립,수도권,서울,기존,2023,277,1707,235.0,55,57300,477726,0,0,57300,477726,1041.8,8685.9
2024,52,52,건국대학교,본교,대학,대학교,사립,사립,수도권,서울,기존,2023,3000,15491,3472.0,645,4915325,96444526,190871,0,5106196,96444526,7916.6,149526.4
2024,56,58,경기대학교,제2캠퍼스,대학,대학교,사립,사립,수도권,서울,기존,2023,328,1914,450.0,28,30735,128400,0,0,30735,128400,1097.7,4585.7
2024,66,66,경희대학교,본교,대학,대학교,사립,사립,수도권,서울,기존,2023,4840,25048,6161.0,1378,13087387,166541636,3052415,632700,16139802,167174336,11712.5,121316.6
2024,69,69,고려대학교,본교,대학,대학교,사립,사립,수도권,서울,기존,2023,3992,20582,4219.0,1556,23331766,462750269,1869377,0,25201143,462750269,16196.1,297397.3
2024,74,74,광운대학교,본교,대학,대학교,사립,사립,수도권,서울,기존,2023,1816,8392,1901.0,320,2153059,50131371,1072237,130000,3225296,50261371,10079.1,157066.8
2024,78,78,국민대학교,본교,대학,대학교,사립,사립,수도권,서울,기존,2023,2966,14486,3367.0,639,6048150,73863218,909200,200500,6957350,74063718,10887.9,115905.7
2024,99,99,덕성여자대학교,본교,대학,대학교,사립,사립,수도권,서울,기존,2023,1175,5357,1287.0,200,338000,7026851,83000,0,421000,7026851,2105.0,35134.3
2024,100,100,동국대학교,본교,대학,대학교,사립,사립,수도권,서울,기존,2023,2823,13559,3143.0,684,3561143,84956241,2406261,525205,5967404,85481446,8724.3,124972.9
2024,102,102,동덕여자대학교,본교,대학,대학교,사립,사립,수도권,서울,기존,2023,1577,6996,1543.0,225,235000,4234639,0,0,235000,4234639,1044.4,18820.6
2024,109,111,명지대학교,제2캠퍼스,대학,대학교,사립,사립,수도권,서울,기존,2023,1263,7410,1885.0,240,125500,2585182,0,2500,125500,2587682,522.9,10782.0
2024,116,116,삼육대학교,본교,대학,대학교,사립,사립,수도권,서울,기존,2023,1157,5214,1300.0,209,272500,7702229,0,0,272500,7702229,1303.8,36852.8
2024,117,117,상명대학교,본교,대학,대학교,사립,사립,수도권,서울,기존,2023,1302,6152,1387.0,256,450500,32091045,400000,22000,850500,32113045,3322.3,125441.6
2024,120,120,서강대학교,본교,대학,대학교,사립,사립,수도권,서울,기존,2023,1602,8193,1718.0,406,4993822,62519034,1096162,117000,6089984,62636034,15000.0,154275.9
2024,121,121,서경대학교,본교,대학,대학교,사립,사립,수도권,서울,기존,2023,1309,6708,1517.0,253,409691,17101983,39200,0,448891,17101983,1774.3,67596.8
2024,36,36,서울과학기술대학교,본교,대학,대학교,국공립,국립,수도권,서울,기존,2023,2177,10126,2285.0,432,3024965,59521995,350000,80499,3374965,59602494,7812.4,137968.7
2024,98,98,서울기독대학교,본교,대학,대학교,사립,사립,수도권,서울,기존,2023,136,642,77.0,30,0,60000,0,0,0,60000,0.0,2000.0
2024,19,19,서울대학교,본교,대학,대학교,국공립,국립대법인,수도권,서울,기존,2023,3451,16359,3188.0,2344,41004869,693091233,100000,0,41104869,693091233,17536.2,295687.4
2024,40,40,서울시립대학교,본교,대학,대학교,국공립,공립,수도권,서울,기존,2023,1747,8796,1826.0,461,5379270,56929931,212460,180800,5591730,57110731,12129.6,123884.4
2024,126,126,서울여자대학교,본교,대학,대학교,사립,사립,수도권,서울,기존,2023,1636,7207,1410.0,231,446129,8750181,34000,0,480129,8750181,2078.5,37879.6
2024,205,205,서울한영대학교,본교,대학,대학교,사립,사립,수도권,서울,기존,2023,180,594,148.0,29,15000,22987,0,0,15000,22987,517.2,792.7
2024,132,132,성공회대학교,본교,대학,대학교,사립,사립,수도권,서울,기존,2023,502,2041,410.0,83,37400,1805633,26000,0,63400,1805633,763.9,21754.6
2024,133,133,성균관대학교,본교,대학,대학교,사립,사립,수도권,서울,기존,2023,3447,19132,4124.0,1529,31066810,500822228,5435645,2703640,36502455,503525868,23873.4,329317.1
2024,136,136,성신여자대학교,본교,대학,대학교,사립,사립,수도권,서울,기존,2023,2060,9254,1880.0,321,887400,9498932,149000,0,1036400,9498932,3228.7,29591.7
2024,138,138,세종대학교,본교,대학,대학교,사립,사립,수도권,서울,기존,2023,2495,12641,2656.0,575,2867520,94107913,3087817,385801,5955337,94493714,10357.1,164336.9
2024,141,141,숙명여자대학교,본교,대학,대학교,사립,사립,수도권,서울,기존,2023,2170,10219,2220.0,415,929000,30646455,822395,52800,1751395,30699255,4220.2,73974.1
2024,143,143,숭실대학교,본교,대학,대학교,사립,사립,수도권,서울,기존,2023,2675,14517,3037.0,492,3791220,46580541,1123000,80000,4914220,46660541,9988.3,94838.5
2024,149,149,연세대학교,본교,대학,대학교,사립,사립,수도권,서울,기존,2023,3495,20066,4204.0,1786,26171618,507178672,2587178,1469976,28758796,508648648,16102.3,284797.7
2024,163,163,이화여자대학교,본교,대학,대학교,사립,사립,수도권,서울,기존,2023,3197,15933,3201.0,969,14959494,128755209,2958375,279810,17917869,129035019,18491.1,133163.1
2024,170,170,장로회신학대학교,본교,대학,대학교,사립,사립,수도권,서울,기존,2023,150,599,147.0,79,247500,262250,0,0,247500,262250,3132.9,3319.6
2024,175,175,중앙대학교,본교,대학,대학교,사립,사립,수도권,서울,기존,2023,3210,18270,4073.0,1016,12621189,136338975,2893511,13853040,15514700,150192015,15270.4,147826.8
2024,180,180,총신대학교,본교,대학,대학교,사립,사립,수도권,서울,기존,2023,307,1389,348.0,112,67700,2265500,0,0,67700,2265500,604.5,20227.7
2024,181,181,추계예술대학교,본교,대학,대학교,사립,사립,수도권,서울,기존,2023,250,1098,271.0,49,15000,192000,3000,5000,18000,197000,367.3,4020.4
2024,191,191,한국성서대학교,본교,대학,대학교,사립,사립,수도권,서울,기존,2023,223,974,238.0,44,63325,377527,1000,0,64325,377527,1461.9,8580.2
2024,192,192,한국외국어대학교,본교,대학,대학교,사립,사립,수도권,서울,기존,2023,3475,16805,3729.0,620,3489335,17855950,1026000,250000,4515335,18105950,7282.8,29203.1
2024,32,32,한국체육대학교,본교,대학,대학교,국공립,국립,수도권,서울,기존,2023,535,2372,596.0,121,188046,5863172,0,0,188046,5863172,1554.1,48456.0
2024,200,200,한성대학교,본교,대학,대학교,사립,사립,수도권,서울,기존,2023,1498,7024,1463.0,270,1137900,7555701,0,0,1137900,7555701,4214.4,27984.1
2024,203,203,한양대학교,본교,대학,대학교,사립,사립,수도권,서울,기존,2023,2906,15870,3391.0,1142,8401798,267073286,3787444,0,12189242,267073286,10673.6,233864.5
2024,212,212,홍익대학교,본교,대학,대학교,사립,사립,수도권,서울,기존,2023,2421,12183,2643.0,509,4288500,28628063,25600,0,4314100,28628063,8475.6,56243.7
2023,46,49,가톨릭대학교,제3캠퍼스,대학,대학교,사립,사립,수도권,서울,기존,2022,50,200,39.0,17,60000,4800,0,0,60000,4800,3529.4,282.4
2023,46,48,가톨릭대학교,제2캠퍼스,대학,대학교,사립,사립,수도권,서울,기존,2022,173,903,178.0,981,3912514,119024158,301500,98650,4214014,119122808,4295.6,121430.0
2023,50,50,감리교신학대학교,본교,대학,대학교,사립,사립,수도권,서울,기존,2022,192,604,159.0,26,120000,0,0,0,120000,0,4615.4,0.0
2023,79,79,강서대학교,본교,대학,대학교,사립,사립,수도권,서울,기존,2022,277,1644,251.0,53,59100,308327,0,0,59100,308327,1115.1,5817.5
2023,52,52,건국대학교,본교,대학,대학교,사립,사립,수도권,서울,기존,2022,3000,15688,3412.0,623,2685000,83880765,252965,133400,2937965,84014165,4715.8,134854.2
2023,56,58,경기대학교,제2캠퍼스,대학,대학교,사립,사립,수도권,서울,기존,2022,328,2103,437.0,30,23835,158982,0,0,23835,158982,794.5,5299.4
2023,66,66,경희대학교,본교,대학,대학교,사립,사립,수도권,서울,기존,2022,4830,25960,6247.0,1396,11157680,171814091,2718666,827050,13876346,172641141,9940.1,123668.4
2023,69,69,고려대학교,본교,대학,대학교,사립,사립,수도권,서울,기존,2022,3884,20373,4391.0,1525,21543666,442601453,2085626,0,23629292,442601453,15494.6,290230.5
2023,74,74,광운대학교,본교,대학,대학교,사립,사립,수도권,서울,기존,2022,1684,8447,1913.0,323,2196361,42880601,1065034,86000,3261395,42966601,10097.2,133023.5
2023,78,78,국민대학교,본교,대학,대학교,사립,사립,수도권,서울,기존,2022,2966,14799,3518.0,663,2569067,76914622,911100,232300,3480167,77146922,5249.1,116360.4
2023,99,99,덕성여자대학교,본교,대학,대학교,사립,사립,수도권,서울,기존,2022,1120,5385,1411.0,209,313400,7492321,83000,0,396400,7492321,1896.7,35848.4
2023,100,100,동국대학교,본교,대학,대학교,사립,사립,수도권,서울,기존,2022,2778,13416,3488.0,681,3546752,78490633,2015846,385880,5562598,78876513,8168.3,115824.5
2023,102,102,동덕여자대학교,본교,대학,대학교,사립,사립,수도권,서울,기존,2022,1577,6981,1564.0,223,219000,3163533,0,0,219000,3163533,982.1,14186.2
2023,109,111,명지대학교,제2캠퍼스,대학,대학교,사립,사립,수도권,서울,기존,2022,1263,7674,1992.0,240,91500,2397997,0,0,91500,2397997,381.3,9991.7
2023,116,116,삼육대학교,본교,대학,대학교,사립,사립,수도권,서울,기존,2022,1137,5445,1286.0,215,221250,7664500,0,0,221250,7664500,1029.1,35648.8
2023,117,117,상명대학교,본교,대학,대학교,사립,사립,수도권,서울,기존,2022,1379,6322,1462.0,266,511000,36031205,630000,0,1141000,36031205,4289.5,135455.7
2023,120,120,서강대학교,본교,대학,대학교,사립,사립,수도권,서울,기존,2022,1602,8100,1886.0,413,4139811,58244508,393500,70000,4533311,58314508,10976.5,141197.4
2023,121,121,서경대학교,본교,대학,대학교,사립,사립,수도권,서울,기존,2022,1309,6660,1362.0,255,241138,14633010,20000,0,261138,14633010,1024.1,57384.4
2023,36,36,서울과학기술대학교,본교,대학,대학교,국공립,국립,수도권,서울,기존,2022,2148,10115,2163.0,419,3045335,53466207,460000,73518,3505335,53539725,8366.0,127779.8
2023,98,98,서울기독대학교,본교,대학,대학교,사립,사립,수도권,서울,기존,2022,136,413,95.0,27,0,40600,0,0,0,40600,0.0,1503.7
2023,19,19,서울대학교,본교,대학,대학교,국공립,국립대법인,수도권,서울,기존,2022,3233,16662,3113.0,2308,30425876,648070800,100000,0,30525876,648070800,13226.1,280793.2
2023,40,40,서울시립대학교,본교,대학,대학교,국공립,공립,수도권,서울,기존,2022,1727,8697,1951.0,450,5159640,52869686,214000,117500,5373640,52987186,11941.4,117749.3
2023,126,126,서울여자대학교,본교,대학,대학교,사립,사립,수도권,서울,기존,2022,1670,7018,1516.0,232,407200,10308085,35000,0,442200,10308085,1906.0,44431.4
2023,205,205,서울한영대학교,본교,대학,대학교,사립,사립,수도권,서울,기존,2022,180,623,143.0,33,21000,29122,0,0,21000,29122,636.4,882.5
2023,132,132,성공회대학교,본교,대학,대학교,사립,사립,수도권,서울,기존,2022,502,2038,382.0,82,34800,2279349,26000,0,60800,2279349,741.5,27796.9
2023,133,133,성균관대학교,본교,대학,대학교,사립,사립,수도권,서울,기존,2022,3335,19487,4122.0,1520,26592238,485485024,6205705,4877137,32797943,490362161,21577.6,322606.7
2023,136,136,성신여자대학교,본교,대학,대학교,사립,사립,수도권,서울,기존,2022,2195,9229,1979.0,312,591000,9129619,121000,0,712000,9129619,2282.1,29261.6
2023,138,138,세종대학교,본교,대학,대학교,사립,사립,수도권,서울,기존,2022,2360,12414,2698.0,555,1794758,83872892,2037925,406298,3832683,84279190,6905.7,151854.4
2023,141,141,숙명여자대학교,본교,대학,대학교,사립,사립,수도권,서울,기존,2022,2180,10348,2180.0,422,1239583,29107522,607011,60600,1846594,29168122,4375.8,69118.8
2023,143,143,숭실대학교,본교,대학,대학교,사립,사립,수도권,서울,기존,2022,2700,14411,3087.0,507,4229013,46368941,1383000,300000,5612013,46668941,11069.1,92049.2
2023,149,149,연세대학교,본교,대학,대학교,사립,사립,수도권,서울,기존,2022,3471,20335,4030.0,1746,26128524,502430120,2483732,1467000,28612256,503897120,16387.3,288600.9
2023,163,163,이화여자대학교,본교,대학,대학교,사립,사립,수도권,서울,기존,2022,3167,15940,3403.0,981,13410572,126136873,2436210,40000,15846782,126176873,16153.7,128620.7
2023,170,170,장로회신학대학교,본교,대학,대학교,사립,사립,수도권,서울,기존,2022,150,616,169.0,80,245500,291119,0,0,245500,291119,3068.8,3639.0
2023,175,175,중앙대학교,본교,대학,대학교,사립,사립,수도권,서울,기존,2022,3250,18742,4144.0,997,11149494,145973688,3394864,12930876,14544358,158904564,14588.1,159382.7
2023,180,180,총신대학교,본교,대학,대학교,사립,사립,수도권,서울,기존,2022,307,1374,401.0,120,69900,1142243,0,0,69900,1142243,582.5,9518.7
2023,181,181,추계예술대학교,본교,대학,대학교,사립,사립,수도권,서울,기존,2022,250,1110,262.0,53,138044,141954,0,0,138044,141954,2604.6,2678.4
2023,191,191,한국성서대학교,본교,대학,대학교,사립,사립,수도권,서울,기존,2022,223,1014,213.0,44,71600,230141,1000,0,72600,230141,1650.0,5230.5
2023,192,192,한국외국어대학교,본교,대학,대학교,사립,사립,수도권,서울,기존,2022,3377,16740,3889.0,633,3071780,18953179,1019250,274000,4091030,19227179,6462.9,30374.7
2023,32,32,한국체육대학교,본교,대학,대학교,국공립,국립,수도권,서울,기존,2022,535,2410,547.0,118,200000,3008248,0,0,200000,3008248,1694.9,25493.6
2023,200,200,한성대학교,본교,대학,대학교,사립,사립,수도권,서울,기존,2022,1458,6941,1548.0,265,1139480,8276681,0,0,1139480,8276681,4299.9,31232.8
2023,203,203,한양대학교,본교,대학,대학교,사립,사립,수도권,서울,기존,2022,2906,16531,3559.0,1150,14437242,269050222,5561284,1386189,19998526,270436411,17390.0,235162.1
2023,212,212,홍익대학교,본교,대학,대학교,사립,사립,수도권,서울,기존,2022,2421,12365,2888.0,533,4540287,26979749,225600,40000,4765887,27019749,8941.6,50693.7
2022,46,48,가톨릭대학교,제2캠퍼스,대학,대학교,사립,사립,수도권,서울,기존,2021,173,913,179.0,931,3994860,122291832,281500,111458,4276360,122403290,4593.3,131475.1
2022,46,49,가톨릭대학교,제3캠퍼스,대학,대학교,사립,사립,수도권,서울,기존,2021,50,216,39.0,15,70000,0,0,0,70000,0,4666.7,0.0
2022,50,50,감리교신학대학교,본교,대학,대학교,사립,사립,수도권,서울,기존,2021,200,635,187.0,26,85000,0,0,0,85000,0,3269.2,0.0
2022,79,79,강서대학교,본교,대학,대학교,사립,사립,수도권,서울,기존,2021,277,1560,318.0,53,32500,277732,0,0,32500,277732,613.2,5240.2
2022,52,52,건국대학교,본교,대학,대학교,사립,사립,수도권,서울,기존,2021,3000,15343,3863.0,627,4601091,95251882,321798,330965,4922889,95582847,7851.5,152444.7
2022,56,58,경기대학교,제2캠퍼스,대학,대학교,사립,사립,수도권,서울,기존,2021,328,2010,434.0,36,32841,652711,15000,1500,47841,654211,1328.9,18172.5
2022,66,66,경희대학교,본교,대학,대학교,사립,사립,수도권,서울,기존,2021,4830,25998,6514.0,1360,9950008,160749408,1550215,535000,11500223,161284408,8456.0,118591.5
2022,69,69,고려대학교,본교,대학,대학교,사립,사립,수도권,서울,기존,2021,3889,19597,4905.0,1511,22915180,414272363,2050095,0,24965275,414272363,16522.4,274171.0
2022,74,74,광운대학교,본교,대학,대학교,사립,사립,수도권,서울,기존,2021,1684,8496,1802.0,329,2055602,38944363,1241365,0,3296967,38944363,10021.2,118371.9
2022,78,78,국민대학교,본교,대학,대학교,사립,사립,수도권,서울,기존,2021,2966,14562,3930.0,668,1463302,70532503,1692334,152300,3155636,70684803,4724.0,105815.6
2022,99,99,덕성여자대학교,본교,대학,대학교,사립,사립,수도권,서울,기존,2021,1120,5269,1487.0,213,375000,4977922,60000,0,435000,4977922,2042.3,23370.5
2022,100,100,동국대학교,본교,대학,대학교,사립,사립,수도권,서울,기존,2021,2778,13270,3297.0,694,2741665,74498839,2705019,277850,5446684,74776689,7848.2,107747.4
2022,102,102,동덕여자대학교,본교,대학,대학교,사립,사립,수도권,서울,기존,2021,1577,6834,1666.0,233,212000,1590870,0,0,212000,1590870,909.9,6827.8
2022,109,111,명지대학교,제2캠퍼스,대학,대학교,사립,사립,수도권,서울,기존,2021,1263,7613,2119.0,244,143500,2991617,0,0,143500,2991617,588.1,12260.7
2022,116,116,삼육대학교,본교,대학,대학교,사립,사립,수도권,서울,기존,2021,1137,5332,1297.0,215,387500,5444453,0,0,387500,5444453,1802.3,25323.0
2022,117,117,상명대학교,본교,대학,대학교,사립,사립,수도권,서울,기존,2021,1379,6305,1535.0,266,505000,31808579,638000,1707,1143000,31810286,4297.0,119587.5
2022,120,120,서강대학교,본교,대학,대학교,사립,사립,수도권,서울,기존,2021,1574,7974,1969.0,400,2885881,53308625,372400,113150,3258281,53421775,8145.7,133554.4
2022,121,121,서경대학교,본교,대학,대학교,사립,사립,수도권,서울,기존,2021,1269,6510,1383.0,251,259961,8689051,0,0,259961,8689051,1035.7,34617.7
2022,36,36,서울과학기술대학교,본교,대학,대학교,국공립,국립,수도권,서울,기존,2021,2157,10064,2481.0,410,3219747,46410265,415500,99434,3635247,46509699,8866.5,113438.3
2022,98,98,서울기독대학교,본교,대학,대학교,사립,사립,수도권,서울,기존,2021,136,403,79.0,29,0,13000,0,20000,0,33000,0.0,1137.9
2022,19,19,서울대학교,본교,대학,대학교,국공립,국립대법인,수도권,서울,기존,2021,3233,15870,3330.0,2278,27102791,599091726,100000,0,27202791,599091726,11941.5,262990.2
2022,40,40,서울시립대학교,본교,대학,대학교,국공립,공립,수도권,서울,기존,2021,1737,8674,2064.0,447,4466907,48771487,200551,55000,4667458,48826487,10441.7,109231.5
2022,126,126,서울여자대학교,본교,대학,대학교,사립,사립,수도권,서울,기존,2021,1645,7008,1685.0,232,518890,8787965,33000,6000,551890,8793965,2378.8,37905.0
2022,205,205,서울한영대학교,본교,대학,대학교,사립,사립,수도권,서울,기존,2021,180,655,145.0,33,50000,44040,0,0,50000,44040,1515.2,1334.5
2022,132,132,성공회대학교,본교,대학,대학교,사립,사립,수도권,서울,기존,2021,502,1931,460.0,88,36400,1789513,37250,0,73650,1789513,836.9,20335.4
2022,133,133,성균관대학교,본교,대학,대학교,사립,사립,수도권,서울,기존,2021,3335,18298,4664.0,1525,26379653,409635762,7035815,2979228,33415468,412614990,21911.8,270567.2
2022,136,136,성신여자대학교,본교,대학,대학교,사립,사립,수도권,서울,기존,2021,2232,8873,2346.0,326,1063380,7819232,67000,0,1130380,7819232,3467.4,23985.4
2022,138,138,세종대학교,본교,대학,대학교,사립,사립,수도권,서울,기존,2021,2400,11688,2853.0,550,1778125,80719186,1394494,314845,3172619,81034031,5768.4,147334.6
2022,141,141,숙명여자대학교,본교,대학,대학교,사립,사립,수도권,서울,기존,2021,2150,9830,2588.0,432,917250,28990144,459706,7800,1376956,28997944,3187.4,67124.9
2022,143,143,숭실대학교,본교,대학,대학교,사립,사립,수도권,서울,기존,2021,2700,13864,3346.0,510,3614823,47583247,2801652,113800,6416475,47697047,12581.3,93523.6
2022,149,149,연세대학교,본교,대학,대학교,사립,사립,수도권,서울,기존,2021,3457,19239,4351.0,1731,24230237,470855735,1898563,3207879,26128800,474063614,15094.6,273866.9
2022,163,163,이화여자대학교,본교,대학,대학교,사립,사립,수도권,서울,기존,2021,3127,15281,3935.0,989,9954460,113568070,1868825,40000,11823285,113608070,11954.8,114871.7
2022,170,170,장로회신학대학교,본교,대학,대학교,사립,사립,수도권,서울,기존,2021,150,616,178.0,80,271300,141121,0,0,271300,141121,3391.3,1764.0
2022,175,175,중앙대학교,본교,대학,대학교,사립,사립,수도권,서울,기존,2021,3250,18110,4879.0,968,10765687,128405091,2574707,10125476,13340394,138530567,13781.4,143110.1
2022,180,180,총신대학교,본교,대학,대학교,사립,사립,수도권,서울,기존,2021,307,1466,452.0,123,127000,1347882,0,0,127000,1347882,1032.5,10958.4
2022,181,181,추계예술대학교,본교,대학,대학교,사립,사립,수도권,서울,기존,2021,250,1068,298.0,56,40000,232000,0,0,40000,232000,714.3,4142.9
2022,191,191,한국성서대학교,본교,대학,대학교,사립,사립,수도권,서울,기존,2021,223,1025,214.0,44,93727,106000,1000,70000,94727,176000,2152.9,4000.0
2022,192,192,한국외국어대학교,본교,대학,대학교,사립,사립,수도권,서울,기존,2021,3377,16593,4043.0,644,3439978,21680417,1009250,308310,4449228,21988727,6908.7,34144.0
2022,32,32,한국체육대학교,본교,대학,대학교,국공립,국립,수도권,서울,기존,2021,535,2384,601.0,121,199683,2586841,0,0,199683,2586841,1650.3,21378.9
2022,200,200,한성대학교,본교,대학,대학교,사립,사립,수도권,서울,기존,2021,1458,6840,1480.0,265,832500,6526334,0,0,832500,6526334,3141.5,24627.7
2022,203,203,한양대학교,본교,대학,대학교,사립,사립,수도권,서울,기존,2021,2906,15448,3851.0,1138,10125826,228730049,4170224,0,14296050,228730049,12562.4,200993.0
2022,212,212,홍익대학교,본교,대학,대학교,사립,사립,수도권,서울,기존,2021,2421,12163,3065.0,553,4465631,29090116,221600,40000,4687231,29130116,8476.0,52676.5
2021,46,48,가톨릭대학교,제2캠퍼스,대학,대학교,사립,사립,수도권,서울,기존,2020,173,921,174.0,921,3829772,109493313,470625,158680,4300397,109651993,4669.3,119057.5
2021,46,49,가톨릭대학교,제3캠퍼스,대학,대학교,사립,사립,수도권,서울,기존,2020,50,224,44.0,18,25000,0,0,0,25000,0,1388.9,0.0
2021,50,50,감리교신학대학교,본교,대학,대학교,사립,사립,수도권,서울,기존,2020,200,740,185.0,26,0,0,0,0,0,0,0.0,0.0
2021,52,52,건국대학교,본교,대학,대학교,사립,사립,수도권,서울,기존,2020,3000,15751,3585.0,659,4075744,72783085,418909,231278,4494653,73014363,6820.4,110795.7
2021,56,58,경기대학교,제2캠퍼스,대학,대학교,사립,사립,수도권,서울,기존,2020,328,2087,452.0,37,23090,689842,15000,0,38090,689842,1029.5,18644.4
2021,66,66,경희대학교,본교,대학,대학교,사립,사립,수도권,서울,기존,2020,4720,26582,6093.0,1361,3949739,140721219,2689298,765660,6639037,141486879,4878.1,103958.0
2021,69,69,고려대학교,본교,대학,대학교,사립,사립,수도권,서울,기존,2020,3889,20047,4828.0,1504,21893538,366583758,1507222,0,23400760,366583758,15559.0,243739.2
2021,74,74,광운대학교,본교,대학,대학교,사립,사립,수도권,서울,기존,2020,1684,8527,1737.0,332,1474722,40817618,1331735,0,2806457,40817618,8453.2,122944.6
2021,78,78,국민대학교,본교,대학,대학교,사립,사립,수도권,서울,기존,2020,2863,15264,3622.0,685,655000,55998130,1679474,103700,2334474,56101830,3408.0,81900.5
2021,99,99,덕성여자대학교,본교,대학,대학교,사립,사립,수도권,서울,기존,2020,1040,5608,1427.0,226,498500,5426587,60000,0,558500,5426587,2471.2,24011.4
2021,100,100,동국대학교,본교,대학,대학교,사립,사립,수도권,서울,기존,2020,2685,13868,3493.0,711,2514491,62789499,2135010,183885,4649501,62973384,6539.4,88570.2
2021,102,102,동덕여자대학교,본교,대학,대학교,사립,사립,수도권,서울,기존,2020,1507,7130,1577.0,240,290000,1710822,0,0,290000,1710822,1208.3,7128.4
2021,109,111,명지대학교,제2캠퍼스,대학,대학교,사립,사립,수도권,서울,기존,2020,1263,7912,1818.0,245,215000,3404316,0,0,215000,3404316,877.6,13895.2
2021,116,116,삼육대학교,본교,대학,대학교,사립,사립,수도권,서울,기존,2020,1122,5464,1368.0,221,462500,3830142,0,0,462500,3830142,2092.8,17331.0
2021,117,117,상명대학교,본교,대학,대학교,사립,사립,수도권,서울,기존,2020,1379,6536,1408.0,278,490500,27443055,658000,9050,1148500,27452105,4131.3,98748.6
2021,120,120,서강대학교,본교,대학,대학교,사립,사립,수도권,서울,기존,2020,1574,8172,1818.0,407,2767344,49392466,953900,134479,3721244,49526945,9143.1,121687.8
2021,121,121,서경대학교,본교,대학,대학교,사립,사립,수도권,서울,기존,2020,1269,6500,1288.0,254,187340,10136973,20000,0,207340,10136973,816.3,39909.3
2021,36,36,서울과학기술대학교,본교,대학,대학교,국공립,국립,수도권,서울,기존,2020,2127,10206,2361.0,407,3202463,40077645,390500,119516,3592963,40197161,8827.9,98764.5
2021,98,98,서울기독대학교,본교,대학,대학교,사립,사립,수도권,서울,기존,2020,136,461,94.0,27,0,8892,0,0,0,8892,0.0,329.3
2021,19,19,서울대학교,본교,대학,대학교,국공립,국립대법인,수도권,서울,기존,2020,3150,16045,3324.0,2256,20228124,572295698,145000,0,20373124,572295698,9030.6,253677.2
2021,40,40,서울시립대학교,본교,대학,대학교,국공립,공립,수도권,서울,기존,2020,1737,9023,1862.0,441,4424115,43002868,116000,40000,4540115,43042868,10295.0,97602.9
2021,126,126,서울여자대학교,본교,대학,대학교,사립,사립,수도권,서울,기존,2020,1632,7130,1563.0,225,432260,7550217,36900,0,469160,7550217,2085.2,33556.5
2021,205,205,서울한영대학교,본교,대학,대학교,사립,사립,수도권,서울,기존,2020,180,685,138.0,34,500,48000,0,0,500,48000,14.7,1411.8
2021,132,132,성공회대학교,본교,대학,대학교,사립,사립,수도권,서울,기존,2020,502,2056,441.0,88,54000,1603304,17750,20000,71750,1623304,815.3,18446.6
2021,133,133,성균관대학교,본교,대학,대학교,사립,사립,수도권,서울,기존,2020,3303,18882,4261.0,1496,16930671,366531099,5586925,2131012,22517596,368662111,15051.9,246431.9
2021,136,136,성신여자대학교,본교,대학,대학교,사립,사립,수도권,서울,기존,2020,2272,9261,2022.0,333,665333,5342063,78000,0,743333,5342063,2232.2,16042.2
2021,138,138,세종대학교,본교,대학,대학교,사립,사립,수도권,서울,기존,2020,2400,11854,2779.0,546,1578221,67907297,956800,249739,2535021,68157036,4642.9,124829.7
2021,141,141,숙명여자대학교,본교,대학,대학교,사립,사립,수도권,서울,기존,2020,2110,10172,2225.0,440,844000,26004804,505553,7992,1349553,26012796,3067.2,59120.0
2021,143,143,숭실대학교,본교,대학,대학교,사립,사립,수도권,서울,기존,2020,2700,13792,3028.0,539,3109360,38151192,2762084,207666,5871444,38358858,10893.2,71166.7
2021,149,149,연세대학교,본교,대학,대학교,사립,사립,수도권,서울,기존,2020,3417,19016,,1729,14227434,400495335,1242510,2463698,15469944,402959033,8947.3,233059.0
2021,163,163,이화여자대학교,본교,대학,대학교,사립,사립,수도권,서울,기존,2020,3027,15928,3364.0,975,11427885,100793128,2200070,20000,13627955,100813128,13977.4,103398.1
2021,170,170,장로회신학대학교,본교,대학,대학교,사립,사립,수도권,서울,기존,2020,150,632,173.0,80,278000,203195,0,9000,278000,212195,3475.0,2652.4
2021,175,175,중앙대학교,본교,대학,대학교,사립,사립,수도권,서울,기존,2020,3190,18839,5184.0,943,10592894,103504295,230162,11811060,10823056,115315355,11477.3,122285.6
2021,180,180,총신대학교,본교,대학,대학교,사립,사립,수도권,서울,기존,2020,307,1610,399.0,108,106500,303272,0,0,106500,303272,986.1,2808.1
2021,181,181,추계예술대학교,본교,대학,대학교,사립,사립,수도권,서울,기존,2020,250,1114,250.0,52,19915,74440,0,0,19915,74440,383.0,1431.5
2021,79,79,케이씨대학교,본교,대학,대학교,사립,사립,수도권,서울,기존,2020,277,1629,288.0,56,33000,143957,0,0,33000,143957,589.3,2570.7
2021,191,191,한국성서대학교,본교,대학,대학교,사립,사립,수도권,서울,기존,2020,223,1058,256.0,45,39500,215935,1000,0,40500,215935,900.0,4798.6
2021,192,192,한국외국어대학교,본교,대학,대학교,사립,사립,수도권,서울,기존,2020,3377,17522,3757.0,662,3469260,16793231,999250,250000,4468510,17043231,6750.0,25745.1
2021,32,32,한국체육대학교,본교,대학,대학교,국공립,국립,수도권,서울,기존,2020,535,2447,611.0,115,195000,1492116,0,0,195000,1492116,1695.7,12974.9
2021,200,200,한성대학교,본교,대학,대학교,사립,사립,수도권,서울,기존,2020,1458,6610,1447.0,263,917100,7120787,0,0,917100,7120787,3487.1,27075.2
2021,203,203,한양대학교,본교,대학,대학교,사립,사립,수도권,서울,기존,2020,2890,15800,3724.0,1067,11215022,196993733,6302102,100000,17517124,197093733,16417.2,184717.7
2021,212,212,홍익대학교,본교,대학,대학교,사립,사립,수도권,서울,기존,2020,2371,12130,3037.0,571,4574256,22056483,221600,79000,4795856,22135483,8399.0,38766.2
2020,46,49,가톨릭대학교,제3캠퍼스,대학,대학교,사립,사립,수도권,서울,기존,2019,50,231,10.0,18,62617,0,0,0,62617,0,3478.7,0.0
2020,46,48,가톨릭대학교,제2캠퍼스,대학,대학교,사립,사립,수도권,서울,기존,2019,173,923,88.0,903,3003556,92869987,454439,208557,3457995,93078544,3829.5,103077.0
2020,50,50,감리교신학대학교,본교,대학,대학교,사립,사립,수도권,서울,기존,2019,200,814,211.0,25,0,0,0,0,0,0,0.0,0.0
2020,52,52,건국대학교,본교,대학,대학교,사립,사립,수도권,서울,기존,2019,3000,15766,3447.0,689,5834056,70653137,446508,116101,6280564,70769238,9115.5,102713.0
2020,56,58,경기대학교,제2캠퍼스,대학,대학교,사립,사립,수도권,서울,기존,2019,328,1980,516.0,36,37833,512672,15000,7900,52833,520572,1467.6,14460.3
2020,66,66,경희대학교,본교,대학,대학교,사립,사립,수도권,서울,기존,2019,4720,25875,6005.0,1404,7043601,133477317,2492409,1144555,9536010,134621872,6792.0,95884.5
2020,69,69,고려대학교,본교,대학,대학교,사립,사립,수도권,서울,기존,2019,3799,20822,4572.0,1477,25332920,333908633,1028217,0,26361137,333908633,17847.8,226072.2
2020,74,74,광운대학교,본교,대학,대학교,사립,사립,수도권,서울,기존,2019,1684,8181,1818.0,327,1673581,28207377,1331228,0,3004809,28207377,9189.0,86261.1
2020,78,78,국민대학교,본교,대학,대학교,사립,사립,수도권,서울,기존,2019,2863,15109,3520.0,675,250000,48867693,2635993,132400,2885993,49000093,4275.5,72592.7
2020,99,99,덕성여자대학교,본교,대학,대학교,사립,사립,수도권,서울,기존,2019,1040,5506,1229.0,182,563500,6531902,75000,0,638500,6531902,3508.2,35889.6
2020,100,100,동국대학교,본교,대학,대학교,사립,사립,수도권,서울,기존,2019,2685,13944,3081.0,682,2314629,61258959,1696717,256514,4011346,61515473,5881.7,90198.6
2020,102,102,동덕여자대학교,본교,대학,대학교,사립,사립,수도권,서울,기존,2019,1507,6938,1521.0,227,340000,2950620,0,0,340000,2950620,1497.8,12998.3
2020,109,111,명지대학교,제2캠퍼스,대학,대학교,사립,사립,수도권,서울,기존,2019,1263,7262,1593.0,247,10000,3296775,50000,0,60000,3296775,242.9,13347.3
2020,116,116,삼육대학교,본교,대학,대학교,사립,사립,수도권,서울,기존,2019,1122,5517,1276.0,210,371000,4574834,0,10000,371000,4584834,1766.7,21832.5
2020,117,117,상명대학교,본교,대학,대학교,사립,사립,수도권,서울,기존,2019,1302,6544,1495.0,264,485500,22409114,0,7000,485500,22416114,1839.0,84909.5
2020,120,120,서강대학교,본교,대학,대학교,사립,사립,수도권,서울,기존,2019,1574,8275,1567.0,407,2648653,46515739,732750,165158,3381403,46680897,8308.1,114695.1
2020,121,121,서경대학교,본교,대학,대학교,사립,사립,수도권,서울,기존,2019,1269,6185,1461.0,239,280010,6570371,0,0,280010,6570371,1171.6,27491.1
2020,36,36,서울과학기술대학교,본교,대학,대학교,국공립,국립,수도권,서울,기존,2019,2067,10587,2278.0,386,2320530,32269776,247500,54400,2568030,32324176,6652.9,83741.4
2020,98,98,서울기독대학교,본교,대학,대학교,사립,사립,수도권,서울,기존,2019,136,501,102.0,29,0,0,0,0,0,0,0.0,0.0
2020,19,19,서울대학교,본교,대학,대학교,국공립,국립대법인,수도권,서울,기존,2019,3130,16608,3204.0,2256,19829708,514679578,185000,0,20014708,514679578,8871.8,228138.1
2020,40,40,서울시립대학교,본교,대학,대학교,국공립,공립,수도권,서울,기존,2019,1697,9028,1937.0,430,4335530,36889941,141600,210875,4477130,37100816,10411.9,86281.0
2020,126,126,서울여자대학교,본교,대학,대학교,사립,사립,수도권,서울,기존,2019,1592,7141,1384.0,222,329250,5889372,0,11100,329250,5900472,1483.1,26578.7
2020,205,205,서울한영대학교,본교,대학,대학교,사립,사립,수도권,서울,기존,2019,180,695,141.0,37,0,60000,0,0,0,60000,0.0,1621.6
2020,132,132,성공회대학교,본교,대학,대학교,사립,사립,수도권,서울,기존,2019,502,2112,452.0,87,44000,2010937,15000,15000,59000,2025937,678.2,23286.6
2020,133,133,성균관대학교,본교,대학,대학교,사립,사립,수도권,서울,기존,2019,3303,19305,4047.0,1487,31175108,333577569,6618031,3356401,37793139,336933970,25415.7,226586.4
2020,136,136,성신여자대학교,본교,대학,대학교,사립,사립,수도권,서울,기존,2019,2060,8868,1982.0,306,1030000,4858207,63000,0,1093000,4858207,3571.9,15876.5
2020,138,138,세종대학교,본교,대학,대학교,사립,사립,수도권,서울,기존,2019,2320,11943,2614.0,516,1719524,64880988,322014,198959,2041538,65079947,3956.5,126123.9
2020,141,141,숙명여자대학교,본교,대학,대학교,사립,사립,수도권,서울,기존,2019,2110,10123,2371.0,453,1189957,20886382,424299,48562,1614256,20934944,3563.5,46214.0
2020,143,143,숭실대학교,본교,대학,대학교,사립,사립,수도권,서울,기존,2019,2675,13613,2999.0,523,1999190,32207544,2501963,231067,4501153,32438611,8606.4,62024.1
2020,149,149,연세대학교,본교,대학,대학교,사립,사립,수도권,서울,기존,2019,3417,18924,3939.0,1724,11107969,379254722,2284670,3271481,13392639,382526203,7768.4,221882.9
2020,163,163,이화여자대학교,본교,대학,대학교,사립,사립,수도권,서울,기존,2019,3027,15698,3384.0,972,10990373,104452091,2089251,0,13079624,104452091,13456.4,107461.0
2020,170,170,장로회신학대학교,본교,대학,대학교,사립,사립,수도권,서울,기존,2019,150,648,141.0,79,293500,200534,0,8000,293500,208534,3715.2,2639.7
2020,175,175,중앙대학교,본교,대학,대학교,사립,사립,수도권,서울,기존,2019,3150,18747,3807.0,943,10080181,109247474,1799496,476092,11879677,109723566,12597.7,116355.8
2020,180,180,총신대학교,본교,대학,대학교,사립,사립,수도권,서울,기존,2019,334,1693,410.0,112,70500,270380,0,0,70500,270380,629.5,2414.1
2020,181,181,추계예술대학교,본교,대학,대학교,사립,사립,수도권,서울,기존,2019,269,1111,305.0,52,10000,0,10000,0,20000,0,384.6,0.0
2020,79,79,케이씨대학교,본교,대학,대학교,사립,사립,수도권,서울,기존,2019,277,1351,278.0,47,15000,316826,0,0,15000,316826,319.1,6741.0
2020,191,191,한국성서대학교,본교,대학,대학교,사립,사립,수도권,서울,기존,2019,223,1049,230.0,45,19500,170000,0,0,19500,170000,433.3,3777.8
2020,192,192,한국외국어대학교,본교,대학,대학교,사립,사립,수도권,서울,기존,2019,3377,17438,3605.0,680,3308984,15999333,512000,50000,3820984,16049333,5619.1,23602.0
2020,32,32,한국체육대학교,본교,대학,대학교,국공립,국립,수도권,서울,기존,2019,545,2512,591.0,110,199834,2300042,0,0,199834,2300042,1816.7,20909.5
2020,200,200,한성대학교,본교,대학,대학교,사립,사립,수도권,서울,기존,2019,1458,6567,1443.0,262,918670,5297028,0,0,918670,5297028,3506.4,20217.7
2020,203,203,한양대학교,본교,대학,대학교,사립,사립,수도권,서울,기존,2019,2804,15709,3637.0,1063,12126356,176738419,3190926,0,15317282,176738419,14409.5,166263.8
2020,212,212,홍익대학교,본교,대학,대학교,사립,사립,수도권,서울,기존,2019,2371,12136,2689.0,567,4851829,21390158,252641,79875,5104470,21470033,9002.6,37866.0
2019,46,49,가톨릭대학교,제3캠퍼스,대학,대학교,사립,사립,수도권,서울,기존,2018,50,192,41.0,22,50197,0,0,0,50197,0,2281.7,0.0
2019,46,48,가톨릭대학교,제2캠퍼스,대학,대학교,사립,사립,수도권,서울,기존,2018,173,807,88.0,884,2999780,86818163,695643,280366,3695423,87098529,4180.3,98527.7
2019,50,50,감리교신학대학교,본교,대학,대학교,사립,사립,수도권,서울,기존,2018,200,833,187.0,25,0,29320,0,0,0,29320,0.0,1172.8
2019,52,52,건국대학교,본교,대학,대학교,사립,사립,수도권,서울,기존,2018,3000,15933,3274.0,698,4854715,70767925,514054,283336,5368769,71051261,7691.6,101792.6
2019,56,58,경기대학교,제2캠퍼스,대학,대학교,사립,사립,수도권,서울,기존,2018,328,1997,497.0,32,24555,1037260,15000,0,39555,1037260,1236.1,32414.4
2019,66,66,경희대학교,본교,대학,대학교,사립,사립,수도권,서울,기존,2018,4720,26430,5812.0,1434,13024827,129772234,1985754,568847,15010581,130341081,10467.6,90893.4
2019,69,69,고려대학교,본교,대학,대학교,사립,사립,수도권,서울,기존,2018,3799,21165,4345.0,1442,22624043,303803007,541943,0,23165986,303803007,16065.2,210681.7
2019,74,74,광운대학교,본교,대학,대학교,사립,사립,수도권,서울,기존,2018,1684,8199,1905.0,320,1403239,28664028,1327810,0,2731049,28664028,8534.5,89575.1
2019,78,78,국민대학교,본교,대학,대학교,사립,사립,수도권,서울,기존,2018,2863,15575,3108.0,624,350925,47787241,3282000,267617,3632925,48054858,5822.0,77011.0
2019,99,99,덕성여자대학교,본교,대학,대학교,사립,사립,수도권,서울,기존,2018,1161,5620,1218.0,187,648500,5833626,85100,0,733600,5833626,3923.0,31195.9
2019,100,100,동국대학교,본교,대학,대학교,사립,사립,수도권,서울,기존,2018,2685,13975,3027.0,688,2062773,52973901,1503349,458754,3566122,53432655,5183.3,77663.7
2019,102,102,동덕여자대학교,본교,대학,대학교,사립,사립,수도권,서울,기존,2018,1507,6837,1621.0,231,325000,2693965,0,0,325000,2693965,1406.9,11662.2
2019,109,111,명지대학교,제2캠퍼스,대학,대학교,사립,사립,수도권,서울,기존,2018,1263,7300,1566.0,247,207250,4498742,50000,0,257250,4498742,1041.5,18213.5
2019,116,116,삼육대학교,본교,대학,대학교,사립,사립,수도권,서울,기존,2018,1122,5498,1324.0,204,382500,5193690,0,0,382500,5193690,1875.0,25459.3
2019,117,117,상명대학교,본교,대학,대학교,사립,사립,수도권,서울,기존,2018,1302,6750,1589.0,259,500000,21963904,0,0,500000,21963904,1930.5,84802.7
2019,120,120,서강대학교,본교,대학,대학교,사립,사립,수도권,서울,기존,2018,1574,8522,1502.0,413,2147954,49205495,812233,147200,2960187,49352695,7167.5,119498.1
2019,121,121,서경대학교,본교,대학,대학교,사립,사립,수도권,서울,기존,2018,1269,6468,1337.0,235,304959,4415470,0,0,304959,4415470,1297.7,18789.2
2019,36,36,서울과학기술대학교,본교,대학,대학교,국공립,국립,수도권,서울,기존,2018,2067,10635,2039.0,376,2079340,28262311,13000,341330,2092340,28603641,5564.7,76073.5
2019,98,98,서울기독대학교,본교,대학,대학교,사립,사립,수도권,서울,기존,2018,136,537,87.0,33,10000,0,0,0,10000,0,303.0,0.0
2019,19,19,서울대학교,본교,대학,대학교,국공립,국립대법인,수도권,서울,기존,2018,3130,16556,3313.0,2260,17125359,519969199,144500,0,17269859,519969199,7641.5,230074.9
2019,40,40,서울시립대학교,본교,대학,대학교,국공립,공립,수도권,서울,기존,2018,1697,9059,1951.0,420,4654504,35481945,91470,152305,4745974,35634250,11299.9,84843.5
2019,126,126,서울여자대학교,본교,대학,대학교,사립,사립,수도권,서울,기존,2018,1592,7075,1645.0,219,400904,7430082,0,0,400904,7430082,1830.6,33927.3
2019,205,205,서울한영대학교,본교,대학,대학교,사립,사립,수도권,서울,기존,2018,180,675,163.0,38,0,30000,0,0,0,30000,0.0,789.5
2019,132,132,성공회대학교,본교,대학,대학교,사립,사립,수도권,서울,기존,2018,502,2086,450.0,83,27000,1609428,12000,0,39000,1609428,469.9,19390.7
2019,133,133,성균관대학교,본교,대학,대학교,사립,사립,수도권,서울,기존,2018,3303,19798,3925.0,1448,29355284,302602516,1370480,1880080,30725764,304482596,21219.5,210278.0
2019,136,136,성신여자대학교,본교,대학,대학교,사립,사립,수도권,서울,기존,2018,2060,8966,2050.0,316,1647000,3478471,45000,0,1692000,3478471,5354.4,11007.8
2019,138,138,세종대학교,본교,대학,대학교,사립,사립,수도권,서울,기존,2018,2320,11799,2584.0,514,1519634,57365363,1408363,356183,2927997,57721546,5696.5,112298.7
2019,141,141,숙명여자대학교,본교,대학,대학교,사립,사립,수도권,서울,기존,2018,2110,10146,2376.0,453,1368166,18883958,35500,43750,1403666,18927708,3098.6,41783.0
2019,143,143,숭실대학교,본교,대학,대학교,사립,사립,수도권,서울,기존,2018,2675,13617,2838.0,513,2895590,30048478,1132669,198967,4028259,30247445,7852.4,58961.9
2019,149,149,연세대학교,본교,대학,대학교,사립,사립,수도권,서울,기존,2018,3417,19084,3921.0,1684,9611993,353530152,2233030,1868076,11845023,355398228,7033.9,211044.1
2019,163,163,이화여자대학교,본교,대학,대학교,사립,사립,수도권,서울,기존,2018,3027,16088,3086.0,962,11324639,99311932,1440727,0,12765366,99311932,13269.6,103234.9
2019,170,170,장로회신학대학교,본교,대학,대학교,사립,사립,수도권,서울,기존,2018,150,637,163.0,80,305000,216328,0,10000,305000,226328,3812.5,2829.1
2019,175,175,중앙대학교,본교,대학,대학교,사립,사립,수도권,서울,기존,2018,3150,18543,3574.0,939,8583797,90987021,491123,472124,9074920,91459145,9664.5,97400.6
2019,180,180,총신대학교,본교,대학,대학교,사립,사립,수도권,서울,기존,2018,360,1746,450.0,110,75500,243803,0,0,75500,243803,686.4,2216.4
2019,181,181,추계예술대학교,본교,대학,대학교,사립,사립,수도권,서울,기존,2018,269,1176,258.0,48,42706,38656,0,0,42706,38656,889.7,805.3
2019,79,79,케이씨대학교,본교,대학,대학교,사립,사립,수도권,서울,기존,2018,277,1389,288.0,46,14293,103370,0,0,14293,103370,310.7,2247.2
2019,191,191,한국성서대학교,본교,대학,대학교,사립,사립,수도권,서울,기존,2018,223,1088,246.0,43,86460,90800,0,0,86460,90800,2010.7,2111.6
2019,192,192,한국외국어대학교,본교,대학,대학교,사립,사립,수도권,서울,기존,2018,3377,17770,3569.0,694,3375275,13685308,164500,0,3539775,13685308,5100.5,19719.5
2019,32,32,한국체육대학교,본교,대학,대학교,국공립,국립,수도권,서울,기존,2018,545,2455,573.0,114,15000,1620948,15000,0,30000,1620948,263.2,14218.8
2019,200,200,한성대학교,본교,대학,대학교,사립,사립,수도권,서울,기존,2018,1458,6568,1287.0,257,801630,5325248,0,0,801630,5325248,3119.2,20720.8
2019,203,203,한양대학교,본교,대학,대학교,사립,사립,수도권,서울,기존,2018,2804,16142,3574.0,1044,13639801,157698737,3251624,0,16891425,157698737,16179.5,151052.4
2019,212,212,홍익대학교,본교,대학,대학교,사립,사립,수도권,서울,기존,2018,2371,12339,2702.0,557,4453809,21424740,279850,78375,4733659,21503115,8498.5,38605.2
2018,46,48,가톨릭대학교,제2캠퍼스,대학,대학교,사립,사립,수도권,서울,기존,2017,145,679,76.0,890,3052923,84345613,719352,291092,3772275,84636705,4238.5,95097.4
2018,46,49,가톨릭대학교,제3캠퍼스,대학,대학교,사립,사립,수도권,서울,기존,2017,50,178,43.0,21,32087,0,0,0,32087,0,1528.0,0.0
2018,50,50,감리교신학대학교,본교,대학,대학교,사립,사립,수도권,서울,기존,2017,200,823,178.0,25,0,35000,0,0,0,35000,0.0,1400.0
2018,52,52,건국대학교,본교,대학,대학교,사립,사립,수도권,서울,기존,2017,3000,15908,3399.0,716,5056968,63878350,600395,165797,5657363,64044147,7901.3,89447.1
2018,56,58,경기대학교,제2캠퍼스,대학,대학교,사립,사립,수도권,서울,기존,2017,328,2030,487.0,39,51537,1921376,25000,0,76537,1921376,1962.5,49266.1
2018,66,66,경희대학교,본교,대학,대학교,사립,사립,수도권,서울,기존,2017,4663,26063,5462.0,1442,14644978,135962134,2239919,652143,16884897,136614277,11709.4,94739.4
2018,69,69,고려대학교,본교,대학,대학교,사립,사립,수도권,서울,기존,2017,3799,21080,4427.0,1432,16251771,274114789,1054542,0,17306313,274114789,12085.4,191420.9
2018,74,74,광운대학교,본교,대학,대학교,사립,사립,수도권,서울,기존,2017,1684,8019,1822.0,325,1476050,30024938,1457527,0,2933577,30024938,9026.4,92384.4
2018,78,78,국민대학교,본교,대학,대학교,사립,사립,수도권,서울,기존,2017,2863,15290,3132.0,627,3598195,48061952,3324479,367258,6922674,48429210,11040.9,77239.6
2018,99,99,덕성여자대학교,본교,대학,대학교,사립,사립,수도권,서울,기존,2017,1210,5716,1145.0,196,674500,6855091,191000,5000,865500,6860091,4415.8,35000.5
2018,100,100,동국대학교,본교,대학,대학교,사립,사립,수도권,서울,기존,2017,2685,13872,2993.0,714,1949511,55433942,1160890,860119,3110401,56294061,4356.3,78843.2
2018,102,102,동덕여자대학교,본교,대학,대학교,사립,사립,수도권,서울,기존,2017,1507,6818,1610.0,240,376300,2678443,0,0,376300,2678443,1567.9,11160.2
2018,109,111,명지대학교,제2캠퍼스,대학,대학교,사립,사립,수도권,서울,기존,2017,1263,6966,1617.0,244,170250,5056007,50000,0,220250,5056007,902.7,20721.3
2018,116,116,삼육대학교,본교,대학,대학교,사립,사립,수도권,서울,기존,2017,1122,5662,1202.0,209,290000,4954671,0,187518,290000,5142189,1387.6,24603.8
2018,117,117,상명대학교,본교,대학,대학교,사립,사립,수도권,서울,기존,2017,1302,6808,1742.0,262,496000,21914397,0,0,496000,21914397,1893.1,83642.7
2018,120,120,서강대학교,본교,대학,대학교,사립,사립,수도권,서울,기존,2017,1574,8302,1642.0,411,2357572,54420605,584000,186274,2941572,54606879,7157.1,132863.5
2018,121,121,서경대학교,본교,대학,대학교,사립,사립,수도권,서울,기존,2017,1269,6468,1405.0,241,293509,3522786,0,0,293509,3522786,1217.9,14617.4
2018,36,36,서울과학기술대학교,본교,대학,대학교,국공립,국립,수도권,서울,기존,2017,2067,10406,1339.0,376,1829700,29083695,13000,385842,1842700,29469537,4900.8,78376.4
2018,98,98,서울기독대학교,본교,대학,대학교,사립,사립,수도권,서울,기존,2017,136,604,114.0,33,28160,42229,11500,0,39660,42229,1201.8,1279.7
2018,19,19,서울대학교,본교,대학,대학교,국공립,국립대법인,수도권,서울,기존,2017,3130,16511,3166.0,2227,14239104,497434186,1024500,0,15263604,497434186,6853.9,223365.1
2018,40,40,서울시립대학교,본교,대학,대학교,국공립,공립,수도권,서울,기존,2017,1697,8990,1920.0,429,4369809,37168012,123750,252700,4493559,37420712,10474.5,87227.8
2018,126,126,서울여자대학교,본교,대학,대학교,사립,사립,수도권,서울,기존,2017,1592,7187,1576.0,233,612338,7103580,0,0,612338,7103580,2628.1,30487.5
2018,205,205,서울한영대학교,본교,대학,대학교,사립,사립,수도권,서울,기존,2017,180,662,173.0,41,80850,36200,0,0,80850,36200,1972.0,882.9
2018,132,132,성공회대학교,본교,대학,대학교,사립,사립,수도권,서울,기존,2017,502,2063,478.0,90,7200,518838,0,0,7200,518838,80.0,5764.9
2018,133,133,성균관대학교,본교,대학,대학교,사립,사립,수도권,서울,기존,2017,3303,19541,4114.0,1459,24839642,291986436,6835525,3803189,31675167,295789625,21710.2,202734.5
2018,136,136,성신여자대학교,본교,대학,대학교,사립,사립,수도권,서울,기존,2017,2060,9124,2286.0,326,1641000,4732814,90000,0,1731000,4732814,5309.8,14517.8
2018,138,138,세종대학교,본교,대학,대학교,사립,사립,수도권,서울,기존,2017,2320,11861,2588.0,519,2016250,60495432,616055,338622,2632305,60834054,5071.9,117214.0
2018,141,141,숙명여자대학교,본교,대학,대학교,사립,사립,수도권,서울,기존,2017,2110,10158,2353.0,460,2688808,19564414,785500,81250,3474308,19645664,7552.8,42708.0
2018,143,143,숭실대학교,본교,대학,대학교,사립,사립,수도권,서울,기존,2017,2675,13402,2707.0,521,2782320,27027382,393000,237684,3175320,27265066,6094.7,52332.2
2018,149,149,연세대학교,본교,대학,대학교,사립,사립,수도권,서울,기존,2017,3417,19164,4156.0,1696,8903872,335225717,1757467,2725680,10661339,337951397,6286.2,199263.8
2018,163,163,이화여자대학교,본교,대학,대학교,사립,사립,수도권,서울,기존,2017,3004,15789,3293.0,999,11268814,95818896,1502885,0,12771699,95818896,12784.5,95914.8
2018,170,170,장로회신학대학교,본교,대학,대학교,사립,사립,수도권,서울,기존,2017,150,622,177.0,79,346200,219328,0,12000,346200,231328,4382.3,2928.2
2018,175,175,중앙대학교,본교,대학,대학교,사립,사립,수도권,서울,기존,2017,3258,18366,3574.0,952,7866392,95265521,1045878,610847,8912270,95876368,9361.6,100710.5
2018,180,180,총신대학교,본교,대학,대학교,사립,사립,수도권,서울,기존,2017,360,1785,521.0,122,108000,304050,0,0,108000,304050,885.2,2492.2
2018,181,181,추계예술대학교,본교,대학,대학교,사립,사립,수도권,서울,기존,2017,269,1179,350.0,50,45225,125753,0,0,45225,125753,904.5,2515.1
2018,79,79,케이씨대학교,본교,대학,대학교,사립,사립,수도권,서울,기존,2017,277,1444,265.0,43,35500,91000,0,0,35500,91000,825.6,2116.3
2018,191,191,한국성서대학교,본교,대학,대학교,사립,사립,수도권,서울,기존,2017,223,1109,242.0,44,77685,192201,0,0,77685,192201,1765.6,4368.2
2018,192,192,한국외국어대학교,본교,대학,대학교,사립,사립,수도권,서울,기존,2017,3377,17345,3516.0,697,4073026,20071991,281752,0,4354778,20071991,6247.9,28797.7
2018,32,32,한국체육대학교,본교,대학,대학교,국공립,국립,수도권,서울,기존,2017,545,2541,497.0,114,325000,2176880,0,0,325000,2176880,2850.9,19095.4
2018,200,200,한성대학교,본교,대학,대학교,사립,사립,수도권,서울,기존,2017,1458,6482,1452.0,256,887230,4195991,0,0,887230,4195991,3465.7,16390.6
2018,203,203,한양대학교,본교,대학,대학교,사립,사립,수도권,서울,기존,2017,2804,15833,3511.0,1042,10978511,166886695,3213332,0,14191843,166886695,13619.8,160160.0
2018,212,212,홍익대학교,본교,대학,대학교,사립,사립,수도권,서울,기존,2017,2371,12203,2573.0,540,4582009,17939778,493883,173875,5075892,18113653,9399.8,33543.8
2017,46,48,가톨릭대학교,제2캠퍼스,대학,대학교,사립,사립,수도권,서울,기존,2016,145,583,92.0,880,4048340,79491490,822172,397760,4870512,79889250,5534.7,90783.2
2017,46,49,가톨릭대학교,제3캠퍼스,대학,대학교,사립,사립,수도권,서울,기존,2016,60,179,55.0,21,57486,0,0,0,57486,0,2737.4,0.0
2017,50,50,감리교신학대학교,본교,대학,대학교,사립,사립,수도권,서울,기존,2016,200,835,196.0,26,0,35000,0,0,0,35000,0.0,1346.2
2017,52,52,건국대학교,본교,대학,대학교,사립,사립,수도권,서울,기존,2016,3000,15552,3676.0,702,5448515,62347818,612059,452435,6060574,62800253,8633.3,89459.0
2017,56,58,경기대학교,제2캠퍼스,대학,대학교,사립,사립,수도권,서울,기존,2016,328,2080,440.0,41,39776,1086350,25000,0,64776,1086350,1579.9,26496.3
2017,66,66,경희대학교,본교,대학,대학교,사립,사립,수도권,서울,기존,2016,4663,25197,5693.0,1452,14766213,124593122,1469617,732832,16235830,125325954,11181.7,86312.6
2017,69,69,고려대학교,본교,대학,대학교,사립,사립,수도권,서울,기존,2016,3799,21110,4483.0,1449,18544532,267177152,1527565,0,20072097,267177152,13852.4,184387.3
2017,74,74,광운대학교,본교,대학,대학교,사립,사립,수도권,서울,기존,2016,1684,8213,2020.0,330,1402300,23071680,436415,0,1838715,23071680,5571.9,69914.2
2017,78,78,국민대학교,본교,대학,대학교,사립,사립,수도권,서울,기존,2016,2863,14944,3405.0,648,3934420,39159161,1588330,254373,5522750,39413534,8522.8,60823.4
2017,99,99,덕성여자대학교,본교,대학,대학교,사립,사립,수도권,서울,기존,2016,1210,5747,1306.0,195,876600,6161994,85000,0,961600,6161994,4931.3,31600.0
2017,100,100,동국대학교,본교,대학,대학교,사립,사립,수도권,서울,기존,2016,2685,13701,3114.0,716,1479851,48489743,1109950,578529,2589801,49068272,3617.0,68531.1
2017,102,102,동덕여자대학교,본교,대학,대학교,사립,사립,수도권,서울,기존,2016,1507,6763,1814.0,238,350400,2634618,0,0,350400,2634618,1472.3,11069.8
2017,109,111,명지대학교,제2캠퍼스,대학,대학교,사립,사립,수도권,서울,기존,2016,1263,6835,1744.0,242,222920,2837138,50000,10614,272920,2847752,1127.8,11767.6
2017,116,116,삼육대학교,본교,대학,대학교,사립,사립,수도권,서울,기존,2016,1158,5585,1396.0,220,277000,3858884,14400,0,291400,3858884,1324.5,17540.4
2017,117,117,상명대학교,본교,대학,대학교,사립,사립,수도권,서울,기존,2016,1302,7106,1609.0,258,480000,15524591,0,0,480000,15524591,1860.5,60172.8
2017,120,120,서강대학교,본교,대학,대학교,사립,사립,수도권,서울,기존,2016,1574,8119,1799.0,424,2291900,65392950,510000,186961,2801900,65579911,6608.3,154669.6
2017,121,121,서경대학교,본교,대학,대학교,사립,사립,수도권,서울,기존,2016,1367,6631,1469.0,223,224003,3075529,0,0,224003,3075529,1004.5,13791.6
2017,36,36,서울과학기술대학교,본교,대학,대학교,국공립,국립,수도권,서울,기존,2016,2067,9320,889.0,369,1536500,27634764,0,82270,1536500,27717034,4164.0,75113.9
2017,98,98,서울기독대학교,본교,대학,대학교,사립,사립,수도권,서울,기존,2016,149,573,126.0,33,6000,0,6000,0,12000,0,363.6,0.0
2017,19,19,서울대학교,본교,대학,대학교,국공립,국립대법인,수도권,서울,기존,2016,3090,16451,3273.0,2237,13766380,530925110,1319500,0,15085880,530925110,6743.8,237338.0
2017,40,40,서울시립대학교,본교,대학,대학교,국공립,공립,수도권,서울,기존,2016,1697,9109,1991.0,420,5015219,39557765,467839,308232,5483058,39865997,13054.9,94919.0
2017,126,126,서울여자대학교,본교,대학,대학교,사립,사립,수도권,서울,기존,2016,1592,7243,1824.0,241,490101,6206099,14400,0,504501,6206099,2093.4,25751.4
2017,205,205,서울한영대학교,본교,대학,대학교,사립,사립,수도권,서울,기존,2016,180,714,175.0,42,10000,10000,0,0,10000,10000,238.1,238.1
2017,132,132,성공회대학교,본교,대학,대학교,사립,사립,수도권,서울,기존,2016,502,2159,513.0,83,4800,1523736,6700,0,11500,1523736,138.6,18358.3
2017,133,133,성균관대학교,본교,대학,대학교,사립,사립,수도권,서울,기존,2016,3303,19108,4227.0,1437,24947323,248104082,11317149,7130188,36264472,255234270,25236.2,177616.1
2017,136,136,성신여자대학교,본교,대학,대학교,사립,사립,수도권,서울,기존,2016,2060,9233,2432.0,333,1609000,5462339,40000,0,1649000,5462339,4952.0,16403.4
2017,138,138,세종대학교,본교,대학,대학교,사립,사립,수도권,서울,기존,2016,2320,11730,2596.0,483,1445285,59449824,1084612,314615,2529897,59764439,5237.9,123735.9
2017,141,141,숙명여자대학교,본교,대학,대학교,사립,사립,수도권,서울,기존,2016,2198,10257,2635.0,464,2327748,17124587,849000,35797,3176748,17160384,6846.4,36983.6
2017,143,143,숭실대학교,본교,대학,대학교,사립,사립,수도권,서울,기존,2016,2675,12926,3034.0,503,3283595,25689757,222300,229574,3505895,25919331,6970.0,51529.5
2017,149,149,연세대학교,본교,대학,대학교,사립,사립,수도권,서울,기존,2016,3384,19114,4229.0,1687,7354755,300446743,1623388,3057809,8978143,303504552,5322.0,179907.9
2017,163,163,이화여자대학교,본교,대학,대학교,사립,사립,수도권,서울,기존,2016,3004,15540,3429.0,997,11164986,103047752,2213437,0,13378423,103047752,13418.7,103357.8
2017,170,170,장로회신학대학교,본교,대학,대학교,사립,사립,수도권,서울,기존,2016,150,678,134.0,79,257900,308901,0,13000,257900,321901,3264.6,4074.7
2017,175,175,중앙대학교,본교,대학,대학교,사립,사립,수도권,서울,기존,2016,3258,17665,3577.0,898,7829474,86263665,837566,538030,8667040,86801695,9651.5,96661.1
2017,180,180,총신대학교,본교,대학,대학교,사립,사립,수도권,서울,기존,2016,360,1906,493.0,126,127000,123613,0,0,127000,123613,1007.9,981.1
2017,181,181,추계예술대학교,본교,대학,대학교,사립,사립,수도권,서울,기존,2016,290,1249,255.0,49,40000,248350,0,0,40000,248350,816.3,5068.4
2017,79,79,케이씨대학교,본교,대학,대학교,사립,사립,수도권,서울,기존,2016,310,1382,308.0,50,27000,43200,0,0,27000,43200,540.0,864.0
2017,191,191,한국성서대학교,본교,대학,대학교,사립,사립,수도권,서울,기존,2016,240,1074,217.0,46,26800,120967,0,68493,26800,189460,582.6,4118.7
2017,192,192,한국외국어대학교,본교,대학,대학교,사립,사립,수도권,서울,기존,2016,3377,17042,3844.0,693,4159273,19490597,305252,0,4464525,19490597,6442.3,28125.0
2017,32,32,한국체육대학교,본교,대학,대학교,국공립,국립,수도권,서울,기존,2016,590,2549,539.0,112,351000,1227337,0,0,351000,1227337,3133.9,10958.4
2017,200,200,한성대학교,본교,대학,대학교,사립,사립,수도권,서울,기존,2016,1458,6342,1490.0,257,1044050,4329426,106389,63000,1150439,4392426,4476.4,17091.2
2017,203,203,한양대학교,본교,대학,대학교,사립,사립,수도권,서울,기존,2016,2804,15457,3673.0,1005,9038539,154731466,3290075,0,12328614,154731466,12267.3,153961.7
2017,212,212,홍익대학교,본교,대학,대학교,사립,사립,수도권,서울,기존,2016,2470,12039,2737.0,533,4289885,15843465,277500,153000,4567385,15996465,8569.2,30012.1
2016,46,49,가톨릭대학교,제3캠퍼스,대학,대학교,사립,사립,수도권,서울,기존,2015,60,207,39.0,25,47302,0,0,0,47302,0,1892.1,0.0
2016,46,48,가톨릭대학교,제2캠퍼스,대학,대학교,사립,사립,수도권,서울,기존,2015,145,488,107.0,880,2199971,80868724,896502,312000,3096473,81180724,3518.7,92250.8
2016,50,50,감리교신학대학교,본교,대학,대학교,사립,사립,수도권,서울,기존,2015,200,840,219.0,27,0,0,0,0,0,0,0.0,0.0
2016,52,52,건국대학교,본교,대학,대학교,사립,사립,수도권,서울,기존,2015,3000,15583,3809.0,712,4345344,57165671,559120,349908,4904464,57515579,6888.3,80780.3
2016,56,58,경기대학교,제2캠퍼스,대학,대학교,사립,사립,수도권,서울,기존,2015,328,2065,476.0,40,25598,522006,0,0,25598,522006,640.0,13050.2
2016,66,66,경희대학교,본교,대학,대학교,사립,사립,수도권,서울,기존,2015,4798,25508,5439.0,1419,9796312,123213782,0,0,9796312,123213782,6903.7,86831.4
2016,69,69,고려대학교,본교,대학,대학교,사립,사립,수도권,서울,기존,2015,3767,20416,4393.0,1446,15871396,243417037,2060348,0,17931744,243417037,12400.9,168338.2
2016,74,74,광운대학교,본교,대학,대학교,사립,사립,수도권,서울,기존,2015,1712,8502,2073.0,331,1381500,23871543,263677,0,1645177,23871543,4970.3,72119.5
2016,78,78,국민대학교,본교,대학,대학교,사립,사립,수도권,서울,기존,2015,2887,15162,3538.0,653,3928530,39395152,1616370,224099,5544900,39619251,8491.4,60672.7
2016,99,99,덕성여자대학교,본교,대학,대학교,사립,사립,수도권,서울,기존,2015,1210,5888,1231.0,191,952600,4397084,317140,0,1269740,4397084,6647.9,23021.4
2016,100,100,동국대학교,본교,대학,대학교,사립,사립,수도권,서울,기존,2015,2685,13570,3140.0,672,1172733,48821209,900950,216013,2073683,49037222,3085.8,72972.1
2016,102,102,동덕여자대학교,본교,대학,대학교,사립,사립,수도권,서울,기존,2015,1507,7040,1928.0,238,350000,1923634,0,0,350000,1923634,1470.6,8082.5
2016,109,111,명지대학교,제2캠퍼스,대학,대학교,사립,사립,수도권,서울,기존,2015,1263,6980,1781.0,251,287552,2033793,50000,4500,337552,2038293,1344.8,8120.7
2016,116,116,삼육대학교,본교,대학,대학교,사립,사립,수도권,서울,기존,2015,1167,5630,1348.0,203,90000,2398077,0,0,90000,2398077,443.3,11813.2
2016,117,117,상명대학교,본교,대학,대학교,사립,사립,수도권,서울,기존,2015,1316,7331,1615.0,263,446000,15377618,0,0,446000,15377618,1695.8,58470.0
2016,120,120,서강대학교,본교,대학,대학교,사립,사립,수도권,서울,기존,2015,1600,7982,2276.0,434,2032434,56354715,170000,117000,2202434,56471715,5074.7,130119.2
2016,121,121,서경대학교,본교,대학,대학교,사립,사립,수도권,서울,기존,2015,1410,6753,1448.0,222,194008,2340077,0,0,194008,2340077,873.9,10540.9
2016,36,36,서울과학기술대학교,본교,대학,대학교,국공립,국립,수도권,서울,기존,2015,2132,8274,396.0,369,1753350,28401736,86125,152756,1839475,28554492,4985.0,77383.4
2016,98,98,서울기독대학교,본교,대학,대학교,사립,사립,수도권,서울,기존,2015,161,589,155.0,32,0,20000,0,0,0,20000,0.0,625.0
2016,19,19,서울대학교,본교,대학,대학교,국공립,국립대법인,수도권,서울,기존,2015,3090,16511,3375.0,2248,11422674,485946190,1279485,15000,12702159,485961190,5650.4,216174.9
2016,40,40,서울시립대학교,본교,대학,대학교,국공립,공립,수도권,서울,기존,2015,1711,9147,2102.0,418,5950184,38083756,192200,427745,6142384,38511501,14694.7,92132.8
2016,126,126,서울여자대학교,본교,대학,대학교,사립,사립,수도권,서울,기존,2015,1592,7624,1825.0,242,814535,5461261,0,0,814535,5461261,3365.8,22567.2
2016,132,132,성공회대학교,본교,대학,대학교,사립,사립,수도권,서울,기존,2015,513,2161,478.0,84,0,2046684,6700,0,6700,2046684,79.8,24365.3
2016,133,133,성균관대학교,본교,대학,대학교,사립,사립,수도권,서울,기존,2015,3319,19224,4417.0,1426,22114587,248613257,11149855,5791263,33264442,254404520,23327.1,178404.3
2016,136,136,성신여자대학교,본교,대학,대학교,사립,사립,수도권,서울,기존,2015,2060,9620,2409.0,332,1583000,7819496,0,0,1583000,7819496,4768.1,23552.7
2016,138,138,세종대학교,본교,대학,대학교,사립,사립,수도권,서울,기존,2015,2320,11499,2502.0,447,1768007,48724860,440166,192428,2208173,48917288,4940.0,109434.6
2016,141,141,숙명여자대학교,본교,대학,대학교,사립,사립,수도권,서울,기존,2015,2198,10492,2528.0,470,1748000,16036493,976500,33479,2724500,16069972,5796.8,34191.4
2016,143,143,숭실대학교,본교,대학,대학교,사립,사립,수도권,서울,기존,2015,2675,12757,3149.0,494,3191690,27506503,363644,367486,3555334,27873989,7197.0,56425.1
2016,149,149,연세대학교,본교,대학,대학교,사립,사립,수도권,서울,기존,2015,3366,19465,4414.0,1648,13144435,272732229,2263288,1735091,15407723,274467320,9349.3,166545.7
2016,163,163,이화여자대학교,본교,대학,대학교,사립,사립,수도권,서울,기존,2015,3027,15315,3504.0,1001,11545644,101749586,3293436,0,14839080,101749586,14824.3,101647.9
2016,170,170,장로회신학대학교,본교,대학,대학교,사립,사립,수도권,서울,기존,2015,150,681,160.0,78,381500,241251,0,10000,381500,251251,4891.0,3221.2
2016,175,175,중앙대학교,본교,대학,대학교,사립,사립,수도권,서울,기존,2015,3232,17002,3495.0,881,7363517,72513999,855442,283741,8218959,72797740,9329.1,82630.8
2016,180,180,총신대학교,본교,대학,대학교,사립,사립,수도권,서울,기존,2015,360,2026,482.0,129,138000,162574,0,0,138000,162574,1069.8,1260.3
2016,181,181,추계예술대학교,본교,대학,대학교,사립,사립,수도권,서울,기존,2015,290,1208,288.0,49,50000,180000,0,0,50000,180000,1020.4,3673.5
2016,79,79,케이씨대학교,본교,대학,대학교,사립,사립,수도권,서울,기존,2015,310,1433,295.0,52,35322,30000,0,0,35322,30000,679.3,576.9
2016,191,191,한국성서대학교,본교,대학,대학교,사립,사립,수도권,서울,기존,2015,240,1022,289.0,45,41000,213772,0,0,41000,213772,911.1,4750.5
2016,192,192,한국외국어대학교,본교,대학,대학교,사립,사립,수도권,서울,기존,2015,3377,16715,4177.0,687,4888360,20643970,533252,0,5421612,20643970,7891.7,30049.4
2016,32,32,한국체육대학교,본교,대학,대학교,국공립,국립,수도권,서울,기존,2015,590,2505,553.0,109,343000,2749184,0,0,343000,2749184,3146.8,25221.9
2016,200,200,한성대학교,본교,대학,대학교,사립,사립,수도권,서울,기존,2015,1480,6651,1593.0,260,1488200,3857006,74450,51000,1562650,3908006,6010.2,15030.8
2016,203,203,한양대학교,본교,대학,대학교,사립,사립,수도권,서울,기존,2015,2817,15499,3696.0,1012,9496482,148828129,3093241,0,12589723,148828129,12440.4,147063.4
2016,205,205,한영신학대학교,본교,대학,대학교,사립,사립,수도권,서울,기존,2015,200,752,169.0,43,10200,31395,0,0,10200,31395,237.2,730.1
2016,212,212,홍익대학교,본교,대학,대학교,사립,사립,수도권,서울,기존,2015,2470,12145,2834.0,526,4413683,13127823,225750,0,4639433,13127823,8820.2,24957.8
2015,46,49,가톨릭대학교,제3캠퍼스,대학,대학교,사립,사립,수도권,서울,기존,2014,60,182,66.0,25,45661,0,0,0,45661,0,1826.4,0.0
2015,46,48,가톨릭대학교,제2캠퍼스,대학,대학교,사립,사립,수도권,서울,기존,2014,145,454,115.0,872,1960927,76684612,797000,456918,2757927,77141530,3162.8,88465.1
2015,50,50,감리교신학대학교,본교,대학,대학교,사립,사립,수도권,서울,기존,2014,200,858,234.0,28,0,20600,0,0,0,20600,0.0,735.7
2015,52,52,건국대학교,본교,대학,대학교,사립,사립,수도권,서울,기존,2014,3000,15698,3749.0,706,5247701,56034774,488800,427447,5736501,56462221,8125.4,79974.8
2015,56,58,경기대학교,제2캠퍼스,대학,대학교,사립,사립,수도권,서울,기존,2014,332,2142,523.0,50,45500,275129,0,0,45500,275129,910.0,5502.6
2015,66,66,경희대학교,본교,대학,대학교,사립,사립,수도권,서울,기존,2014,4915,25259,5569.0,1421,7906602,127576180,1275000,92400,9181602,127668580,6461.4,89844.2
2015,69,69,고려대학교,본교,대학,대학교,사립,사립,수도권,서울,기존,2014,3767,20254,4215.0,1439,12308886,217955540,2064313,0,14373199,217955540,9988.3,151463.2
2015,74,74,광운대학교,본교,대학,대학교,사립,사립,수도권,서울,기존,2014,1755,8751,2428.0,331,1424596,26043468,443917,72000,1868513,26115468,5645.1,78898.7
2015,78,78,국민대학교,본교,대학,대학교,사립,사립,수도권,서울,기존,2014,2983,15617,3329.0,633,3434565,34131580,862690,567481,4297255,34699061,6788.7,54816.8
2015,99,99,덕성여자대학교,본교,대학,대학교,사립,사립,수도권,서울,기존,2014,1210,6094,1634.0,199,879400,4702046,134274,0,1013674,4702046,5093.8,23628.4
2015,100,100,동국대학교,본교,대학,대학교,사립,사립,수도권,서울,기존,2014,2685,13759,2922.0,683,2199695,45676015,1315261,1177430,3514956,46853445,5146.3,68599.5
2015,102,102,동덕여자대학교,본교,대학,대학교,사립,사립,수도권,서울,기존,2014,1574,7918,1724.0,241,375000,1446524,0,0,375000,1446524,1556.0,6002.2
2015,109,111,명지대학교,제2캠퍼스,대학,대학교,사립,사립,수도권,서울,기존,2014,1263,7326,1668.0,249,415311,2480378,60000,3000,475311,2483378,1908.9,9973.4
2015,116,116,삼육대학교,본교,대학,대학교,사립,사립,수도권,서울,기존,2014,1207,5751,1393.0,191,280000,2702362,0,0,280000,2702362,1466.0,14148.5
2015,117,117,상명대학교,본교,대학,대학교,사립,사립,수도권,서울,기존,2014,1344,7275,1377.0,261,437000,9963259,23000,62200,460000,10025459,1762.5,38411.7
2015,120,120,서강대학교,본교,대학,대학교,사립,사립,수도권,서울,기존,2014,1640,8001,1881.0,439,3288922,50675396,50000,147000,3338922,50822396,7605.7,115768.6
2015,121,121,서경대학교,본교,대학,대학교,사립,사립,수도권,서울,기존,2014,1410,6745,1377.0,211,252478,1720656,0,0,252478,1720656,1196.6,8154.8
2015,36,36,서울과학기술대학교,본교,대학,대학교,국공립,국립,수도권,서울,기존,2014,2204,6712,99.0,359,2252548,27525482,98404,382194,2350952,27907676,6548.6,77737.3
2015,98,98,서울기독대학교,본교,대학,대학교,사립,사립,수도권,서울,기존,2014,161,673,126.0,33,0,44980,0,0,0,44980,0.0,1363.0
2015,19,19,서울대학교,본교,대학,대학교,국공립,국립대법인,수도권,서울,기존,2014,3090,16511,3394.0,2231,13708195,498283540,1212000,0,14920195,498283540,6687.7,223345.4
2015,40,40,서울시립대학교,본교,대학,대학교,국공립,공립,수도권,서울,기존,2014,1768,9516,1941.0,403,4873035,36104246,182000,258794,5055035,36363040,12543.5,90230.9
2015,126,126,서울여자대학교,본교,대학,대학교,사립,사립,수도권,서울,기존,2014,1643,7770,1853.0,246,825790,5997072,0,0,825790,5997072,3356.9,24378.3
2015,132,132,성공회대학교,본교,대학,대학교,사립,사립,수도권,서울,기존,2014,513,2335,512.0,83,0,1743919,0,0,0,1743919,0.0,21011.1
2015,133,133,성균관대학교,본교,대학,대학교,사립,사립,수도권,서울,기존,2014,3432,19357,4193.0,1423,22603039,227418351,7649405,4177324,30252444,231595675,21259.6,162751.7
2015,136,136,성신여자대학교,본교,대학,대학교,사립,사립,수도권,서울,기존,2014,2216,9962,2366.0,345,1490400,7983214,0,0,1490400,7983214,4320.0,23139.8
2015,138,138,세종대학교,본교,대학,대학교,사립,사립,수도권,서울,기존,2014,2320,11293,2412.0,442,1748810,41118358,436000,251174,2184810,41369532,4943.0,93596.2
2015,141,141,숙명여자대학교,본교,대학,대학교,사립,사립,수도권,서울,기존,2014,2198,10674,2400.0,453,1724000,14435030,1050000,26175,2774000,14461205,6123.6,31923.2
2015,143,143,숭실대학교,본교,대학,대학교,사립,사립,수도권,서울,기존,2014,2675,12935,2970.0,488,2665974,28906663,409616,372022,3075590,29278685,6302.4,59997.3
2015,149,149,연세대학교,본교,대학,대학교,사립,사립,수도권,서울,기존,2014,3366,19546,4298.0,1637,11302932,250572390,2437205,1192128,13740137,251764518,8393.5,153796.3
2015,163,163,이화여자대학교,본교,대학,대학교,사립,사립,수도권,서울,기존,2014,3027,15183,3322.0,1004,9810653,86758311,1934657,0,11745310,86758311,11698.5,86412.7
2015,170,170,장로회신학대학교,본교,대학,대학교,사립,사립,수도권,서울,기존,2014,150,683,177.0,79,309000,279440,0,0,309000,279440,3911.4,3537.2
2015,175,175,중앙대학교,본교,대학,대학교,사립,사립,수도권,서울,기존,2014,3232,16547,3070.0,881,8578217,66713130,746360,161200,9324577,66874330,10584.1,75907.3
2015,180,180,총신대학교,본교,대학,대학교,사립,사립,수도권,서울,기존,2014,360,2026,441.0,123,130000,294545,0,0,130000,294545,1056.9,2394.7
2015,181,181,추계예술대학교,본교,대학,대학교,사립,사립,수도권,서울,기존,2014,290,1196,299.0,49,34449,0,0,0,34449,0,703.0,0.0
2015,79,79,케이씨대학교,본교,대학,대학교,사립,사립,수도권,서울,기존,2014,330,1455,279.0,51,36000,7000,0,0,36000,7000,705.9,137.3
2015,191,191,한국성서대학교,본교,대학,대학교,사립,사립,수도권,서울,기존,2014,240,1126,300.0,48,48000,97416,0,0,48000,97416,1000.0,2029.5
2015,192,192,한국외국어대학교,본교,대학,대학교,사립,사립,수도권,서울,기존,2014,3377,16629,3849.0,692,4333400,19195784,535184,0,4868584,19195784,7035.5,27739.6
2015,32,32,한국체육대학교,본교,대학,대학교,국공립,국립,수도권,서울,기존,2014,590,2460,555.0,111,116000,1064305,0,0,116000,1064305,1045.0,9588.3
2015,200,200,한성대학교,본교,대학,대학교,사립,사립,수도권,서울,기존,2014,1539,7031,1616.0,265,1763800,3479383,64000,68000,1827800,3547383,6897.4,13386.4
2015,203,203,한양대학교,본교,대학,대학교,사립,사립,수도권,서울,기존,2014,2888,15269,3556.0,1009,8147331,137013881,3277815,0,11425146,137013881,11323.2,135791.8
2015,205,205,한영신학대학교,본교,대학,대학교,사립,사립,수도권,서울,기존,2014,200,791,166.0,43,2000,117930,0,0,2000,117930,46.5,2742.6
2015,212,212,홍익대학교,본교,대학,대학교,사립,사립,수도권,서울,기존,2014,2470,11938,2641.0,526,3662029,13485236,200000,0,3862029,13485236,7342.3,25637.3
2014,46,49,가톨릭대학교,제3캠퍼스,대학,대학교,사립,사립,수도권,서울,기존,2013,60,210,62.0,26,53154,0,0,0,53154,0,2044.4,0.0
2014,46,48,가톨릭대학교,제2캠퍼스,대학,대학교,사립,사립,수도권,서울,기존,2013,80,405,166.0,883,2713837,70344396,967000,304850,3680837,70649246,4168.6,80010.5
2014,50,50,감리교신학대학교,본교,대학,대학교,사립,사립,수도권,서울,기존,2013,200,910,189.0,29,0,20600,0,0,0,20600,0.0,710.3
2014,52,52,건국대학교,본교,대학,대학교,사립,사립,수도권,서울,기존,2013,3000,15829,3644.0,676,3568464,60098164,460000,528203,4028464,60626367,5959.3,89684.0
2014,56,58,경기대학교,제2캠퍼스,대학,대학교,사립,사립,수도권,서울,기존,2013,544,2669,540.0,52,35000,422608,0,0,35000,422608,673.1,8127.1
2014,66,66,경희대학교,본교,대학,대학교,사립,사립,수도권,서울,기존,2013,4820,24966,5433.0,1449,11314699,111984985,2423950,436400,13738649,112421385,9481.5,77585.5
2014,69,69,고려대학교,본교,대학,대학교,사립,사립,수도권,서울,기존,2013,3793,20090,4071.0,1431,14128022,196826800,0,0,14128022,196826800,9872.8,137544.9
2014,74,74,광운대학교,본교,대학,대학교,사립,사립,수도권,서울,기존,2013,1755,9265,1845.0,324,2673334,25025538,487265,50000,3160599,25075538,9754.9,77393.6
2014,78,78,국민대학교,본교,대학,대학교,사립,사립,수도권,서울,기존,2013,2983,15493,3186.0,623,4169995,35747158,536870,187780,4706865,35934938,7555.2,57680.5
2014,79,79,그리스도대학교,본교,대학,대학교,사립,사립,수도권,서울,기존,2013,330,1385,285.0,49,60000,33208,0,0,60000,33208,1224.5,677.7
2014,99,99,덕성여자대학교,본교,대학,대학교,사립,사립,수도권,서울,기존,2013,1210,6311,1421.0,191,930000,3804129,182870,0,1112870,3804129,5826.5,19916.9
2014,100,100,동국대학교,본교,대학,대학교,사립,사립,수도권,서울,기존,2013,2685,13627,2852.0,676,4484430,48430466,1498070,2481821,5982500,50912287,8849.9,75314.0
2014,102,102,동덕여자대학교,본교,대학,대학교,사립,사립,수도권,서울,기존,2013,1657,8092,1697.0,245,390000,1903467,0,0,390000,1903467,1591.8,7769.3
2014,109,111,명지대학교,제2캠퍼스,대학,대학교,사립,사립,수도권,서울,기존,2013,1263,7528,1575.0,216,704120,2737337,60000,0,764120,2737337,3537.6,12672.9
2014,116,116,삼육대학교,본교,대학,대학교,사립,사립,수도권,서울,기존,2013,1212,5875,1225.0,190,544000,3089262,0,0,544000,3089262,2863.2,16259.3
2014,117,117,상명대학교,본교,대학,대학교,사립,사립,수도권,서울,기존,2013,1400,6947,1445.0,250,499000,10907648,39000,30000,538000,10937648,2152.0,43750.6
2014,120,120,서강대학교,본교,대학,대학교,사립,사립,수도권,서울,기존,2013,1640,8150,1777.0,441,2537809,62618221,470000,359500,3007809,62977721,6820.4,142806.6
2014,121,121,서경대학교,본교,대학,대학교,사립,사립,수도권,서울,기존,2013,1410,6702,1259.0,202,311187,1942890,0,0,311187,1942890,1540.5,9618.3
2014,36,36,서울과학기술대학교,본교,대학,대학교,국공립,국립,수도권,서울,기존,2013,2240,5198,124.0,363,2718535,28583521,128023,346938,2846558,28930459,7841.8,79698.2
2014,98,98,서울기독대학교,본교,대학,대학교,사립,사립,수도권,서울,기존,2013,161,682,177.0,32,66000,8400,0,0,66000,8400,2062.5,262.5
2014,19,19,서울대학교,본교,대학,대학교,국공립,국립대법인,수도권,서울,기존,2013,3124,16453,3524.0,2209,8245810,501062257,0,0,8245810,501062257,3732.8,226827.6
2014,40,40,서울시립대학교,본교,대학,대학교,국공립,공립,수도권,서울,기존,2013,1768,9549,1708.0,406,6219974,33677279,100000,324504,6319974,34001783,15566.4,83748.2
2014,126,126,서울여자대학교,본교,대학,대학교,사립,사립,수도권,서울,기존,2013,1730,8053,1804.0,245,1437440,5628361,0,0,1437440,5628361,5867.1,22972.9
2014,132,132,성공회대학교,본교,대학,대학교,사립,사립,수도권,서울,기존,2013,540,2302,480.0,84,0,2514088,69862,0,69862,2514088,831.7,29929.6
2014,133,133,성균관대학교,본교,대학,대학교,사립,사립,수도권,서울,기존,2013,3442,19439,4053.0,1396,24179627,220565486,3699830,3392502,27879457,223957988,19971.0,160428.4
2014,136,136,성신여자대학교,본교,대학,대학교,사립,사립,수도권,서울,기존,2013,2216,10365,2359.0,300,1792700,8739601,30000,0,1822700,8739601,6075.7,29132.0
2014,138,138,세종대학교,본교,대학,대학교,사립,사립,수도권,서울,기존,2013,2320,11287,2384.0,431,1090350,36846853,330500,201250,1420850,37048103,3296.6,85958.5
2014,141,141,숙명여자대학교,본교,대학,대학교,사립,사립,수도권,서울,기존,2013,2198,10804,2047.0,455,1934000,13548110,2100000,20000,4034000,13568110,8865.9,29820.0
2014,143,143,숭실대학교,본교,대학,대학교,사립,사립,수도권,서울,기존,2013,2675,13352,2980.0,494,1837261,28359557,390100,595865,2227361,28955422,4508.8,58614.2
2014,149,149,연세대학교,본교,대학,대학교,사립,사립,수도권,서울,기존,2013,3408,19227,4178.0,1635,10284463,269167808,1925496,1859801,12209959,271027609,7467.9,165766.1
2014,163,163,이화여자대학교,본교,대학,대학교,사립,사립,수도권,서울,기존,2013,2989,16166,3175.0,997,10138546,89208794,10000,0,10148546,89208794,10179.1,89477.2
2014,170,170,장로회신학대학교,본교,대학,대학교,사립,사립,수도권,서울,기존,2013,150,666,152.0,80,288000,250976,0,0,288000,250976,3600.0,3137.2
2014,175,175,중앙대학교,본교,대학,대학교,사립,사립,수도권,서울,기존,2013,3145,15696,2751.0,818,8012312,63969676,594738,418430,8607050,64388106,10522.1,78714.1
2014,180,180,총신대학교,본교,대학,대학교,사립,사립,수도권,서울,기존,2013,360,2012,432.0,126,152000,261309,0,0,152000,261309,1206.3,2073.9
2014,181,181,추계예술대학교,본교,대학,대학교,사립,사립,수도권,서울,기존,2013,290,1195,271.0,49,20000,14400,0,0,20000,14400,408.2,293.9
2014,191,191,한국성서대학교,본교,대학,대학교,사립,사립,수도권,서울,기존,2013,240,1203,241.0,46,24000,18340,0,0,24000,18340,521.7,398.7
2014,192,192,한국외국어대학교,본교,대학,대학교,사립,사립,수도권,서울,기존,2013,3377,16795,1714.0,649,3933700,14386865,527762,0,4461462,14386865,6874.4,22167.7
2014,32,32,한국체육대학교,본교,대학,대학교,국공립,국립,수도권,서울,기존,2013,590,2490,571.0,112,126500,1206494,0,0,126500,1206494,1129.5,10772.3
2014,200,200,한성대학교,본교,대학,대학교,사립,사립,수도권,서울,기존,2013,1620,7214,1636.0,264,1718360,3453801,0,0,1718360,3453801,6508.9,13082.6
2014,203,203,한양대학교,본교,대학,대학교,사립,사립,수도권,서울,기존,2013,2915,15477,3772.0,1005,10866861,127669989,2955383,0,13822244,127669989,13753.5,127034.8
2014,205,205,한영신학대학교,본교,대학,대학교,사립,사립,수도권,서울,기존,2013,200,776,162.0,41,0,110519,0,96519,0,207038,0.0,5049.7
2014,212,212,홍익대학교,본교,대학,대학교,사립,사립,수도권,서울,기존,2013,2470,12057,2289.0,523,3876295,12875345,32000,0,3908295,12875345,7472.8,24618.3
2013,46,49,가톨릭대학교,제3캠퍼스,대학,대학교,사립,사립,수도권,서울,기존,2012,80,240,39.0,26,50356,0,0,0,50356,0,1936.8,0.0
2013,46,48,가톨릭대학교,제2캠퍼스,대학,대학교,사립,사립,수도권,서울,기존,2012,80,470,120.0,900,1821155,42111648,937000,255509,2758155,42367157,3064.6,47074.6
2013,50,50,감리교신학대학교,본교,대학,대학교,사립,사립,수도권,서울,기존,2012,200,886,220.0,33,0,81197,0,0,0,81197,0.0,2460.5
2013,52,52,건국대학교,본교,대학,대학교,사립,사립,수도권,서울,기존,2012,3000,16789,3367.0,636,2653868,66164429,575000,1199464,3228868,67363893,5076.8,105918.1
2013,56,58,경기대학교,제2캠퍼스,대학,대학교,사립,사립,수도권,서울,기존,2012,544,2693,479.0,52,46666,254773,0,0,46666,254773,897.4,4899.5
2013,66,66,경희대학교,본교,대학,대학교,사립,사립,수도권,서울,기존,2012,4820,24906,5506.0,1481,16598633,107274772,2841600,289000,19440233,107563772,13126.4,72629.2
2013,69,69,고려대학교,본교,대학,대학교,사립,사립,수도권,서울,기존,2012,3793,20105,4043.0,1450,14332455,196021743,0,0,14332455,196021743,9884.5,135187.4
2013,74,74,광운대학교,본교,대학,대학교,사립,사립,수도권,서울,기존,2012,1755,9077,1664.0,326,1825700,28158150,1228323,50000,3054023,28208150,9368.2,86528.1
2013,78,78,국민대학교,본교,대학,대학교,사립,사립,수도권,서울,기존,2012,2983,15407,3099.0,603,3235370,30351470,354870,0,3590240,30351470,5954.0,50334.1
2013,79,79,그리스도대학교,본교,대학,대학교,사립,사립,수도권,서울,기존,2012,330,1427,432.0,49,29000,26208,0,0,29000,26208,591.8,534.9
2013,99,99,덕성여자대학교,본교,대학,대학교,사립,사립,수도권,서울,기존,2012,1210,6431,1205.0,187,890200,6224682,348827,0,1239027,6224682,6625.8,33287.1
2013,100,100,동국대학교,본교,대학,대학교,사립,사립,수도권,서울,기존,2012,2685,13858,2925.0,667,4263132,47047453,1416945,1003280,5680077,48050733,8515.9,72040.1
2013,102,102,동덕여자대학교,본교,대학,대학교,사립,사립,수도권,서울,기존,2012,1657,8089,1538.0,241,430000,1471580,0,0,430000,1471580,1784.2,6106.1
2013,109,111,명지대학교,제2캠퍼스,대학,대학교,사립,사립,수도권,서울,기존,2012,1263,7419,1481.0,218,34000,2534004,10000,0,44000,2534004,201.8,11623.9
2013,116,116,삼육대학교,본교,대학,대학교,사립,사립,수도권,서울,기존,2012,1212,5697,1134.0,184,622000,1722239,0,0,622000,1722239,3380.4,9360.0
2013,117,117,상명대학교,본교,대학,대학교,사립,사립,수도권,서울,기존,2012,1400,6670,1407.0,224,627000,6613436,22200,0,649200,6613436,2898.2,29524.3
2013,120,120,서강대학교,본교,대학,대학교,사립,사립,수도권,서울,기존,2012,1640,8377,1781.0,447,3200326,64279183,170000,139500,3370326,64418683,7539.9,144113.4
2013,121,121,서경대학교,본교,대학,대학교,사립,사립,수도권,서울,기존,2012,1410,6625,1405.0,199,229679,2596059,0,0,229679,2596059,1154.2,13045.5
2013,36,36,서울과학기술대학교,본교,대학,대학교,국공립,국립,수도권,서울,기존,2012,2240,4221,,353,1973983,22705642,35000,282326,2008983,22987968,5691.2,65121.7
2013,98,98,서울기독대학교,본교,대학,대학교,사립,사립,수도권,서울,기존,2012,161,734,146.0,32,36000,29720,0,0,36000,29720,1125.0,928.8
2013,19,19,서울대학교,본교,대학,대학교,국공립,국립대법인,수도권,서울,기존,2012,3124,16712,3465.0,2178,4137650,470715635,0,0,4137650,470715635,1899.7,216122.9
2013,40,40,서울시립대학교,본교,대학,대학교,국공립,공립,수도권,서울,기존,2012,1768,9309,1682.0,388,4497793,36024372,24000,151125,4521793,36175497,11654.1,93235.8
2013,126,126,서울여자대학교,본교,대학,대학교,사립,사립,수도권,서울,기존,2012,1730,8050,1688.0,244,1420600,6269574,100,0,1420700,6269574,5822.5,25695.0
2013,132,132,성공회대학교,본교,대학,대학교,사립,사립,수도권,서울,기존,2012,540,2369,511.0,82,0,3156497,0,0,0,3156497,0.0,38493.9
2013,133,133,성균관대학교,본교,대학,대학교,사립,사립,수도권,서울,기존,2012,3507,19365,4095.0,1388,22890518,172091606,3396530,1936964,26287048,174028570,18938.8,125380.8
2013,136,136,성신여자대학교,본교,대학,대학교,사립,사립,수도권,서울,기존,2012,2216,10414,2340.0,334,1498400,6803010,17000,0,1515400,6803010,4537.1,20368.3
2013,138,138,세종대학교,본교,대학,대학교,사립,사립,수도권,서울,기존,2012,2320,11158,2398.0,418,1904373,39004369,386000,293654,2290373,39298023,5479.4,94014.4
2013,141,141,숙명여자대학교,본교,대학,대학교,사립,사립,수도권,서울,기존,2012,2198,10882,2058.0,466,2580500,13067106,2100000,39000,4680500,13106106,10044.0,28124.7
2013,143,143,숭실대학교,본교,대학,대학교,사립,사립,수도권,서울,기존,2012,2675,14021,2578.0,515,1654760,31346242,561078,204392,2215838,31550634,4302.6,61263.4
2013,149,149,연세대학교,본교,대학,대학교,사립,사립,수도권,서울,기존,2012,3408,19226,4088.0,1600,8150885,280086850,1606800,30590586,9757685,310677436,6098.6,194173.4
2013,163,163,이화여자대학교,본교,대학,대학교,사립,사립,수도권,서울,기존,2012,2989,16083,3151.0,997,6123302,118808815,2162387,0,8285689,118808815,8310.6,119166.3
2013,170,170,장로회신학대학교,본교,대학,대학교,사립,사립,수도권,서울,기존,2012,150,663,162.0,75,232294,49050,0,0,232294,49050,3097.3,654.0
2013,175,175,중앙대학교,본교,대학,대학교,사립,사립,수도권,서울,기존,2012,2783,14507,2949.0,782,8097468,61122890,1556684,384560,9654152,61507450,12345.5,78654.0
2013,180,180,총신대학교,본교,대학,대학교,사립,사립,수도권,서울,기존,2012,360,1888,385.0,122,126000,0,0,0,126000,0,1032.8,0.0
2013,181,181,추계예술대학교,본교,대학,대학교,사립,사립,수도권,서울,기존,2012,290,1233,305.0,48,24000,0,0,0,24000,0,500.0,0.0
2013,191,191,한국성서대학교,본교,대학,대학교,사립,사립,수도권,서울,기존,2012,240,1164,244.0,45,38583,46999,0,0,38583,46999,857.4,1044.4
2013,192,192,한국외국어대학교,본교,대학,대학교,사립,사립,수도권,서울,기존,2012,1676,9041,1686.0,382,1978800,6816356,138624,0,2117424,6816356,5543.0,17843.9
2013,32,32,한국체육대학교,본교,대학,대학교,국공립,국립,수도권,서울,기존,2012,592,2532,547.0,110,206500,1552290,65100,0,271600,1552290,2469.1,14111.7
2013,200,200,한성대학교,본교,대학,대학교,사립,사립,수도권,서울,기존,2012,1620,7321,1617.0,262,1814900,3308477,16000,0,1830900,3308477,6988.2,12627.8
2013,203,203,한양대학교,본교,대학,대학교,사립,사립,수도권,서울,기존,2012,2915,15577,3691.0,1033,18012430,173769819,3457572,0,21470002,173769819,20784.1,168218.6
2013,205,205,한영신학대학교,본교,대학,대학교,사립,사립,수도권,서울,기존,2012,200,763,167.0,41,13000,91420,13000,0,26000,91420,634.1,2229.8
2013,212,212,홍익대학교,본교,대학,대학교,사립,사립,수도권,서울,기존,2012,2470,12057,2404.0,513,3600058,13202658,239750,0,3839808,13202658,7485.0,25736.2
2012,46,48,가톨릭대학교,제2캠퍼스,대학,대학교,사립,사립,수도권,서울,기존,2011,80,499,173.0,892,1637608,33599049,360000,460226,1997608,34059275,2239.5,38183.0
2012,46,49,가톨릭대학교,제3캠퍼스,대학,대학교,사립,사립,수도권,서울,기존,2011,80,211,57.0,25,56669,0,0,0,56669,0,2266.8,0.0
2012,50,50,감리교신학대학교,본교,대학,대학교,사립,사립,수도권,서울,기존,2011,200,910,201.0,34,0,67884,0,0,0,67884,0.0,1996.6
2012,52,52,건국대학교,본교,대학,대학교,사립,사립,수도권,서울,기존,2011,3000,16669,3102.0,619,4052724,52572290,429074,3831170,4481798,56403460,7240.4,91120.3
2012,56,58,경기대학교,제2캠퍼스,대학,대학교,사립,사립,수도권,서울,기존,2011,544,2479,417.0,52,90000,140229,0,0,90000,140229,1730.8,2696.7
2012,66,66,경희대학교,본교,대학,대학교,사립,사립,수도권,서울,기존,2011,4860,25356,5357.0,1418,24700331,101177602,3116200,1230000,27816531,102407602,19616.7,72219.7
2012,69,69,고려대학교,본교,대학,대학교,사립,사립,수도권,서울,기존,2011,3772,20226,4322.0,1372,10133733,164270538,0,0,10133733,164270538,7386.1,119730.7
2012,74,74,광운대학교,본교,대학,대학교,사립,사립,수도권,서울,기존,2011,1755,8949,1672.0,286,1910030,31346254,1209540,480050,3119570,31826304,10907.6,111280.8
2012,78,78,국민대학교,본교,대학,대학교,사립,사립,수도권,서울,기존,2011,2983,15180,3161.0,461,2302940,35437823,344870,0,2647810,35437823,5743.6,76871.6
2012,79,79,그리스도대학교,본교,대학,대학교,사립,사립,수도권,서울,기존,2011,330,1556,314.0,45,50000,26208,0,0,50000,26208,1111.1,582.4
2012,99,99,덕성여자대학교,본교,대학,대학교,사립,사립,수도권,서울,기존,2011,1290,6206,1188.0,179,862200,4659018,210600,16000,1072800,4675018,5993.3,26117.4
2012,100,100,동국대학교,본교,대학,대학교,사립,사립,수도권,서울,기존,2011,2715,14010,2827.0,664,4118043,34740143,712923,107516,4830966,34847659,7275.6,52481.4
2012,102,102,동덕여자대학교,본교,대학,대학교,사립,사립,수도권,서울,기존,2011,1697,7790,1597.0,235,365000,1968751,0,0,365000,1968751,1553.2,8377.7
2012,109,111,명지대학교,제2캠퍼스,대학,대학교,사립,사립,수도권,서울,기존,2011,1330,7307,1518.0,203,305535,3002455,50000,0,355535,3002455,1751.4,14790.4
2012,116,116,삼육대학교,본교,대학,대학교,사립,사립,수도권,서울,기존,2011,1242,5546,1109.0,178,596000,1726191,0,0,596000,1726191,3348.3,9697.7
2012,117,117,상명대학교,본교,대학,대학교,사립,사립,수도권,서울,기존,2011,1400,6574,1478.0,220,327000,6735131,3960,220000,330960,6955131,1504.4,31614.2
2012,120,120,서강대학교,본교,대학,대학교,사립,사립,수도권,서울,기존,2011,1640,8440,1793.0,415,3781341,70582701,160000,871250,3941341,71453951,9497.2,172178.2
2012,121,121,서경대학교,본교,대학,대학교,사립,사립,수도권,서울,기존,2011,1410,6608,1374.0,196,80000,1828457,0,0,80000,1828457,408.2,9328.9
2012,36,36,서울과학기술대학교,본교,대학,대학교,국공립,국립,수도권,서울,기존,2011,2240,2564,,387,53520,17924922,95000,0,148520,17924922,383.8,46317.6
2012,98,98,서울기독대학교,본교,대학,대학교,사립,사립,수도권,서울,기존,2011,170,760,120.0,30,36000,69550,0,0,36000,69550,1200.0,2318.3
2012,19,19,서울대학교,본교,대학,대학교,국공립,국립대법인,수도권,서울,기존,2011,3159,16623,3466.0,2164,6574812,503645724,0,0,6574812,503645724,3038.3,232738.3
2012,40,40,서울시립대학교,본교,대학,대학교,국공립,공립,수도권,서울,기존,2011,1768,8972,1846.0,381,5304251,34609187,243514,169795,5547765,34778982,14561.1,91283.4
2012,126,126,서울여자대학교,본교,대학,대학교,사립,사립,수도권,서울,기존,2011,1730,8180,1708.0,239,1423240,6626462,0,0,1423240,6626462,5955.0,27725.8
2012,132,132,성공회대학교,본교,대학,대학교,사립,사립,수도권,서울,기존,2011,540,2368,496.0,85,0,2309170,34000,0,34000,2309170,400.0,27166.7
2012,133,133,성균관대학교,본교,대학,대학교,사립,사립,수도권,서울,기존,2011,3499,19290,4283.0,1316,18876012,163352536,3759870,2481769,22635882,165834305,17200.5,126013.9
2012,136,136,성신여자대학교,본교,대학,대학교,사립,사립,수도권,서울,기존,2011,2216,10400,2250.0,324,1122000,4491882,42000,0,1164000,4491882,3592.6,13863.8
2012,138,138,세종대학교,본교,대학,대학교,사립,사립,수도권,서울,기존,2011,2320,11195,2572.0,394,2140436,36461600,401757,526912,2542193,36988512,6452.3,93879.5
2012,141,141,숙명여자대학교,본교,대학,대학교,사립,사립,수도권,서울,기존,2011,2278,11065,2230.0,460,2914600,11482882,1386958,10750,4301558,11493632,9351.2,24986.2
2012,143,143,숭실대학교,본교,대학,대학교,사립,사립,수도권,서울,기존,2011,2675,14383,2551.0,488,1161440,26366731,469786,15000,1631226,26381731,3342.7,54060.9
2012,149,149,연세대학교,본교,대학,대학교,사립,사립,수도권,서울,기존,2011,3404,19066,4245.0,1580,11064441,260165358,2128035,13363983,13192476,273529341,8349.7,173119.8
2012,163,163,이화여자대학교,본교,대학,대학교,사립,사립,수도권,서울,기존,2011,3109,15732,3285.0,962,7180374,100742030,3097216,0,10277590,100742030,10683.6,104721.4
2012,170,170,장로회신학대학교,본교,대학,대학교,사립,사립,수도권,서울,기존,2011,150,674,176.0,78,17600,84968,0,0,17600,84968,225.6,1089.3
2012,175,175,중앙대학교,본교,대학,대학교,사립,사립,수도권,서울,기존,2011,2886,13943,3011.0,798,7135917,56978599,1144917,481704,8280834,57460303,10377.0,72005.4
2012,180,180,총신대학교,본교,대학,대학교,사립,사립,수도권,서울,기존,2011,360,1759,435.0,92,142000,111579,0,0,142000,111579,1543.5,1212.8
2012,181,181,추계예술대학교,본교,대학,대학교,사립,사립,수도권,서울,기존,2011,290,1221,299.0,52,27000,29456,0,0,27000,29456,519.2,566.5
2012,191,191,한국성서대학교,본교,대학,대학교,사립,사립,수도권,서울,기존,2011,240,1123,197.0,39,50460,11547,0,0,50460,11547,1293.8,296.1
2012,192,192,한국외국어대학교,본교,대학,대학교,사립,사립,수도권,서울,기존,2011,1676,8981,1665.0,381,1833000,6667982,264000,0,2097000,6667982,5503.9,17501.3
2012,32,32,한국체육대학교,본교,대학,대학교,국공립,국립,수도권,서울,기존,2011,590,2461,558.0,109,148000,1713031,69000,0,217000,1713031,1990.8,15715.9
2012,200,200,한성대학교,본교,대학,대학교,사립,사립,수도권,서울,기존,2011,1620,7376,1440.0,262,1654600,2163796,0,0,1654600,2163796,6315.3,8258.8
2012,203,203,한양대학교,본교,대학,대학교,사립,사립,수도권,서울,기존,2011,2893,15634,3757.0,987,6390895,123658831,2954076,0,9344971,123658831,9468.1,125287.6
2012,205,205,한영신학대학교,본교,대학,대학교,사립,사립,수도권,서울,기존,2011,200,757,152.0,41,0,34250,0,0,0,34250,0.0,835.4
2012,212,212,홍익대학교,본교,대학,대학교,사립,사립,수도권,서울,기존,2011,2470,11966,2328.0,511,3206448,12446082,25000,20000,3231448,12466082,6323.8,24395.5
2011,46,49,가톨릭대학교,제3캠퍼스,대학,대학교,사립,사립,수도권,서울,기존,2010,80,210,62.0,27,57880,0,0,0,57880,0,2143.7,0.0
2011,46,48,가톨릭대학교,제2캠퍼스,대학,대학교,사립,사립,수도권,서울,기존,2010,80,580,190.0,898,1266932,35182898,995000,535800,2261932,35718698,2518.9,39775.8
2011,50,50,감리교신학대학교,본교,대학,대학교,사립,사립,수도권,서울,기존,2010,200,906,194.0,34,0,25750,0,0,0,25750,0.0,757.4
2011,52,52,건국대학교,본교,대학,대학교,사립,사립,수도권,서울,기존,2010,3000,16348,3007.0,605,2647923,59072027,1534023,205250,4181946,59277277,6912.3,97979.0
2011,56,58,경기대학교,제2캠퍼스,대학,대학교,사립,사립,수도권,서울,기존,2010,544,2319,459.0,48,72000,181035,0,0,72000,181035,1500.0,3771.6
2011,66,66,경희대학교,본교,대학,대학교,사립,사립,수도권,서울,기존,2010,2380,13240,2749.0,968,11577857,57076563,3694720,576600,15272577,57653163,15777.5,59559.1
2011,69,69,고려대학교,본교,대학,대학교,사립,사립,수도권,서울,기존,2010,3772,20073,4275.0,1364,9369974,159853908,0,0,9369974,159853908,6869.5,117194.9
2011,74,74,광운대학교,본교,대학,대학교,사립,사립,수도권,서울,기존,2010,1755,8657,1751.0,281,1977872,27997084,629590,77750,2607462,28074834,9279.2,99910.4
2011,78,78,국민대학교,본교,대학,대학교,사립,사립,수도권,서울,기존,2010,2983,14445,3086.0,446,2049218,34127381,702862,8000,2752080,34135381,6170.6,76536.7
2011,79,79,그리스도대학교,본교,대학,대학교,사립,사립,수도권,서울,기존,2010,330,1552,259.0,43,55500,50000,15000,0,70500,50000,1639.5,1162.8
2011,99,99,덕성여자대학교,본교,대학,대학교,사립,사립,수도권,서울,기존,2010,1290,6007,1166.0,181,844200,2883951,170000,4000,1014200,2887951,5603.3,15955.5
2011,100,100,동국대학교,본교,대학,대학교,사립,사립,수도권,서울,기존,2010,2715,14116,2944.0,679,943993,38937849,1732750,749470,2676743,39687319,3942.2,58449.7
2011,102,102,동덕여자대학교,본교,대학,대학교,사립,사립,수도권,서울,기존,2010,1697,7538,1582.0,218,341000,876695,0,0,341000,876695,1564.2,4021.5
2011,109,111,명지대학교,제2캠퍼스,대학,대학교,사립,사립,수도권,서울,기존,2010,1330,6896,1404.0,171,262180,2684467,0,0,262180,2684467,1533.2,15698.6
2011,116,116,삼육대학교,본교,대학,대학교,사립,사립,수도권,서울,기존,2010,1242,5462,1044.0,169,620000,3633626,0,0,620000,3633626,3668.6,21500.7
2011,117,117,상명대학교,본교,대학,대학교,사립,사립,수도권,서울,기존,2010,1400,6567,1393.0,200,309000,6563726,10000,21540,319000,6585266,1595.0,32926.3
2011,120,120,서강대학교,본교,대학,대학교,사립,사립,수도권,서울,기존,2010,1640,8326,1737.0,402,3983199,61889733,160000,162000,4143199,62051733,10306.5,154357.5
2011,121,121,서경대학교,본교,대학,대학교,사립,사립,수도권,서울,기존,2010,1410,6249,1349.0,194,92000,1536812,6000,0,98000,1536812,505.2,7921.7
2011,98,98,서울기독대학교,본교,대학,대학교,사립,사립,수도권,서울,기존,2010,170,651,145.0,30,6000,10000,1,0,6001,10000,200.0,333.3
2011,19,19,서울대학교,본교,대학,대학교,국공립,국립대법인,수도권,서울,기존,2010,3159,16626,3745.0,2140,9909179,481310966,0,0,9909179,481310966,4630.5,224911.7
2011,40,40,서울시립대학교,본교,대학,대학교,국공립,공립,수도권,서울,기존,2010,1768,8697,1622.0,383,3630008,35905501,224406,140648,3854414,36046149,10063.7,94115.3
2011,126,126,서울여자대학교,본교,대학,대학교,사립,사립,수도권,서울,기존,2010,1730,7946,1738.0,226,1021453,8274114,20000,10000,1041453,8284114,4608.2,36655.4
2011,132,132,성공회대학교,본교,대학,대학교,사립,사립,수도권,서울,기존,2010,540,2369,492.0,83,0,1482154,64386,0,64386,1482154,775.7,17857.3
2011,133,133,성균관대학교,본교,대학,대학교,사립,사립,수도권,서울,기존,2010,3499,19700,4261.0,1249,6454888,170066963,4850915,2459048,11305803,172526011,9051.9,138131.3
2011,136,136,성신여자대학교,본교,대학,대학교,사립,사립,수도권,서울,기존,2010,2219,10344,2238.0,326,1175000,4379770,0,0,1175000,4379770,3604.3,13434.9
2011,138,138,세종대학교,본교,대학,대학교,사립,사립,수도권,서울,기존,2010,2320,11022,2431.0,379,1934464,30039596,416000,297101,2350464,30336697,6201.8,80044.1
2011,141,141,숙명여자대학교,본교,대학,대학교,사립,사립,수도권,서울,기존,2010,2278,10817,2062.0,450,2796600,13222030,780000,14913,3576600,13236943,7948.0,29415.4
2011,143,143,숭실대학교,본교,대학,대학교,사립,사립,수도권,서울,기존,2010,2675,13647,2546.0,454,1884748,20754169,483570,14427,2368318,20768596,5216.6,45745.8
2011,149,149,연세대학교,본교,대학,대학교,사립,사립,수도권,서울,기존,2010,3404,18781,4212.0,1545,16197727,268596453,2582000,17340388,18779727,285936841,12155.2,185072.4
2011,163,163,이화여자대학교,본교,대학,대학교,사립,사립,수도권,서울,기존,2010,3109,15458,3324.0,901,5498867,78758374,3330895,0,8829762,78758374,9800.0,87412.2
2011,170,170,장로회신학대학교,본교,대학,대학교,사립,사립,수도권,서울,기존,2010,150,702,147.0,72,254494,145921,0,0,254494,145921,3534.6,2026.7
2011,175,175,중앙대학교,본교,대학,대학교,사립,사립,수도권,서울,기존,2010,2646,13295,2996.0,761,8540986,48959090,837477,873981,9378463,49833071,12323.9,65483.7
2011,180,180,총신대학교,본교,대학,대학교,사립,사립,수도권,서울,기존,2010,360,1706,357.0,92,152000,120100,0,0,152000,120100,1652.2,1305.4
2011,181,181,추계예술대학교,본교,대학,대학교,사립,사립,수도권,서울,기존,2010,290,1266,301.0,49,6000,10000,0,0,6000,10000,122.4,204.1
2011,191,191,한국성서대학교,본교,대학,대학교,사립,사립,수도권,서울,기존,2010,240,1075,206.0,36,27900,35000,0,0,27900,35000,775.0,972.2
2011,192,192,한국외국어대학교,본교,대학,대학교,사립,사립,수도권,서울,기존,2010,1676,8796,1628.0,366,1210500,4641091,246020,0,1456520,4641091,3979.6,12680.6
2011,32,32,한국체육대학교,본교,대학,대학교,국공립,국립,수도권,서울,기존,2010,590,2457,534.0,107,586000,1431375,69000,0,655000,1431375,6121.5,13377.3
2011,200,200,한성대학교,본교,대학,대학교,사립,사립,수도권,서울,기존,2010,1620,7217,1454.0,215,1655950,3215051,0,0,1655950,3215051,7702.1,14953.7
2011,203,203,한양대학교,본교,대학,대학교,사립,사립,수도권,서울,기존,2010,2893,15714,3712.0,968,9204022,119538044,3387734,0,12591756,119538044,13008.0,123489.7
2011,205,205,한영신학대학교,본교,대학,대학교,사립,사립,수도권,서울,기존,2010,200,709,173.0,41,0,10000,0,0,0,10000,0.0,243.9
2011,212,212,홍익대학교,본교,대학,대학교,사립,사립,수도권,서울,기존,2010,2470,11839,2386.0,511,1831607,12062550,197054,142644,2028661,12205194,3970.0,23884.9
2010,46,48,가톨릭대학교,제2캠퍼스,대학,대학교,사립,사립,수도권,서울,기존,2009,80,675,182.0,897,1498930,33674259,1203000,400800,2701930,34075059,3012.2,37987.8
2010,46,49,가톨릭대학교,제3캠퍼스,대학,대학교,사립,사립,수도권,서울,기존,2009,80,221,46.0,29,46500,0,0,0,46500,0,1603.4,0.0
2010,50,50,감리교신학대학교,본교,대학,대학교,사립,사립,수도권,서울,기존,2009,200,895,196.0,34,0,25750,0,0,0,25750,0.0,757.4
2010,52,52,건국대학교,본교,대학,대학교,사립,사립,수도권,서울,기존,2009,3000,15674,2950.0,614,4009125,50165031,2142973,226677,6152098,50391708,10019.7,82071.2
2010,56,58,경기대학교,제2캠퍼스,대학,대학교,사립,사립,수도권,서울,기존,2009,544,2292,464.0,46,53333,222163,0,0,53333,222163,1159.4,4829.6
2010,66,66,경희대학교,본교,대학,대학교,사립,사립,수도권,서울,기존,2009,2380,12953,2792.0,933,11471258,44492322,3182767,177700,14654025,44670022,15706.4,47877.8
2010,69,69,고려대학교,본교,대학,대학교,사립,사립,수도권,서울,기존,2009,3772,20011,4013.0,1351,11190878,142109694,18175,0,11209053,142109694,8296.9,105188.5
2010,74,74,광운대학교,본교,대학,대학교,사립,사립,수도권,서울,기존,2009,1755,8394,1582.0,260,1562300,27501997,535390,298000,2097690,27799997,8068.0,106923.1
2010,78,78,국민대학교,본교,대학,대학교,사립,사립,수도권,서울,기존,2009,2983,13956,2889.0,440,1387450,37058639,889862,8000,2277312,37066639,5175.7,84242.4
2010,79,79,그리스도대학교,본교,대학,대학교,사립,사립,수도권,서울,기존,2009,330,1411,291.0,41,38000,0,0,0,38000,0,926.8,0.0
2010,99,99,덕성여자대학교,본교,대학,대학교,사립,사립,수도권,서울,기존,2009,1290,5748,1242.0,175,813000,2966170,171700,4000,984700,2970170,5626.9,16972.4
2010,100,100,동국대학교,본교,대학,대학교,사립,사립,수도권,서울,기존,2009,2715,13923,2425.0,685,5408147,37384849,6359350,2958477,11767497,40343326,17178.8,58895.4
2010,102,102,동덕여자대학교,본교,대학,대학교,사립,사립,수도권,서울,기존,2009,1697,7399,1549.0,193,251180,1211562,0,0,251180,1211562,1301.5,6277.5
2010,109,111,명지대학교,제2캠퍼스,대학,대학교,사립,사립,수도권,서울,기존,2009,1330,6564,1284.0,163,144312,3736733,0,69600,144312,3806333,885.3,23351.7
2010,116,116,삼육대학교,본교,대학,대학교,사립,사립,수도권,서울,기존,2009,1242,5156,875.0,168,418000,3556801,0,38950,418000,3595751,2488.1,21403.3
2010,117,117,상명대학교,본교,대학,대학교,사립,사립,수도권,서울,기존,2009,1400,6576,1426.0,174,252000,4275286,49800,0,301800,4275286,1734.5,24570.6
2010,120,120,서강대학교,본교,대학,대학교,사립,사립,수도권,서울,기존,2009,1640,8139,1638.0,386,2307150,49024483,120000,182900,2427150,49207383,6288.0,127480.3
2010,121,121,서경대학교,본교,대학,대학교,사립,사립,수도권,서울,기존,2009,1410,6333,1296.0,194,100000,1480252,0,0,100000,1480252,515.5,7630.2
2010,98,98,서울기독대학교,본교,대학,대학교,사립,사립,수도권,서울,기존,2009,170,673,124.0,29,0,10000,0,0,0,10000,0.0,344.8
2010,19,19,서울대학교,본교,대학,대학교,국공립,국립대법인,수도권,서울,기존,2009,3159,16325,3683.0,2074,7165870,422876649,0,0,7165870,422876649,3455.1,203894.2
2010,40,40,서울시립대학교,본교,대학,대학교,국공립,공립,수도권,서울,기존,2009,1768,8557,1595.0,436,3477089,34818470,166500,441127,3643589,35259597,8356.9,80870.6
2010,126,126,서울여자대학교,본교,대학,대학교,사립,사립,수도권,서울,기존,2009,1730,7741,1546.0,229,975085,4981044,20000,0,995085,4981044,4345.3,21751.3
2010,132,132,성공회대학교,본교,대학,대학교,사립,사립,수도권,서울,기존,2009,540,2297,444.0,78,0,50000,0,0,0,50000,0.0,641.0
2010,133,133,성균관대학교,본교,대학,대학교,사립,사립,수도권,서울,기존,2009,3499,19437,4101.0,1228,4633579,138408959,8876670,19261092,13510249,157670051,11001.8,128395.8
2010,136,136,성신여자대학교,본교,대학,대학교,사립,사립,수도권,서울,기존,2009,2219,10095,2153.0,310,788000,3135593,10000,0,798000,3135593,2574.2,10114.8
2010,138,138,세종대학교,본교,대학,대학교,사립,사립,수도권,서울,기존,2009,2320,10757,2305.0,360,685957,26911885,480000,117000,1165957,27028885,3238.8,75080.2
2010,141,141,숙명여자대학교,본교,대학,대학교,사립,사립,수도권,서울,기존,2009,2278,10578,2019.0,438,2946500,14018458,949528,0,3896028,14018458,8895.0,32005.6
2010,143,143,숭실대학교,본교,대학,대학교,사립,사립,수도권,서울,기존,2009,2675,12912,2336.0,432,2020127,18571352,411050,811933,2431177,19383285,5627.7,44868.7
2010,149,149,연세대학교,본교,대학,대학교,사립,사립,수도권,서울,기존,2009,3404,18782,4001.0,1502,15317396,216172696,2833237,5802196,18150633,221974892,12084.3,147786.2
2010,163,163,이화여자대학교,본교,대학,대학교,사립,사립,수도권,서울,기존,2009,3109,15272,3529.0,912,7628603,76273500,2383693,0,10012296,76273500,10978.4,83633.2
2010,170,170,장로회신학대학교,본교,대학,대학교,사립,사립,수도권,서울,기존,2009,150,669,152.0,69,142500,81711,0,0,142500,81711,2065.2,1184.2
2010,175,175,중앙대학교,본교,대학,대학교,사립,사립,수도권,서울,기존,2009,2646,13239,2787.0,712,6982733,41572959,473000,899139,7455733,42472098,10471.5,59651.8
2010,180,180,총신대학교,본교,대학,대학교,사립,사립,수도권,서울,기존,2009,360,1729,333.0,93,145000,138370,0,0,145000,138370,1559.1,1487.8
2010,181,181,추계예술대학교,본교,대학,대학교,사립,사립,수도권,서울,기존,2009,290,1249,265.0,49,18000,74300,18000,34300,36000,108600,734.7,2216.3
2010,191,191,한국성서대학교,본교,대학,대학교,사립,사립,수도권,서울,기존,2009,240,1060,212.0,34,17670,0,0,0,17670,0,519.7,0.0
2010,192,192,한국외국어대학교,본교,대학,대학교,사립,사립,수도권,서울,기존,2009,1676,8600,1614.0,360,1377440,6560825,199000,54000,1576440,6614825,4379.0,18374.5
2010,32,32,한국체육대학교,본교,대학,대학교,국공립,국립,수도권,서울,기존,2009,590,2400,515.0,103,493500,1873152,0,0,493500,1873152,4791.3,18185.9
2010,200,200,한성대학교,본교,대학,대학교,사립,사립,수도권,서울,기존,2009,1620,6882,1392.0,214,1145100,2695460,0,0,1145100,2695460,5350.9,12595.6
2010,203,203,한양대학교,본교,대학,대학교,사립,사립,수도권,서울,기존,2009,2893,15683,3564.0,945,4186337,98895744,1683370,0,5869707,98895744,6211.3,104651.6
2010,205,205,한영신학대학교,본교,대학,대학교,사립,사립,수도권,서울,기존,2009,200,758,170.0,41,0,10000,0,0,0,10000,0.0,243.9
2010,212,212,홍익대학교,본교,대학,대학교,사립,사립,수도권,서울,기존,2009,2470,11461,2250.0,509,1916874,10428791,69000,170926,1985874,10599717,3901.5,20824.6
2009,46,48,가톨릭대학교,제2캠퍼스,대학,대학교,사립,사립,수도권,서울,기존,2008,106,760,207.0,889,1714620,25302332,981854,391971,2696474,25694303,3033.2,28902.5
2009,46,49,가톨릭대학교,제3캠퍼스,대학,대학교,사립,사립,수도권,서울,기존,2008,80,240,63.0,30,47208,0,0,0,47208,0,1573.6,0.0
2009,50,50,감리교신학대학교,본교,대학,대학교,사립,사립,수도권,서울,기존,2008,200,878,193.0,34,0,0,0,0,0,0,0.0,0.0
2009,52,52,건국대학교,본교,대학,대학교,사립,사립,수도권,서울,기존,2008,3000,14810,2787.0,587,4029487,52493874,4500980,218067,8530467,52711941,14532.3,89798.9
2009,56,58,경기대학교,제2캠퍼스,대학,대학교,사립,사립,수도권,서울,기존,2008,544,2197,509.0,50,74500,128084,0,0,74500,128084,1490.0,2561.7
2009,66,66,경희대학교,본교,대학,대학교,사립,사립,수도권,서울,기존,2008,2355,12445,2725.0,829,8343987,38651852,4149506,2486381,12493493,41138233,15070.6,49623.9
2009,69,69,고려대학교,본교,대학,대학교,사립,사립,수도권,서울,기존,2008,3772,19748,4127.0,1333,4584119,118227653,649936,83000,5234055,118310653,3926.5,88755.2
2009,74,74,광운대학교,본교,대학,대학교,사립,사립,수도권,서울,기존,2008,1755,8158,1615.0,262,1312000,23104014,628417,70000,1940417,23174014,7406.2,88450.4
2009,78,78,국민대학교,본교,대학,대학교,사립,사립,수도권,서울,기존,2008,2983,13468,2859.0,461,1545125,27194709,638800,100000,2183925,27294709,4737.4,59207.6
2009,79,79,그리스도대학교,본교,대학,대학교,사립,사립,수도권,서울,기존,2008,330,1345,259.0,39,16000,0,0,0,16000,0,410.3,0.0
2009,99,99,덕성여자대학교,본교,대학,대학교,사립,사립,수도권,서울,기존,2008,1290,5696,1178.0,167,854824,3352170,888000,28998,1742824,3381168,10436.1,20246.5
2009,100,100,동국대학교,본교,대학,대학교,사립,사립,수도권,서울,기존,2008,2715,12992,2719.0,516,2117100,33300438,774815,133770,2891915,33434208,5604.5,64795.0
2009,102,102,동덕여자대학교,본교,대학,대학교,사립,사립,수도권,서울,기존,2008,1697,7309,1540.0,203,295400,882705,0,0,295400,882705,1455.2,4348.3
2009,109,111,명지대학교,제2캠퍼스,대학,대학교,사립,사립,수도권,서울,기존,2008,1330,6611,1225.0,156,82400,2498843,0,0,82400,2498843,528.2,16018.2
2009,116,116,삼육대학교,본교,대학,대학교,사립,사립,수도권,서울,기존,2008,1242,4870,863.0,169,481000,4204302,0,0,481000,4204302,2846.2,24877.5
2009,117,117,상명대학교,본교,대학,대학교,사립,사립,수도권,서울,기존,2008,1400,6491,1306.0,167,300000,1929117,30000,0,330000,1929117,1976.0,11551.6
2009,120,120,서강대학교,본교,대학,대학교,사립,사립,수도권,서울,기존,2008,1640,7880,1663.0,374,3130145,30348344,282043,0,3412188,30348344,9123.5,81145.3
2009,121,121,서경대학교,본교,대학,대학교,사립,사립,수도권,서울,기존,2008,1410,6236,1333.0,177,16000,2266454,0,0,16000,2266454,90.4,12804.8
2009,98,98,서울기독대학교,본교,대학,대학교,사립,사립,수도권,서울,기존,2008,170,573,127.0,30,0,0,0,0,0,0,0.0,0.0
2009,19,19,서울대학교,본교,대학,대학교,국공립,국립대법인,수도권,서울,기존,2008,3114,16984,3937.0,2025,6394171,381673030,0,0,6394171,381673030,3157.6,188480.5
2009,40,40,서울시립대학교,본교,대학,대학교,국공립,공립,수도권,서울,기존,2008,1768,8313,1509.0,420,3803283,49119217,284261,1021528,4087544,50140745,9732.2,119382.7
2009,126,126,서울여자대학교,본교,대학,대학교,사립,사립,수도권,서울,기존,2008,1730,7476,1510.0,215,880262,6891214,1020000,0,1900262,6891214,8838.4,32052.2
2009,132,132,성공회대학교,본교,대학,대학교,사립,사립,수도권,서울,기존,2008,540,2322,402.0,79,2878,1941168,34723,0,37601,1941168,476.0,24571.7
2009,133,133,성균관대학교,본교,대학,대학교,사립,사립,수도권,서울,기존,2008,1841,10813,2089.0,369,1318699,13512776,1503699,511010,2822398,14023786,7648.8,38004.8
2009,136,136,성신여자대학교,본교,대학,대학교,사립,사립,수도권,서울,기존,2008,2219,9899,1985.0,273,650000,2707798,0,0,650000,2707798,2381.0,9918.7
2009,138,138,세종대학교,본교,대학,대학교,사립,사립,수도권,서울,기존,2008,2320,10610,2100.0,363,894000,24231555,1596000,4476847,2490000,28708402,6859.5,79086.5
2009,141,141,숙명여자대학교,본교,대학,대학교,사립,사립,수도권,서울,기존,2008,2278,10283,2087.0,407,1772750,12278664,940000,0,2712750,12278664,6665.2,30168.7
2009,143,143,숭실대학교,본교,대학,대학교,사립,사립,수도권,서울,기존,2008,2675,12139,2361.0,409,1634919,17162602,501300,467495,2136219,17630097,5223.0,43105.4
2009,149,149,연세대학교,본교,대학,대학교,사립,사립,수도권,서울,기존,2008,3404,18816,4125.0,1485,5298526,192163502,1804574,1221769,7103100,193385271,4783.2,130225.8
2009,163,163,이화여자대학교,본교,대학,대학교,사립,사립,수도권,서울,기존,2008,3109,15596,3480.0,899,4413343,69383143,3030143,0,7443486,69383143,8279.7,77178.1
2009,170,170,장로회신학대학교,본교,대학,대학교,사립,사립,수도권,서울,기존,2008,151,644,154.0,53,130000,210500,0,0,130000,210500,2452.8,3971.7
2009,175,175,중앙대학교,본교,대학,대학교,사립,사립,수도권,서울,기존,2008,2646,13136,2800.0,665,6251318,38978144,675136,949150,6926454,39927294,10415.7,60041.0
2009,180,180,총신대학교,본교,대학,대학교,사립,사립,수도권,서울,기존,2008,360,1626,326.0,94,184200,230854,0,0,184200,230854,1959.6,2455.9
2009,181,181,추계예술대학교,본교,대학,대학교,사립,사립,수도권,서울,기존,2008,290,1233,241.0,46,30000,46800,0,46800,30000,93600,652.2,2034.8
2009,191,191,한국성서대학교,본교,대학,대학교,사립,사립,수도권,서울,기존,2008,240,1012,231.0,31,17620,15000,0,0,17620,15000,568.4,483.9
2009,192,192,한국외국어대학교,본교,대학,대학교,사립,사립,수도권,서울,기존,2008,1676,8591,1533.0,343,1396153,1665517,0,0,1396153,1665517,4070.4,4855.7
2009,32,32,한국체육대학교,본교,대학,대학교,국공립,국립,수도권,서울,기존,2008,590,2321,561.0,104,15000,298998,0,0,15000,298998,144.2,2875.0
2009,200,200,한성대학교,본교,대학,대학교,사립,사립,수도권,서울,기존,2008,1620,6761,1355.0,205,805600,2315648,0,652730,805600,2968378,3929.8,14479.9
2009,203,203,한양대학교,본교,대학,대학교,사립,사립,수도권,서울,기존,2008,2893,15877,3400.0,905,1377810,80918800,570900,0,1948710,80918800,2153.3,89413.0
2009,205,205,한영신학대학교,본교,대학,대학교,사립,사립,수도권,서울,기존,2008,205,756,175.0,42,0,10000,0,0,0,10000,0.0,238.1
2009,212,212,홍익대학교,본교,대학,대학교,사립,사립,수도권,서울,기존,2008,2470,11326,1991.0,506,2085575,10595105,454667,334034,2540242,10929139,5020.2,21599.1
2008,46,48,가톨릭대학교,제2캠퍼스,대학,대학교,사립,사립,수도권,서울,기존,2007,199,883,189.0,886,2200020,23785660,894500,0,3094520,23785660,3492.7,26846.1
2008,46,49,가톨릭대학교,제3캠퍼스,대학,대학교,사립,사립,수도권,서울,기존,2007,80,256,55.0,27,54980,0,0,0,54980,0,2036.3,0.0
2008,50,50,감리교신학대학교,본교,대학,대학교,사립,사립,수도권,서울,기존,2007,200,865,205.0,34,0,6000,0,0,0,6000,0.0,176.5
2008,52,52,건국대학교,본교,대학,대학교,사립,사립,수도권,서울,기존,2007,3030,13907,2885.0,560,10021497,57779757,1825876,0,11847373,57779757,21156.0,103178.1
2008,56,58,경기대학교,제2캠퍼스,대학,대학교,사립,사립,수도권,서울,기존,2007,544,2222,522.0,37,66000,1143778,0,0,66000,1143778,1783.8,30912.9
2008,66,66,경희대학교,본교,대학,대학교,사립,사립,수도권,서울,기존,2007,2400,12301,2941.0,807,4467694,29096426,2445041,488000,6912735,29584426,8566.0,36659.8
2008,69,69,고려대학교,본교,대학,대학교,사립,사립,수도권,서울,기존,2007,3862,19454,4333.0,1254,5799510,103908197,315673,0,6115183,103908197,4876.5,82861.4
2008,74,74,광운대학교,본교,대학,대학교,사립,사립,수도권,서울,기존,2007,1755,7930,1725.0,255,1148000,19066121,683000,536692,1831000,19602813,7180.4,76873.8
2008,78,78,국민대학교,본교,대학,대학교,사립,사립,수도권,서울,기존,2007,2983,13341,3039.0,457,1492525,23905997,785075,100000,2277600,24005997,4983.8,52529.5
2008,79,79,그리스도대학교,본교,대학,대학교,사립,사립,수도권,서울,기존,2007,330,1326,284.0,39,18000,80000,9570,0,27570,80000,706.9,2051.3
2008,99,99,덕성여자대학교,본교,대학,대학교,사립,사립,수도권,서울,기존,2007,1290,5651,1238.0,155,827740,3850448,870000,14998,1697740,3865446,10953.2,24938.4
2008,100,100,동국대학교,본교,대학,대학교,사립,사립,수도권,서울,기존,2007,2715,12873,2851.0,484,3685796,30054979,996707,193000,4682503,30247979,9674.6,62495.8
2008,102,102,동덕여자대학교,본교,대학,대학교,사립,사립,수도권,서울,기존,2007,1697,7145,1630.0,198,274650,926021,0,0,274650,926021,1387.1,4676.9
2008,109,111,명지대학교,제2캠퍼스,대학,대학교,사립,사립,수도권,서울,기존,2007,1330,6491,1246.0,146,20000,1550267,0,0,20000,1550267,137.0,10618.3
2008,116,116,삼육대학교,본교,대학,대학교,사립,사립,수도권,서울,기존,2007,1282,4658,778.0,161,0,2176846,18300,0,18300,2176846,113.7,13520.8
2008,117,117,상명대학교,본교,대학,대학교,사립,사립,수도권,서울,기존,2007,1400,6286,1267.0,158,226500,2047524,70000,0,296500,2047524,1876.6,12959.0
2008,120,120,서강대학교,본교,대학,대학교,사립,사립,수도권,서울,기존,2007,1670,7794,1783.0,354,2538971,23194990,129000,0,2667971,23194990,7536.6,65522.6
2008,121,121,서경대학교,본교,대학,대학교,사립,사립,수도권,서울,기존,2007,1410,5979,1254.0,179,40200,2274672,0,51000,40200,2325672,224.6,12992.6
2008,98,98,서울기독대학교,본교,대학,대학교,사립,사립,수도권,서울,기존,2007,170,556,116.0,29,36000,21562,0,0,36000,21562,1241.4,743.5
2008,19,19,서울대학교,본교,대학,대학교,국공립,국립대법인,수도권,서울,기존,2007,3162,16990,4267.0,1751,3654039,351236854,0,0,3654039,351236854,2086.8,200592.1
2008,40,40,서울시립대학교,본교,대학,대학교,국공립,공립,수도권,서울,기존,2007,1805,7879,1606.0,346,4128663,33840231,349176,225645,4477839,34065876,12941.7,98456.3
2008,126,126,서울여자대학교,본교,대학,대학교,사립,사립,수도권,서울,기존,2007,1730,7232,1736.0,212,898500,7356439,1040000,0,1938500,7356439,9143.9,34700.2
2008,132,132,성공회대학교,본교,대학,대학교,사립,사립,수도권,서울,기존,2007,540,2216,460.0,78,21410,1792550,78015,0,99425,1792550,1274.7,22981.4
2008,133,133,성균관대학교,본교,대학,대학교,사립,사립,수도권,서울,기존,2007,1931,10627,2198.0,361,1427121,13167943,411019,319080,1838140,13487023,5091.8,37360.2
2008,136,136,성신여자대학교,본교,대학,대학교,사립,사립,수도권,서울,기존,2007,2219,9496,2110.0,263,563000,2468848,0,0,563000,2468848,2140.7,9387.3
2008,138,138,세종대학교,본교,대학,대학교,사립,사립,수도권,서울,기존,2007,2320,10235,2193.0,361,289000,25123925,318000,0,607000,25123925,1681.4,69595.4
2008,141,141,숙명여자대학교,본교,대학,대학교,사립,사립,수도권,서울,기존,2007,2278,10168,2226.0,387,1445150,10394978,710000,0,2155150,10394978,5568.9,26860.4
2008,143,143,숭실대학교,본교,대학,대학교,사립,사립,수도권,서울,기존,2007,2675,13089,2425.0,397,1233510,14543370,374631,94555,1608141,14637925,4050.7,36871.3
2008,149,149,연세대학교,본교,대학,대학교,사립,사립,수도권,서울,기존,2007,3474,18588,4169.0,1473,8279470,184120884,6036218,1318694,14315688,185439578,9718.7,125892.4
2008,163,163,이화여자대학교,본교,대학,대학교,사립,사립,수도권,서울,기존,2007,3184,15583,3510.0,892,5253362,50852723,1023240,0,6276602,50852723,7036.5,57009.8
2008,170,170,장로회신학대학교,본교,대학,대학교,사립,사립,수도권,서울,기존,2007,150,634,156.0,51,106000,219465,0,0,106000,219465,2078.4,4303.2
2008,175,175,중앙대학교,본교,대학,대학교,사립,사립,수도권,서울,기존,2007,2683,13077,2692.0,638,5776158,33017803,633607,143000,6409765,33160803,10046.7,51976.2
2008,180,180,총신대학교,본교,대학,대학교,사립,사립,수도권,서울,기존,2007,360,1601,355.0,90,179950,168164,0,0,179950,168164,1999.4,1868.5
2008,181,181,추계예술대학교,본교,대학,대학교,사립,사립,수도권,서울,기존,2007,290,1183,249.0,46,15000,0,0,0,15000,0,326.1,0.0
2008,191,191,한국성서대학교,본교,대학,대학교,사립,사립,수도권,서울,기존,2007,240,985,198.0,28,22285,175710,0,0,22285,175710,795.9,6275.4
2008,192,192,한국외국어대학교,본교,대학,대학교,사립,사립,수도권,서울,기존,2007,1713,7980,1627.0,308,700000,1258842,0,0,700000,1258842,2272.7,4087.1
2008,32,32,한국체육대학교,본교,대학,대학교,국공립,국립,수도권,서울,기존,2007,590,2408,538.0,106,300630,400002,0,0,300630,400002,2836.1,3773.6
2008,200,200,한성대학교,본교,대학,대학교,사립,사립,수도권,서울,기존,2007,1620,6668,1542.0,201,277305,2826082,0,0,277305,2826082,1379.6,14060.1
2008,203,203,한양대학교,본교,대학,대학교,사립,사립,수도권,서울,기존,2007,2968,15685,3549.0,853,2341900,65500988,568739,125000,2910639,65625988,3412.2,76935.5
2008,205,205,한영신학대학교,본교,대학,대학교,사립,사립,수도권,서울,기존,2007,204,761,182.0,42,0,954501,0,0,0,954501,0.0,22726.2
2008,212,212,홍익대학교,본교,대학,대학교,사립,사립,수도권,서울,기존,2007,2470,11081,2183.0,496,1961347,9164758,409600,0,2370947,9164758,4780.1,18477.3
