공시연도,대표학교코드,학교코드,학교명,본분교명,대학구분,학교종류,설립유형,설립구분,소재지유형,지역명,학교상태,기준년도,입학정원(학부),재학생수(학부),졸업생수(학부),전임교원(학생정원 기준),전임교원(재학생 기준),교원법정정원(학생정원 기준),교원법정정원(재학생기준),전임교원 확보율(학생정원 기준),전임교원 확보율(재학생 기준)
2025,0000046,0000049,가톨릭대학교,제3캠퍼스,대학,대학교,사립,사립,수도권,서울,기존,2025,50,197,31,15,15,18,15,83.33,100
2025,0000046,0000048,가톨릭대학교,제2캠퍼스,대학,대학교,사립,사립,수도권,서울,기존,2025,173,912,101,1011,1011,204,175,495.59,577.71
2025,0000050,0000050,감리교신학대학교,본교,대학,대학교,사립,사립,수도권,서울,기존,2025,192,564,170,24,24,67,62,35.82,38.71
2025,0000079,0000079,강서대학교,본교,대학,대학교,사립,사립,수도권,서울,기존,2025,277,1742,504,54,54,60,81,90,66.67
2025,0000052,0000052,건국대학교,본교,대학,대학교,사립,사립,수도권,서울,기존,2025,3000,15960,3410,631,631,926,1068,68.14,59.08
2025,0000056,0000058,경기대학교,제2캠퍼스,대학,대학교,사립,사립,수도권,서울,기존,2025,328,1841,477,53,53,118,123,44.92,43.09
2025,0000066,0000066,경희대학교,본교,대학,대학교,사립,사립,수도권,서울,기존,2025,4873,25573,5776,1395,1395,1476,1812,94.51,76.99
2025,0000069,0000069,고려대학교,본교,대학,대학교,사립,사립,수도권,서울,기존,2025,4142,21772,4206,1601,1601,1450,1652,110.41,96.91
2025,0000074,0000074,광운대학교,본교,대학,대학교,사립,사립,수도권,서울,기존,2025,1823,8414,1970,307,307,423,494,72.58,62.15
2025,0000078,0000078,국민대학교,본교,대학,대학교,사립,사립,수도권,서울,기존,2025,2966,14502,3301,651,651,738,898,88.21,72.49
2025,0000099,0000099,덕성여자대학교,본교,대학,대학교,사립,사립,수도권,서울,기존,2025,1215,5566,1203,197,197,232,269,84.91,73.23
2025,0000100,0000100,동국대학교,본교,대학,대학교,사립,사립,수도권,서울,기존,2025,2836,13841,2987,686,686,770,921,89.09,74.48
2025,0000102,0000102,동덕여자대학교,본교,대학,대학교,사립,사립,수도권,서울,기존,2025,1577,6392,1634,214,214,318,321,67.3,66.67
2025,0000109,0000111,명지대학교,제2캠퍼스,대학,대학교,사립,사립,수도권,서울,기존,2025,1263,7530,1970,250,250,331,402,75.53,62.19
2025,0000116,0000116,삼육대학교,본교,대학,대학교,사립,사립,수도권,서울,기존,2025,1157,5268,1284,190,190,251,293,75.7,64.85
2025,0000117,0000117,상명대학교,본교,대학,대학교,사립,사립,수도권,서울,기존,2025,1302,6267,1393,246,246,309,348,79.61,70.69
2025,0000120,0000120,서강대학교,본교,대학,대학교,사립,사립,수도권,서울,기존,2025,1602,8429,1736,410,410,537,624,76.35,65.71
2025,0000121,0000121,서경대학교,본교,대학,대학교,사립,사립,수도권,서울,기존,2025,1309,6864,1457,250,250,275,357,90.91,70.03
2025,0000036,0000036,서울과학기술대학교,본교,대학,대학교,국공립,국립,수도권,서울,기존,2025,2227,10444,2230,430,430,537,636,80.07,67.61
2025,0000098,0000098,서울기독대학교,본교,대학,대학교,사립,사립,수도권,서울,기존,2025,136,1279,65,37,37,42,67,88.1,55.22
2025,0000019,0000019,서울대학교,본교,대학,대학교,국공립,국립대법인,수도권,서울,기존,2025,3476,17279,3200,2369,2369,1617,1924,146.51,123.13
2025,0000040,0000040,서울시립대학교,본교,대학,대학교,국공립,공립,수도권,서울,기존,2025,1747,8949,1812,458,458,500,586,91.6,78.16
2025,0000126,0000126,서울여자대학교,본교,대학,대학교,사립,사립,수도권,서울,기존,2025,1612,7692,1367,224,224,329,365,68.09,61.37
2025,0000205,0000205,서울한영대학교,본교,대학,대학교,사립,사립,수도권,서울,기존,2025,180,778,136,27,27,42,45,64.29,60
2025,0000132,0000132,성공회대학교,본교,대학,대학교,사립,사립,수도권,서울,기존,2025,502,2234,444,80,80,115,111,69.57,72.07
2025,0000133,0000133,성균관대학교,본교,대학,대학교,사립,사립,수도권,서울,기존,2025,3555,19613,4256,1543,1543,1242,1481,124.24,104.19
2025,0000136,0000136,성신여자대학교,본교,대학,대학교,사립,사립,수도권,서울,기존,2025,2060,9404,1939,324,324,457,488,70.9,66.39
2025,0000138,0000138,세종대학교,본교,대학,대학교,사립,사립,수도권,서울,기존,2025,2564,13171,2616,590,590,647,867,91.19,68.05
2025,0000141,0000141,숙명여자대학교,본교,대학,대학교,사립,사립,수도권,서울,기존,2025,2160,10134,2336,418,418,563,584,74.25,71.58
2025,0000143,0000143,숭실대학교,본교,대학,대학교,사립,사립,수도권,서울,기존,2025,2675,14738,3021,528,528,645,831,81.86,63.54
2025,0000149,0000149,연세대학교,본교,대학,대학교,사립,사립,수도권,서울,기존,2025,3555,21005,4461,1820,1820,1496,1843,121.66,98.75
2025,0000163,0000163,이화여자대학교,본교,대학,대학교,사립,사립,수도권,서울,기존,2025,3260,16452,3314,961,961,1047,1166,91.79,82.42
2025,0000170,0000170,장로회신학대학교,본교,대학,대학교,사립,사립,수도권,서울,기존,2025,150,572,163,78,78,118,115,66.1,67.83
2025,0000175,0000175,중앙대학교,본교,대학,대학교,사립,사립,수도권,서울,기존,2025,3210,18637,4079,1049,1049,961,1194,109.16,87.86
2025,0000180,0000180,총신대학교,본교,대학,대학교,사립,사립,수도권,서울,기존,2025,307,1398,314,104,104,160,161,65,64.6
2025,0000181,0000181,추계예술대학교,본교,대학,대학교,사립,사립,수도권,서울,기존,2025,250,1113,256,47,47,65,66,72.31,71.21
2025,0000191,0000191,한국성서대학교,본교,대학,대학교,사립,사립,수도권,서울,기존,2025,228,972,203,41,41,53,54,77.36,75.93
2025,0000192,0000192,한국외국어대학교,본교,대학,대학교,사립,사립,수도권,서울,기존,2025,3475,17101,3795,612,612,765,862,80,71
2025,0000032,0000032,한국체육대학교,본교,대학,대학교,국공립,국립,수도권,서울,기존,2025,535,2339,566,118,118,152,160,77.63,73.75
2025,0000200,0000200,한성대학교,본교,대학,대학교,사립,사립,수도권,서울,기존,2025,1498,7011,1579,282,282,323,386,87.31,73.06
2025,0000203,0000203,한양대학교,본교,대학,대학교,사립,사립,수도권,서울,기존,2025,2906,16432,3359,1141,1141,1080,1324,105.65,86.18
2025,0000212,0000212,홍익대학교,본교,대학,대학교,사립,사립,수도권,서울,기존,2025,2371,12368,2708,532,532,706,845,75.35,62.96
2024,0000046,0000049,가톨릭대학교,제3캠퍼스,대학,대학교,사립,사립,수도권,서울,기존,2024,50,219,45,16,16,18,15,88.89,106.67
2024,0000046,0000048,가톨릭대학교,제2캠퍼스,대학,대학교,사립,사립,수도권,서울,기존,2024,173,470,164,1009,1009,206,140,489.81,720.71
2024,0000050,0000050,감리교신학대학교,본교,대학,대학교,사립,사립,수도권,서울,기존,2024,192,582,171,25,25,69,61,36.23,40.98
2024,0000079,0000079,강서대학교,본교,대학,대학교,사립,사립,수도권,서울,기존,2024,277,1707,235,55,55,59,79,93.22,69.62
2024,0000052,0000052,건국대학교,본교,대학,대학교,사립,사립,수도권,서울,기존,2024,3000,15491,3472,645,645,921,1040,70.03,62.02
2024,0000056,0000058,경기대학교,제2캠퍼스,대학,대학교,사립,사립,수도권,서울,기존,2024,328,1914,450,55,55,117,127,47.01,43.31
2024,0000066,0000066,경희대학교,본교,대학,대학교,사립,사립,수도권,서울,기존,2024,4840,25048,6161,1378,1378,1453,1761,94.84,78.25
2024,0000069,0000069,고려대학교,본교,대학,대학교,사립,사립,수도권,서울,기존,2024,3992,20582,4219,1556,1556,1443,1560,107.83,99.74
2024,0000074,0000074,광운대학교,본교,대학,대학교,사립,사립,수도권,서울,기존,2024,1816,8392,1901,320,320,429,482,74.59,66.39
2024,0000078,0000078,국민대학교,본교,대학,대학교,사립,사립,수도권,서울,기존,2024,2966,14486,3367,639,639,739,889,86.47,71.88
2024,0000099,0000099,덕성여자대학교,본교,대학,대학교,사립,사립,수도권,서울,기존,2024,1175,5357,1287,200,200,229,261,87.34,76.63
2024,0000100,0000100,동국대학교,본교,대학,대학교,사립,사립,수도권,서울,기존,2024,2823,13559,3143,684,684,769,904,88.95,75.66
2024,0000102,0000102,동덕여자대학교,본교,대학,대학교,사립,사립,수도권,서울,기존,2024,1577,6996,1543,225,225,316,344,71.2,65.41
2024,0000109,0000111,명지대학교,제2캠퍼스,대학,대학교,사립,사립,수도권,서울,기존,2024,1263,7410,1885,240,240,328,378,73.17,63.49
2024,0000116,0000116,삼육대학교,본교,대학,대학교,사립,사립,수도권,서울,기존,2024,1157,5214,1300,209,209,253,294,82.61,71.09
2024,0000117,0000117,상명대학교,본교,대학,대학교,사립,사립,수도권,서울,기존,2024,1302,6152,1387,256,256,308,340,83.12,75.29
2024,0000120,0000120,서강대학교,본교,대학,대학교,사립,사립,수도권,서울,기존,2024,1602,8193,1718,406,406,541,598,75.05,67.89
2024,0000121,0000121,서경대학교,본교,대학,대학교,사립,사립,수도권,서울,기존,2024,1309,6708,1517,253,253,272,337,93.01,75.07
2024,0000036,0000036,서울과학기술대학교,본교,대학,대학교,국공립,국립,수도권,서울,기존,2024,2177,10126,2285,432,432,533,608,81.05,71.05
2024,0000098,0000098,서울기독대학교,본교,대학,대학교,사립,사립,수도권,서울,기존,2024,136,642,77,30,30,42,39,71.43,76.92
2024,0000019,0000019,서울대학교,본교,대학,대학교,국공립,국립대법인,수도권,서울,기존,2024,3451,16359,3188,2344,2344,1604,1828,146.13,128.23
2024,0000040,0000040,서울시립대학교,본교,대학,대학교,국공립,공립,수도권,서울,기존,2024,1747,8796,1826,461,461,500,574,92.2,80.31
2024,0000126,0000126,서울여자대학교,본교,대학,대학교,사립,사립,수도권,서울,기존,2024,1636,7207,1410,231,231,327,340,70.64,67.94
2024,0000205,0000205,서울한영대학교,본교,대학,대학교,사립,사립,수도권,서울,기존,2024,180,594,148,29,29,42,43,69.05,67.44
2024,0000132,0000132,성공회대학교,본교,대학,대학교,사립,사립,수도권,서울,기존,2024,502,2041,410,83,83,115,102,72.17,81.37
2024,0000133,0000133,성균관대학교,본교,대학,대학교,사립,사립,수도권,서울,기존,2024,3447,19132,4124,1529,1529,1194,1434,128.06,106.62
2024,0000136,0000136,성신여자대학교,본교,대학,대학교,사립,사립,수도권,서울,기존,2024,2060,9254,1880,321,321,457,482,70.24,66.6
2024,0000138,0000138,세종대학교,본교,대학,대학교,사립,사립,수도권,서울,기존,2024,2495,12641,2656,575,575,627,805,91.71,71.43
2024,0000141,0000141,숙명여자대학교,본교,대학,대학교,사립,사립,수도권,서울,기존,2024,2170,10219,2220,414,414,564,588,73.4,70.41
2024,0000143,0000143,숭실대학교,본교,대학,대학교,사립,사립,수도권,서울,기존,2024,2675,14517,3037,492,492,645,822,76.28,59.85
2024,0000149,0000149,연세대학교,본교,대학,대학교,사립,사립,수도권,서울,기존,2024,3495,20066,4204,1786,1786,1480,1774,120.68,100.68
2024,0000163,0000163,이화여자대학교,본교,대학,대학교,사립,사립,수도권,서울,기존,2024,3197,15933,3201,969,969,1046,1138,92.64,85.15
2024,0000170,0000170,장로회신학대학교,본교,대학,대학교,사립,사립,수도권,서울,기존,2024,150,599,147,79,79,119,115,66.39,68.7
2024,0000175,0000175,중앙대학교,본교,대학,대학교,사립,사립,수도권,서울,기존,2024,3210,18270,4073,1016,1016,968,1163,104.96,87.36
2024,0000180,0000180,총신대학교,본교,대학,대학교,사립,사립,수도권,서울,기존,2024,307,1389,348,112,112,162,160,69.14,70
2024,0000181,0000181,추계예술대학교,본교,대학,대학교,사립,사립,수도권,서울,기존,2024,250,1098,271,49,49,64,65,76.56,75.38
2024,0000191,0000191,한국성서대학교,본교,대학,대학교,사립,사립,수도권,서울,기존,2024,223,974,238,44,44,52,54,84.62,81.48
2024,0000192,0000192,한국외국어대학교,본교,대학,대학교,사립,사립,수도권,서울,기존,2024,3475,16805,3729,620,620,758,847,81.79,73.2
2024,0000032,0000032,한국체육대학교,본교,대학,대학교,국공립,국립,수도권,서울,기존,2024,535,2372,596,121,121,152,159,79.61,76.1
2024,0000200,0000200,한성대학교,본교,대학,대학교,사립,사립,수도권,서울,기존,2024,1498,7024,1463,270,270,321,376,84.11,71.81
2024,0000203,0000203,한양대학교,본교,대학,대학교,사립,사립,수도권,서울,기존,2024,2906,15870,3391,1142,1142,1078,1264,105.94,90.35
2024,0000212,0000212,홍익대학교,본교,대학,대학교,사립,사립,수도권,서울,기존,2024,2421,12183,2643,509,509,705,838,72.2,60.74
2023,0000046,0000049,가톨릭대학교,제3캠퍼스,대학,대학교,사립,사립,수도권,서울,기존,2023,50,200,39,17,17,18,15,94.44,113.33
2023,0000046,0000048,가톨릭대학교,제2캠퍼스,대학,대학교,사립,사립,수도권,서울,기존,2023,173,903,178,981,981,208,188,471.63,521.81
2023,0000050,0000050,감리교신학대학교,본교,대학,대학교,사립,사립,수도권,서울,기존,2023,192,604,159,26,26,70,61,37.14,42.62
2023,0000079,0000079,강서대학교,본교,대학,대학교,사립,사립,수도권,서울,기존,2023,277,1644,251,53,53,60,77,88.33,68.83
2023,0000052,0000052,건국대학교,본교,대학,대학교,사립,사립,수도권,서울,기존,2023,3000,15688,3412,623,623,927,1053,67.21,59.16
2023,0000056,0000058,경기대학교,제2캠퍼스,대학,대학교,사립,사립,수도권,서울,기존,2023,328,2103,437,57,57,126,142,45.24,40.14
2023,0000066,0000066,경희대학교,본교,대학,대학교,사립,사립,수도권,서울,기존,2023,4830,25960,6247,1396,1396,1474,1842,94.71,75.79
2023,0000069,0000069,고려대학교,본교,대학,대학교,사립,사립,수도권,서울,기존,2023,3884,20373,4391,1525,1525,1465,1616,104.1,94.37
2023,0000074,0000074,광운대학교,본교,대학,대학교,사립,사립,수도권,서울,기존,2023,1684,8447,1913,323,323,424,478,76.18,67.57
2023,0000078,0000078,국민대학교,본교,대학,대학교,사립,사립,수도권,서울,기존,2023,2966,14799,3518,663,663,745,912,88.99,72.7
2023,0000099,0000099,덕성여자대학교,본교,대학,대학교,사립,사립,수도권,서울,기존,2023,1120,5385,1411,209,209,228,263,91.67,79.47
2023,0000100,0000100,동국대학교,본교,대학,대학교,사립,사립,수도권,서울,기존,2023,2778,13416,3488,681,681,762,895,89.37,76.09
2023,0000102,0000102,동덕여자대학교,본교,대학,대학교,사립,사립,수도권,서울,기존,2023,1577,6981,1564,223,223,319,340,69.91,65.59
2023,0000109,0000111,명지대학교,제2캠퍼스,대학,대학교,사립,사립,수도권,서울,기존,2023,1263,7674,1992,240,240,328,384,73.17,62.5
2023,0000116,0000116,삼육대학교,본교,대학,대학교,사립,사립,수도권,서울,기존,2023,1137,5445,1286,215,215,252,308,85.32,69.81
2023,0000117,0000117,상명대학교,본교,대학,대학교,사립,사립,수도권,서울,기존,2023,1379,6322,1462,266,266,310,355,85.81,74.93
2023,0000120,0000120,서강대학교,본교,대학,대학교,사립,사립,수도권,서울,기존,2023,1602,8100,1886,413,413,564,598,73.23,69.06
2023,0000121,0000121,서경대학교,본교,대학,대학교,사립,사립,수도권,서울,기존,2023,1309,6660,1362,255,255,266,331,95.86,77.04
2023,0000036,0000036,서울과학기술대학교,본교,대학,대학교,국공립,국립,수도권,서울,기존,2023,2148,10115,2163,419,419,531,613,78.91,68.35
2023,0000098,0000098,서울기독대학교,본교,대학,대학교,사립,사립,수도권,서울,기존,2023,136,413,95,27,27,42,28,64.29,96.43
2023,0000019,0000019,서울대학교,본교,대학,대학교,국공립,국립대법인,수도권,서울,기존,2023,3233,16662,3113,2308,2308,1660,1935,139.04,119.28
2023,0000040,0000040,서울시립대학교,본교,대학,대학교,국공립,공립,수도권,서울,기존,2023,1727,8697,1951,450,450,502,567,89.64,79.37
2023,0000126,0000126,서울여자대학교,본교,대학,대학교,사립,사립,수도권,서울,기존,2023,1670,7018,1516,232,232,325,331,71.38,70.09
2023,0000205,0000205,서울한영대학교,본교,대학,대학교,사립,사립,수도권,서울,기존,2023,180,623,143,33,33,42,42,78.57,78.57
2023,0000132,0000132,성공회대학교,본교,대학,대학교,사립,사립,수도권,서울,기존,2023,502,2038,382,82,82,114,104,71.93,78.85
2023,0000133,0000133,성균관대학교,본교,대학,대학교,사립,사립,수도권,서울,기존,2023,3335,19487,4122,1520,1520,1187,1464,128.05,103.83
2023,0000136,0000136,성신여자대학교,본교,대학,대학교,사립,사립,수도권,서울,기존,2023,2195,9229,1979,312,312,455,479,68.57,65.14
2023,0000138,0000138,세종대학교,본교,대학,대학교,사립,사립,수도권,서울,기존,2023,2360,12414,2698,555,555,619,766,89.66,72.45
2023,0000141,0000141,숙명여자대학교,본교,대학,대학교,사립,사립,수도권,서울,기존,2023,2180,10348,2180,421,421,568,591,74.12,71.24
2023,0000143,0000143,숭실대학교,본교,대학,대학교,사립,사립,수도권,서울,기존,2023,2700,14411,3087,507,507,645,814,78.6,62.29
2023,0000149,0000149,연세대학교,본교,대학,대학교,사립,사립,수도권,서울,기존,2023,3471,20335,4030,1746,1746,1512,1849,115.48,94.43
2023,0000163,0000163,이화여자대학교,본교,대학,대학교,사립,사립,수도권,서울,기존,2023,3167,15940,3403,981,981,1071,1135,91.6,86.43
2023,0000170,0000170,장로회신학대학교,본교,대학,대학교,사립,사립,수도권,서울,기존,2023,150,616,169,80,80,124,116,64.52,68.97
2023,0000175,0000175,중앙대학교,본교,대학,대학교,사립,사립,수도권,서울,기존,2023,3250,18742,4144,997,997,984,1235,101.32,80.73
2023,0000180,0000180,총신대학교,본교,대학,대학교,사립,사립,수도권,서울,기존,2023,307,1374,401,120,120,164,156,73.17,76.92
2023,0000181,0000181,추계예술대학교,본교,대학,대학교,사립,사립,수도권,서울,기존,2023,250,1110,262,53,53,65,72,81.54,73.61
2023,0000191,0000191,한국성서대학교,본교,대학,대학교,사립,사립,수도권,서울,기존,2023,223,1014,213,44,44,52,57,84.62,77.19
2023,0000192,0000192,한국외국어대학교,본교,대학,대학교,사립,사립,수도권,서울,기존,2023,3377,16740,3889,633,633,769,854,82.31,74.12
2023,0000032,0000032,한국체육대학교,본교,대학,대학교,국공립,국립,수도권,서울,기존,2023,535,2410,547,118,118,153,161,77.12,73.29
2023,0000200,0000200,한성대학교,본교,대학,대학교,사립,사립,수도권,서울,기존,2023,1458,6941,1548,265,265,321,370,82.55,71.62
2023,0000203,0000203,한양대학교,본교,대학,대학교,사립,사립,수도권,서울,기존,2023,2906,16531,3559,1150,1150,1103,1350,104.26,85.19
2023,0000212,0000212,홍익대학교,본교,대학,대학교,사립,사립,수도권,서울,기존,2023,2421,12365,2888,533,533,709,851,75.18,62.63
2022,0000046,0000048,가톨릭대학교,제2캠퍼스,대학,대학교,사립,사립,수도권,서울,기존,2022,173,913,179,931,931,213,194,437.09,479.9
2022,0000046,0000049,가톨릭대학교,제3캠퍼스,대학,대학교,사립,사립,수도권,서울,기존,2022,50,216,39,15,15,18,16,83.33,93.75
2022,0000050,0000050,감리교신학대학교,본교,대학,대학교,사립,사립,수도권,서울,기존,2022,200,635,187,26,26,72,64,36.11,40.63
2022,0000079,0000079,강서대학교,본교,대학,대학교,사립,사립,수도권,서울,기존,2022,277,1560,318,53,53,60,76,88.33,69.74
2022,0000052,0000052,건국대학교,본교,대학,대학교,사립,사립,수도권,서울,기존,2022,3000,15343,3863,627,627,944,1054,66.42,59.49
2022,0000056,0000058,경기대학교,제2캠퍼스,대학,대학교,사립,사립,수도권,서울,기존,2022,328,2010,434,36,36,57,86,63.16,41.86
2022,0000066,0000066,경희대학교,본교,대학,대학교,사립,사립,수도권,서울,기존,2022,4830,25998,6514,1360,1360,1474,1817,92.27,74.85
2022,0000069,0000069,고려대학교,본교,대학,대학교,사립,사립,수도권,서울,기존,2022,3889,19597,4905,1511,1511,1467,1578,103,95.75
2022,0000074,0000074,광운대학교,본교,대학,대학교,사립,사립,수도권,서울,기존,2022,1684,8496,1802,328,328,420,476,78.1,68.91
2022,0000078,0000078,국민대학교,본교,대학,대학교,사립,사립,수도권,서울,기존,2022,2966,14562,3930,668,668,743,898,89.91,74.39
2022,0000099,0000099,덕성여자대학교,본교,대학,대학교,사립,사립,수도권,서울,기존,2022,1120,5269,1487,213,213,233,253,91.42,84.19
2022,0000100,0000100,동국대학교,본교,대학,대학교,사립,사립,수도권,서울,기존,2022,2778,13270,3297,694,694,761,853,91.2,81.36
2022,0000102,0000102,동덕여자대학교,본교,대학,대학교,사립,사립,수도권,서울,기존,2022,1577,6834,1666,233,233,321,334,72.59,69.76
2022,0000109,0000111,명지대학교,제2캠퍼스,대학,대학교,사립,사립,수도권,서울,기존,2022,1263,7613,2119,244,244,314,377,77.71,64.72
2022,0000116,0000116,삼육대학교,본교,대학,대학교,사립,사립,수도권,서울,기존,2022,1137,5332,1297,215,215,252,290,85.32,74.14
2022,0000117,0000117,상명대학교,본교,대학,대학교,사립,사립,수도권,서울,기존,2022,1379,6305,1535,266,266,310,352,85.81,75.57
2022,0000120,0000120,서강대학교,본교,대학,대학교,사립,사립,수도권,서울,기존,2022,1574,7974,1969,400,400,561,575,71.3,69.57
2022,0000121,0000121,서경대학교,본교,대학,대학교,사립,사립,수도권,서울,기존,2022,1269,6510,1383,251,251,270,328,92.96,76.52
2022,0000036,0000036,서울과학기술대학교,본교,대학,대학교,국공립,국립,수도권,서울,기존,2022,2157,10064,2481,410,410,529,606,77.5,67.66
2022,0000098,0000098,서울기독대학교,본교,대학,대학교,사립,사립,수도권,서울,기존,2022,136,403,79,29,29,42,29,69.05,100
2022,0000019,0000019,서울대학교,본교,대학,대학교,국공립,국립대법인,수도권,서울,기존,2022,3233,15870,3330,2278,2278,1659,1886,137.31,120.78
2022,0000040,0000040,서울시립대학교,본교,대학,대학교,국공립,공립,수도권,서울,기존,2022,1737,8674,2064,447,447,489,569,91.41,78.56
2022,0000126,0000126,서울여자대학교,본교,대학,대학교,사립,사립,수도권,서울,기존,2022,1645,7008,1685,232,232,325,330,71.38,70.3
2022,0000205,0000205,서울한영대학교,본교,대학,대학교,사립,사립,수도권,서울,기존,2022,180,655,145,32,32,43,39,74.42,82.05
2022,0000132,0000132,성공회대학교,본교,대학,대학교,사립,사립,수도권,서울,기존,2022,502,1931,460,88,88,115,103,76.52,85.44
2022,0000133,0000133,성균관대학교,본교,대학,대학교,사립,사립,수도권,서울,기존,2022,3335,18298,4664,1525,1525,1191,1418,128.04,107.55
2022,0000136,0000136,성신여자대학교,본교,대학,대학교,사립,사립,수도권,서울,기존,2022,2232,8873,2346,326,326,454,464,71.81,70.26
2022,0000138,0000138,세종대학교,본교,대학,대학교,사립,사립,수도권,서울,기존,2022,2400,11688,2853,550,550,615,721,89.43,76.28
2022,0000141,0000141,숙명여자대학교,본교,대학,대학교,사립,사립,수도권,서울,기존,2022,2150,9830,2588,428,428,570,568,75.09,75.35
2022,0000143,0000143,숭실대학교,본교,대학,대학교,사립,사립,수도권,서울,기존,2022,2700,13864,3346,510,510,644,789,79.19,64.64
2022,0000149,0000149,연세대학교,본교,대학,대학교,사립,사립,수도권,서울,기존,2022,3457,19239,4351,1731,1731,1519,1792,113.96,96.6
2022,0000163,0000163,이화여자대학교,본교,대학,대학교,사립,사립,수도권,서울,기존,2022,3127,15281,3935,989,989,1075,1098,92,90.07
2022,0000170,0000170,장로회신학대학교,본교,대학,대학교,사립,사립,수도권,서울,기존,2022,150,616,178,80,80,124,119,64.52,67.23
2022,0000175,0000175,중앙대학교,본교,대학,대학교,사립,사립,수도권,서울,기존,2022,3250,18110,4879,968,968,982,1211,98.57,79.93
2022,0000180,0000180,총신대학교,본교,대학,대학교,사립,사립,수도권,서울,기존,2022,307,1466,452,123,123,168,167,73.21,73.65
2022,0000181,0000181,추계예술대학교,본교,대학,대학교,사립,사립,수도권,서울,기존,2022,250,1068,298,56,56,66,71,84.85,78.87
2022,0000191,0000191,한국성서대학교,본교,대학,대학교,사립,사립,수도권,서울,기존,2022,223,1025,214,44,44,53,57,83.02,77.19
2022,0000192,0000192,한국외국어대학교,본교,대학,대학교,사립,사립,수도권,서울,기존,2022,3377,16593,4043,644,644,767,850,83.96,75.76
2022,0000032,0000032,한국체육대학교,본교,대학,대학교,국공립,국립,수도권,서울,기존,2022,535,2384,601,121,121,153,161,79.08,75.16
2022,0000200,0000200,한성대학교,본교,대학,대학교,사립,사립,수도권,서울,기존,2022,1458,6840,1480,265,265,321,358,82.55,74.02
2022,0000203,0000203,한양대학교,본교,대학,대학교,사립,사립,수도권,서울,기존,2022,2906,15448,3851,1138,1138,1097,1285,103.74,88.56
2022,0000212,0000212,홍익대학교,본교,대학,대학교,사립,사립,수도권,서울,기존,2022,2421,12163,3065,553,553,709,842,78,65.68
2021,0000046,0000049,가톨릭대학교,제3캠퍼스,대학,대학교,사립,사립,수도권,서울,기존,2021,50,224,44,18,18,18,16,100,112.5
2021,0000046,0000048,가톨릭대학교,제2캠퍼스,대학,대학교,사립,사립,수도권,서울,기존,2021,173,921,174,921,921,218,190,422.48,484.74
2021,0000050,0000050,감리교신학대학교,본교,대학,대학교,사립,사립,수도권,서울,기존,2021,200,740,185,26,26,72,73,36.11,35.62
2021,0000052,0000052,건국대학교,본교,대학,대학교,사립,사립,수도권,서울,기존,2021,3000,15751,3585,659,659,937,1060,70.33,62.17
2021,0000056,0000058,경기대학교,제2캠퍼스,대학,대학교,사립,사립,수도권,서울,기존,2021,328,2087,452,37,37,58,89,63.79,41.57
2021,0000066,0000066,경희대학교,본교,대학,대학교,사립,사립,수도권,서울,기존,2021,4720,26582,6093,1361,1361,1472,1817,92.46,74.9
2021,0000069,0000069,고려대학교,본교,대학,대학교,사립,사립,수도권,서울,기존,2021,3889,20047,4828,1504,1504,1472,1579,102.17,95.25
2021,0000074,0000074,광운대학교,본교,대학,대학교,사립,사립,수도권,서울,기존,2021,1684,8527,1737,331,331,416,481,79.57,68.81
2021,0000078,0000078,국민대학교,본교,대학,대학교,사립,사립,수도권,서울,기존,2021,2863,15264,3622,685,685,743,909,92.19,75.36
2021,0000099,0000099,덕성여자대학교,본교,대학,대학교,사립,사립,수도권,서울,기존,2021,1040,5608,1427,226,226,242,267,93.39,84.64
2021,0000100,0000100,동국대학교,본교,대학,대학교,사립,사립,수도권,서울,기존,2021,2685,13868,3493,711,711,756,855,94.05,83.16
2021,0000102,0000102,동덕여자대학교,본교,대학,대학교,사립,사립,수도권,서울,기존,2021,1507,7130,1577,240,240,323,345,74.3,69.57
2021,0000109,0000111,명지대학교,제2캠퍼스,대학,대학교,사립,사립,수도권,서울,기존,2021,1263,7912,1818,245,245,313,389,78.27,62.98
2021,0000116,0000116,삼육대학교,본교,대학,대학교,사립,사립,수도권,서울,기존,2021,1122,5464,1368,221,221,253,291,87.35,75.95
2021,0000117,0000117,상명대학교,본교,대학,대학교,사립,사립,수도권,서울,기존,2021,1379,6536,1408,278,278,314,363,88.54,76.58
2021,0000120,0000120,서강대학교,본교,대학,대학교,사립,사립,수도권,서울,기존,2021,1574,8172,1818,407,407,556,561,73.2,72.55
2021,0000121,0000121,서경대학교,본교,대학,대학교,사립,사립,수도권,서울,기존,2021,1269,6500,1288,254,254,272,327,93.38,77.68
2021,0000036,0000036,서울과학기술대학교,본교,대학,대학교,국공립,국립,수도권,서울,기존,2021,2127,10206,2361,407,407,534,606,76.22,67.16
2021,0000098,0000098,서울기독대학교,본교,대학,대학교,사립,사립,수도권,서울,기존,2021,136,461,94,27,27,42,32,64.29,84.38
2021,0000019,0000019,서울대학교,본교,대학,대학교,국공립,국립대법인,수도권,서울,기존,2021,3150,16045,3324,2256,2256,1658,1852,136.07,121.81
2021,0000040,0000040,서울시립대학교,본교,대학,대학교,국공립,공립,수도권,서울,기존,2021,1737,9023,1862,441,441,490,577,90,76.43
2021,0000126,0000126,서울여자대학교,본교,대학,대학교,사립,사립,수도권,서울,기존,2021,1632,7130,1563,225,225,327,332,68.81,67.77
2021,0000205,0000205,서울한영대학교,본교,대학,대학교,사립,사립,수도권,서울,기존,2021,180,685,138,33,33,43,39,76.74,84.62
2021,0000132,0000132,성공회대학교,본교,대학,대학교,사립,사립,수도권,서울,기존,2021,502,2056,441,88,88,114,109,77.19,80.73
2021,0000133,0000133,성균관대학교,본교,대학,대학교,사립,사립,수도권,서울,기존,2021,3303,18882,4261,1496,1496,1159,1440,129.08,103.89
2021,0000136,0000136,성신여자대학교,본교,대학,대학교,사립,사립,수도권,서울,기존,2021,2272,9261,2022,333,333,468,475,71.15,70.11
2021,0000138,0000138,세종대학교,본교,대학,대학교,사립,사립,수도권,서울,기존,2021,2400,11854,2779,546,546,617,722,88.49,75.62
2021,0000141,0000141,숙명여자대학교,본교,대학,대학교,사립,사립,수도권,서울,기존,2021,2110,10172,2225,436,436,571,581,76.36,75.04
2021,0000143,0000143,숭실대학교,본교,대학,대학교,사립,사립,수도권,서울,기존,2021,2700,13792,3028,539,539,645,770,83.57,70
2021,0000149,0000149,연세대학교,본교,대학,대학교,사립,사립,수도권,서울,기존,2021,3417,19016,,1729,1729,1507,1775,114.73,97.41
2021,0000163,0000163,이화여자대학교,본교,대학,대학교,사립,사립,수도권,서울,기존,2021,3027,15928,3364,975,975,1070,1110,91.12,87.84
2021,0000170,0000170,장로회신학대학교,본교,대학,대학교,사립,사립,수도권,서울,기존,2021,150,632,173,80,80,124,121,64.52,66.12
2021,0000175,0000175,중앙대학교,본교,대학,대학교,사립,사립,수도권,서울,기존,2021,3190,18839,5184,943,943,992,1231,95.06,76.6
2021,0000180,0000180,총신대학교,본교,대학,대학교,사립,사립,수도권,서울,기존,2021,307,1610,399,108,108,170,178,63.53,60.67
2021,0000181,0000181,추계예술대학교,본교,대학,대학교,사립,사립,수도권,서울,기존,2021,250,1114,250,52,52,67,67,77.61,77.61
2021,0000079,0000079,케이씨대학교,본교,대학,대학교,사립,사립,수도권,서울,기존,2021,277,1629,288,56,56,60,78,93.33,71.79
2021,0000191,0000191,한국성서대학교,본교,대학,대학교,사립,사립,수도권,서울,기존,2021,223,1058,256,45,45,52,59,86.54,76.27
2021,0000192,0000192,한국외국어대학교,본교,대학,대학교,사립,사립,수도권,서울,기존,2021,3377,17522,3757,662,662,768,884,86.2,74.89
2021,0000032,0000032,한국체육대학교,본교,대학,대학교,국공립,국립,수도권,서울,기존,2021,535,2447,611,115,115,154,163,74.68,70.55
2021,0000200,0000200,한성대학교,본교,대학,대학교,사립,사립,수도권,서울,기존,2021,1458,6610,1447,263,263,319,348,82.45,75.57
2021,0000203,0000203,한양대학교,본교,대학,대학교,사립,사립,수도권,서울,기존,2021,2890,15800,3724,1067,1067,1100,1295,97,82.39
2021,0000212,0000212,홍익대학교,본교,대학,대학교,사립,사립,수도권,서울,기존,2021,2371,12130,3037,571,571,709,820,80.54,69.63
2020,0000046,0000049,가톨릭대학교,제3캠퍼스,대학,대학교,사립,사립,수도권,서울,기존,2020,50,231,10,18,18,19,14,94.74,128.57
2020,0000046,0000048,가톨릭대학교,제2캠퍼스,대학,대학교,사립,사립,수도권,서울,기존,2020,173,923,88,903,903,221,193,408.6,467.88
2020,0000050,0000050,감리교신학대학교,본교,대학,대학교,사립,사립,수도권,서울,기존,2020,200,814,211,25,25,72,76,34.72,32.89
2020,0000052,0000052,건국대학교,본교,대학,대학교,사립,사립,수도권,서울,기존,2020,3000,15766,3447,689,689,920,1042,74.89,66.12
2020,0000056,0000058,경기대학교,제2캠퍼스,대학,대학교,사립,사립,수도권,서울,기존,2020,328,1980,516,36,36,58,83,62.07,43.37
2020,0000066,0000066,경희대학교,본교,대학,대학교,사립,사립,수도권,서울,기존,2020,4720,25875,6005,1404,1404,1475,1760,95.19,79.77
2020,0000069,0000069,고려대학교,본교,대학,대학교,사립,사립,수도권,서울,기존,2020,3799,20822,4572,1477,1477,1472,1558,100.34,94.8
2020,0000074,0000074,광운대학교,본교,대학,대학교,사립,사립,수도권,서울,기존,2020,1684,8181,1818,327,327,415,470,78.8,69.57
2020,0000078,0000078,국민대학교,본교,대학,대학교,사립,사립,수도권,서울,기존,2020,2863,15109,3520,675,675,743,887,90.85,76.1
2020,0000099,0000099,덕성여자대학교,본교,대학,대학교,사립,사립,수도권,서울,기존,2020,1040,5506,1229,182,182,248,263,73.39,69.2
2020,0000100,0000100,동국대학교,본교,대학,대학교,사립,사립,수도권,서울,기존,2020,2685,13944,3081,682,682,758,856,89.97,79.67
2020,0000102,0000102,동덕여자대학교,본교,대학,대학교,사립,사립,수도권,서울,기존,2020,1507,6938,1521,227,227,324,337,70.06,67.36
2020,0000109,0000111,명지대학교,제2캠퍼스,대학,대학교,사립,사립,수도권,서울,기존,2020,1263,7262,1593,247,247,313,364,78.91,67.86
2020,0000116,0000116,삼육대학교,본교,대학,대학교,사립,사립,수도권,서울,기존,2020,1122,5517,1276,210,210,253,288,83,72.92
2020,0000117,0000117,상명대학교,본교,대학,대학교,사립,사립,수도권,서울,기존,2020,1302,6544,1495,264,264,309,367,85.44,71.93
2020,0000120,0000120,서강대학교,본교,대학,대학교,사립,사립,수도권,서울,기존,2020,1574,8275,1567,407,407,557,542,73.07,75.09
2020,0000121,0000121,서경대학교,본교,대학,대학교,사립,사립,수도권,서울,기존,2020,1269,6185,1461,239,239,276,317,86.59,75.39
2020,0000036,0000036,서울과학기술대학교,본교,대학,대학교,국공립,국립,수도권,서울,기존,2020,2067,10587,2278,386,386,530,622,72.83,62.06
2020,0000098,0000098,서울기독대학교,본교,대학,대학교,사립,사립,수도권,서울,기존,2020,136,501,102,29,29,41,34,70.73,85.29
2020,0000019,0000019,서울대학교,본교,대학,대학교,국공립,국립대법인,수도권,서울,기존,2020,3130,16608,3204,2256,2256,1656,1828,136.23,123.41
2020,0000040,0000040,서울시립대학교,본교,대학,대학교,국공립,공립,수도권,서울,기존,2020,1697,9028,1937,430,430,486,568,88.48,75.7
2020,0000126,0000126,서울여자대학교,본교,대학,대학교,사립,사립,수도권,서울,기존,2020,1592,7141,1384,222,222,325,334,68.31,66.47
2020,0000205,0000205,서울한영대학교,본교,대학,대학교,사립,사립,수도권,서울,기존,2020,180,695,141,36,36,42,39,85.71,92.31
2020,0000132,0000132,성공회대학교,본교,대학,대학교,사립,사립,수도권,서울,기존,2020,502,2112,452,87,87,115,111,75.65,78.38
2020,0000133,0000133,성균관대학교,본교,대학,대학교,사립,사립,수도권,서울,기존,2020,3303,19305,4047,1487,1487,1149,1409,129.42,105.54
2020,0000136,0000136,성신여자대학교,본교,대학,대학교,사립,사립,수도권,서울,기존,2020,2060,8868,1982,306,306,459,452,66.67,67.7
2020,0000138,0000138,세종대학교,본교,대학,대학교,사립,사립,수도권,서울,기존,2020,2320,11943,2614,516,516,613,699,84.18,73.82
2020,0000141,0000141,숙명여자대학교,본교,대학,대학교,사립,사립,수도권,서울,기존,2020,2110,10123,2371,449,449,574,572,78.22,78.5
2020,0000143,0000143,숭실대학교,본교,대학,대학교,사립,사립,수도권,서울,기존,2020,2675,13613,2999,523,523,643,760,81.34,68.82
2020,0000149,0000149,연세대학교,본교,대학,대학교,사립,사립,수도권,서울,기존,2020,3417,18924,3939,1724,1724,1509,1739,114.25,99.14
2020,0000163,0000163,이화여자대학교,본교,대학,대학교,사립,사립,수도권,서울,기존,2020,3027,15698,3384,972,972,1069,1085,90.93,89.59
2020,0000170,0000170,장로회신학대학교,본교,대학,대학교,사립,사립,수도권,서울,기존,2020,150,648,141,79,79,124,123,63.71,64.23
2020,0000175,0000175,중앙대학교,본교,대학,대학교,사립,사립,수도권,서울,기존,2020,3150,18747,3807,943,943,992,1202,95.06,78.45
2020,0000180,0000180,총신대학교,본교,대학,대학교,사립,사립,수도권,서울,기존,2020,334,1693,410,112,112,172,180,65.12,62.22
2020,0000181,0000181,추계예술대학교,본교,대학,대학교,사립,사립,수도권,서울,기존,2020,269,1111,305,52,52,68,64,76.47,81.25
2020,0000079,0000079,케이씨대학교,본교,대학,대학교,사립,사립,수도권,서울,기존,2020,277,1351,278,47,47,62,62,75.81,75.81
2020,0000191,0000191,한국성서대학교,본교,대학,대학교,사립,사립,수도권,서울,기존,2020,223,1049,230,45,45,53,58,84.91,77.59
2020,0000192,0000192,한국외국어대학교,본교,대학,대학교,사립,사립,수도권,서울,기존,2020,3377,17438,3605,680,680,768,877,88.54,77.54
2020,0000032,0000032,한국체육대학교,본교,대학,대학교,국공립,국립,수도권,서울,기존,2020,545,2512,591,107,107,159,166,67.3,64.46
2020,0000200,0000200,한성대학교,본교,대학,대학교,사립,사립,수도권,서울,기존,2020,1458,6567,1443,262,262,319,346,82.13,75.72
2020,0000203,0000203,한양대학교,본교,대학,대학교,사립,사립,수도권,서울,기존,2020,2804,15709,3637,1063,1063,1097,1230,96.9,86.42
2020,0000212,0000212,홍익대학교,본교,대학,대학교,사립,사립,수도권,서울,기존,2020,2371,12136,2689,567,567,713,816,79.52,69.49
2019,0000046,0000049,가톨릭대학교,제3캠퍼스,대학,대학교,사립,사립,수도권,서울,기존,2019,50,192,41,22,22,19,15,115.79,146.67
2019,0000046,0000048,가톨릭대학교,제2캠퍼스,대학,대학교,사립,사립,수도권,서울,기존,2019,173,807,88,884,884,231,206,382.68,429.13
2019,0000050,0000050,감리교신학대학교,본교,대학,대학교,사립,사립,수도권,서울,기존,2019,200,833,187,25,25,72,76,34.72,32.89
2019,0000052,0000052,건국대학교,본교,대학,대학교,사립,사립,수도권,서울,기존,2019,3000,15933,3274,698,698,920,1051,75.87,66.41
2019,0000056,0000058,경기대학교,제2캠퍼스,대학,대학교,사립,사립,수도권,서울,기존,2019,328,1997,497,32,32,58,84,55.17,38.1
2019,0000066,0000066,경희대학교,본교,대학,대학교,사립,사립,수도권,서울,기존,2019,4720,26430,5812,1434,1434,1507,1800,95.16,79.67
2019,0000069,0000069,고려대학교,본교,대학,대학교,사립,사립,수도권,서울,기존,2019,3799,21165,4345,1442,1442,1479,1564,97.5,92.2
2019,0000074,0000074,광운대학교,본교,대학,대학교,사립,사립,수도권,서울,기존,2019,1684,8199,1905,319,319,417,466,76.5,68.45
2019,0000078,0000078,국민대학교,본교,대학,대학교,사립,사립,수도권,서울,기존,2019,2863,15575,3108,624,624,741,896,84.21,69.64
2019,0000099,0000099,덕성여자대학교,본교,대학,대학교,사립,사립,수도권,서울,기존,2019,1161,5620,1218,187,187,256,267,73.05,70.04
2019,0000100,0000100,동국대학교,본교,대학,대학교,사립,사립,수도권,서울,기존,2019,2685,13975,3027,688,688,758,851,90.77,80.85
2019,0000102,0000102,동덕여자대학교,본교,대학,대학교,사립,사립,수도권,서울,기존,2019,1507,6837,1621,231,231,324,335,71.3,68.96
2019,0000109,0000111,명지대학교,제2캠퍼스,대학,대학교,사립,사립,수도권,서울,기존,2019,1263,7300,1566,247,247,313,369,78.91,66.94
2019,0000116,0000116,삼육대학교,본교,대학,대학교,사립,사립,수도권,서울,기존,2019,1122,5498,1324,204,204,256,284,79.69,71.83
2019,0000117,0000117,상명대학교,본교,대학,대학교,사립,사립,수도권,서울,기존,2019,1302,6750,1589,259,259,311,365,83.28,70.96
2019,0000120,0000120,서강대학교,본교,대학,대학교,사립,사립,수도권,서울,기존,2019,1574,8522,1502,413,413,558,541,74.01,76.34
2019,0000121,0000121,서경대학교,본교,대학,대학교,사립,사립,수도권,서울,기존,2019,1269,6468,1337,235,235,280,325,83.93,72.31
2019,0000036,0000036,서울과학기술대학교,본교,대학,대학교,국공립,국립,수도권,서울,기존,2019,2067,10635,2039,376,376,534,623,70.41,60.35
2019,0000098,0000098,서울기독대학교,본교,대학,대학교,사립,사립,수도권,서울,기존,2019,136,537,87,33,33,43,35,76.74,94.29
2019,0000019,0000019,서울대학교,본교,대학,대학교,국공립,국립대법인,수도권,서울,기존,2019,3130,16556,3313,2260,2260,1669,1825,135.41,123.84
2019,0000040,0000040,서울시립대학교,본교,대학,대학교,국공립,공립,수도권,서울,기존,2019,1697,9059,1951,420,420,490,566,85.71,74.2
2019,0000126,0000126,서울여자대학교,본교,대학,대학교,사립,사립,수도권,서울,기존,2019,1592,7075,1645,219,219,325,333,67.38,65.77
2019,0000205,0000205,서울한영대학교,본교,대학,대학교,사립,사립,수도권,서울,기존,2019,180,675,163,38,38,44,38,86.36,100
2019,0000132,0000132,성공회대학교,본교,대학,대학교,사립,사립,수도권,서울,기존,2019,502,2086,450,83,83,116,111,71.55,74.77
2019,0000133,0000133,성균관대학교,본교,대학,대학교,사립,사립,수도권,서울,기존,2019,3303,19798,3925,1448,1448,1217,1404,118.98,103.13
2019,0000136,0000136,성신여자대학교,본교,대학,대학교,사립,사립,수도권,서울,기존,2019,2060,8966,2050,316,316,456,455,69.3,69.45
2019,0000138,0000138,세종대학교,본교,대학,대학교,사립,사립,수도권,서울,기존,2019,2320,11799,2584,514,514,610,685,84.26,75.04
2019,0000141,0000141,숙명여자대학교,본교,대학,대학교,사립,사립,수도권,서울,기존,2019,2110,10146,2376,449,449,576,566,77.95,79.33
2019,0000143,0000143,숭실대학교,본교,대학,대학교,사립,사립,수도권,서울,기존,2019,2675,13617,2838,513,513,644,768,79.66,66.8
2019,0000149,0000149,연세대학교,본교,대학,대학교,사립,사립,수도권,서울,기존,2019,3417,19084,3921,1684,1684,1513,1743,111.3,96.62
2019,0000163,0000163,이화여자대학교,본교,대학,대학교,사립,사립,수도권,서울,기존,2019,3027,16088,3086,962,962,1080,1128,89.07,85.28
2019,0000170,0000170,장로회신학대학교,본교,대학,대학교,사립,사립,수도권,서울,기존,2019,150,637,163,80,80,126,126,63.49,63.49
2019,0000175,0000175,중앙대학교,본교,대학,대학교,사립,사립,수도권,서울,기존,2019,3150,18543,3574,939,939,997,1194,94.18,78.64
2019,0000180,0000180,총신대학교,본교,대학,대학교,사립,사립,수도권,서울,기존,2019,360,1746,450,110,110,173,177,63.58,62.15
2019,0000181,0000181,추계예술대학교,본교,대학,대학교,사립,사립,수도권,서울,기존,2019,269,1176,258,48,48,69,67,69.57,71.64
2019,0000079,0000079,케이씨대학교,본교,대학,대학교,사립,사립,수도권,서울,기존,2019,277,1389,288,46,46,64,63,71.88,73.02
2019,0000191,0000191,한국성서대학교,본교,대학,대학교,사립,사립,수도권,서울,기존,2019,223,1088,246,43,43,54,60,79.63,71.67
2019,0000192,0000192,한국외국어대학교,본교,대학,대학교,사립,사립,수도권,서울,기존,2019,3377,17770,3569,694,694,768,904,90.36,76.77
2019,0000032,0000032,한국체육대학교,본교,대학,대학교,국공립,국립,수도권,서울,기존,2019,545,2455,573,114,114,161,163,70.81,69.94
2019,0000200,0000200,한성대학교,본교,대학,대학교,사립,사립,수도권,서울,기존,2019,1458,6568,1287,257,257,321,346,80.06,74.28
2019,0000203,0000203,한양대학교,본교,대학,대학교,사립,사립,수도권,서울,기존,2019,2804,16142,3574,1044,1044,1100,1239,94.91,84.26
2019,0000212,0000212,홍익대학교,본교,대학,대학교,사립,사립,수도권,서울,기존,2019,2371,12339,2702,557,557,718,825,77.58,67.52
2018,0000046,0000048,가톨릭대학교,제2캠퍼스,대학,대학교,사립,사립,수도권,서울,기존,2018,145,679,76,890,890,241,222,369.29,400.9
2018,0000046,0000049,가톨릭대학교,제3캠퍼스,대학,대학교,사립,사립,수도권,서울,기존,2018,50,178,43,21,21,19,15,110.53,140
2018,0000050,0000050,감리교신학대학교,본교,대학,대학교,사립,사립,수도권,서울,기존,2018,200,823,178,25,25,72,75,34.72,33.33
2018,0000052,0000052,건국대학교,본교,대학,대학교,사립,사립,수도권,서울,기존,2018,3000,15908,3399,716,716,921,1051,77.74,68.13
2018,0000056,0000058,경기대학교,제2캠퍼스,대학,대학교,사립,사립,수도권,서울,기존,2018,328,2030,487,39,39,58,84,67.24,46.43
2018,0000066,0000066,경희대학교,본교,대학,대학교,사립,사립,수도권,서울,기존,2018,4663,26063,5462,1442,1442,1535,1784,93.94,80.83
2018,0000069,0000069,고려대학교,본교,대학,대학교,사립,사립,수도권,서울,기존,2018,3799,21080,4427,1431,1431,1470,1570,97.35,91.15
2018,0000074,0000074,광운대학교,본교,대학,대학교,사립,사립,수도권,서울,기존,2018,1684,8019,1822,325,325,421,451,77.2,72.06
2018,0000078,0000078,국민대학교,본교,대학,대학교,사립,사립,수도권,서울,기존,2018,2863,15290,3132,627,627,747,880,83.94,71.25
2018,0000099,0000099,덕성여자대학교,본교,대학,대학교,사립,사립,수도권,서울,기존,2018,1210,5716,1145,196,196,259,276,75.68,71.01
2018,0000100,0000100,동국대학교,본교,대학,대학교,사립,사립,수도권,서울,기존,2018,2685,13872,2993,714,714,758,841,94.2,84.9
2018,0000102,0000102,동덕여자대학교,본교,대학,대학교,사립,사립,수도권,서울,기존,2018,1507,6818,1610,240,240,327,335,73.39,71.64
2018,0000109,0000111,명지대학교,제2캠퍼스,대학,대학교,사립,사립,수도권,서울,기존,2018,1263,6966,1617,244,244,312,360,78.21,67.78
2018,0000116,0000116,삼육대학교,본교,대학,대학교,사립,사립,수도권,서울,기존,2018,1122,5662,1202,209,209,259,291,80.69,71.82
2018,0000117,0000117,상명대학교,본교,대학,대학교,사립,사립,수도권,서울,기존,2018,1302,6808,1742,262,262,314,363,83.44,72.18
2018,0000120,0000120,서강대학교,본교,대학,대학교,사립,사립,수도권,서울,기존,2018,1574,8302,1642,411,411,560,540,73.39,76.11
2018,0000121,0000121,서경대학교,본교,대학,대학교,사립,사립,수도권,서울,기존,2018,1269,6468,1405,241,241,286,320,84.27,75.31
2018,0000036,0000036,서울과학기술대학교,본교,대학,대학교,국공립,국립,수도권,서울,기존,2018,2067,10406,1339,376,376,540,604,69.63,62.25
2018,0000098,0000098,서울기독대학교,본교,대학,대학교,사립,사립,수도권,서울,기존,2018,136,604,114,33,33,45,39,73.33,84.62
2018,0000019,0000019,서울대학교,본교,대학,대학교,국공립,국립대법인,수도권,서울,기존,2018,3130,16511,3166,2227,2227,1680,1851,132.56,120.31
2018,0000040,0000040,서울시립대학교,본교,대학,대학교,국공립,공립,수도권,서울,기존,2018,1697,8990,1920,429,429,493,560,87.02,76.61
2018,0000126,0000126,서울여자대학교,본교,대학,대학교,사립,사립,수도권,서울,기존,2018,1592,7187,1576,233,233,328,343,71.04,67.93
2018,0000205,0000205,서울한영대학교,본교,대학,대학교,사립,사립,수도권,서울,기존,2018,180,662,173,41,41,45,40,91.11,102.5
2018,0000132,0000132,성공회대학교,본교,대학,대학교,사립,사립,수도권,서울,기존,2018,502,2063,478,90,90,117,113,76.92,79.65
2018,0000133,0000133,성균관대학교,본교,대학,대학교,사립,사립,수도권,서울,기존,2018,3303,19541,4114,1459,1459,1170,1372,124.7,106.34
2018,0000136,0000136,성신여자대학교,본교,대학,대학교,사립,사립,수도권,서울,기존,2018,2060,9124,2286,326,326,461,463,70.72,70.41
2018,0000138,0000138,세종대학교,본교,대학,대학교,사립,사립,수도권,서울,기존,2018,2320,11861,2588,519,519,611,684,84.94,75.88
2018,0000141,0000141,숙명여자대학교,본교,대학,대학교,사립,사립,수도권,서울,기존,2018,2110,10158,2353,456,456,577,566,79.03,80.57
2018,0000143,0000143,숭실대학교,본교,대학,대학교,사립,사립,수도권,서울,기존,2018,2675,13402,2707,521,521,643,757,81.03,68.82
2018,0000149,0000149,연세대학교,본교,대학,대학교,사립,사립,수도권,서울,기존,2018,3417,19164,4156,1696,1696,1561,1773,108.65,95.66
2018,0000163,0000163,이화여자대학교,본교,대학,대학교,사립,사립,수도권,서울,기존,2018,3004,15789,3293,999,999,1088,1135,91.82,88.02
2018,0000170,0000170,장로회신학대학교,본교,대학,대학교,사립,사립,수도권,서울,기존,2018,150,622,177,79,79,127,123,62.2,64.23
2018,0000175,0000175,중앙대학교,본교,대학,대학교,사립,사립,수도권,서울,기존,2018,3258,18366,3574,952,952,1002,1194,95.01,79.73
2018,0000180,0000180,총신대학교,본교,대학,대학교,사립,사립,수도권,서울,기존,2018,360,1785,521,122,122,173,178,70.52,68.54
2018,0000181,0000181,추계예술대학교,본교,대학,대학교,사립,사립,수도권,서울,기존,2018,269,1179,350,50,50,69,66,72.46,75.76
2018,0000079,0000079,케이씨대학교,본교,대학,대학교,사립,사립,수도권,서울,기존,2018,277,1444,265,43,43,65,65,66.15,66.15
2018,0000191,0000191,한국성서대학교,본교,대학,대학교,사립,사립,수도권,서울,기존,2018,223,1109,242,44,44,54,60,81.48,73.33
2018,0000192,0000192,한국외국어대학교,본교,대학,대학교,사립,사립,수도권,서울,기존,2018,3377,17345,3516,697,697,766,882,90.99,79.02
2018,0000032,0000032,한국체육대학교,본교,대학,대학교,국공립,국립,수도권,서울,기존,2018,545,2541,497,114,114,163,166,69.94,68.67
2018,0000200,0000200,한성대학교,본교,대학,대학교,사립,사립,수도권,서울,기존,2018,1458,6482,1452,256,256,325,342,78.77,74.85
2018,0000203,0000203,한양대학교,본교,대학,대학교,사립,사립,수도권,서울,기존,2018,2804,15833,3511,1042,1042,1107,1236,94.13,84.3
2018,0000212,0000212,홍익대학교,본교,대학,대학교,사립,사립,수도권,서울,기존,2018,2371,12203,2573,540,540,720,799,75,67.58
2017,0000046,0000048,가톨릭대학교,제2캠퍼스,대학,대학교,사립,사립,수도권,서울,기존,2017,145,583,92,880,880,258,241,341.09,365.15
2017,0000046,0000049,가톨릭대학교,제3캠퍼스,대학,대학교,사립,사립,수도권,서울,기존,2017,60,179,55,21,21,19,15,110.53,140
2017,0000050,0000050,감리교신학대학교,본교,대학,대학교,사립,사립,수도권,서울,기존,2017,200,835,196,26,26,72,76,36.11,34.21
2017,0000052,0000052,건국대학교,본교,대학,대학교,사립,사립,수도권,서울,기존,2017,3000,15552,3676,702,702,913,1032,76.89,68.02
2017,0000056,0000058,경기대학교,제2캠퍼스,대학,대학교,사립,사립,수도권,서울,기존,2017,328,2080,440,41,41,66,85,62.12,48.24
2017,0000066,0000066,경희대학교,본교,대학,대학교,사립,사립,수도권,서울,기존,2017,4663,25197,5693,1452,1452,1563,1780,92.9,81.57
2017,0000069,0000069,고려대학교,본교,대학,대학교,사립,사립,수도권,서울,기존,2017,3799,21110,4483,1449,1449,1476,1584,98.17,91.48
2017,0000074,0000074,광운대학교,본교,대학,대학교,사립,사립,수도권,서울,기존,2017,1684,8213,2020,329,329,424,463,77.59,71.06
2017,0000078,0000078,국민대학교,본교,대학,대학교,사립,사립,수도권,서울,기존,2017,2863,14944,3405,648,648,753,864,86.06,75
2017,0000099,0000099,덕성여자대학교,본교,대학,대학교,사립,사립,수도권,서울,기존,2017,1210,5747,1306,195,195,258,277,75.58,70.4
2017,0000100,0000100,동국대학교,본교,대학,대학교,사립,사립,수도권,서울,기존,2017,2685,13701,3114,716,716,760,842,94.21,85.04
2017,0000102,0000102,동덕여자대학교,본교,대학,대학교,사립,사립,수도권,서울,기존,2017,1507,6763,1814,238,238,332,334,71.69,71.26
2017,0000109,0000111,명지대학교,제2캠퍼스,대학,대학교,사립,사립,수도권,서울,기존,2017,1263,6835,1744,242,242,312,360,77.56,67.22
2017,0000116,0000116,삼육대학교,본교,대학,대학교,사립,사립,수도권,서울,기존,2017,1158,5585,1396,220,220,263,288,83.65,76.39
2017,0000117,0000117,상명대학교,본교,대학,대학교,사립,사립,수도권,서울,기존,2017,1302,7106,1609,258,258,319,374,80.88,68.98
2017,0000120,0000120,서강대학교,본교,대학,대학교,사립,사립,수도권,서울,기존,2017,1574,8119,1799,424,424,564,548,75.18,77.37
2017,0000121,0000121,서경대학교,본교,대학,대학교,사립,사립,수도권,서울,기존,2017,1367,6631,1469,223,223,291,321,76.63,69.47
2017,0000036,0000036,서울과학기술대학교,본교,대학,대학교,국공립,국립,수도권,서울,기존,2017,2067,9320,889,369,369,547,553,67.46,66.73
2017,0000098,0000098,서울기독대학교,본교,대학,대학교,사립,사립,수도권,서울,기존,2017,149,573,126,33,33,45,36,73.33,91.67
2017,0000019,0000019,서울대학교,본교,대학,대학교,국공립,국립대법인,수도권,서울,기존,2017,3090,16451,3273,2237,2237,1699,1882,131.67,118.86
2017,0000040,0000040,서울시립대학교,본교,대학,대학교,국공립,공립,수도권,서울,기존,2017,1697,9109,1991,420,420,496,568,84.68,73.94
2017,0000126,0000126,서울여자대학교,본교,대학,대학교,사립,사립,수도권,서울,기존,2017,1592,7243,1824,241,241,333,347,72.37,69.45
2017,0000205,0000205,서울한영대학교,본교,대학,대학교,사립,사립,수도권,서울,기존,2017,180,714,175,42,42,46,45,91.3,93.33
2017,0000132,0000132,성공회대학교,본교,대학,대학교,사립,사립,수도권,서울,기존,2017,502,2159,513,83,83,119,116,69.75,71.55
2017,0000133,0000133,성균관대학교,본교,대학,대학교,사립,사립,수도권,서울,기존,2017,3303,19108,4227,1437,1437,1185,1350,121.27,106.44
2017,0000136,0000136,성신여자대학교,본교,대학,대학교,사립,사립,수도권,서울,기존,2017,2060,9233,2432,333,333,467,470,71.31,70.85
2017,0000138,0000138,세종대학교,본교,대학,대학교,사립,사립,수도권,서울,기존,2017,2320,11730,2596,483,483,607,674,79.57,71.66
2017,0000141,0000141,숙명여자대학교,본교,대학,대학교,사립,사립,수도권,서울,기존,2017,2198,10257,2635,459,459,578,566,79.41,81.1
2017,0000143,0000143,숭실대학교,본교,대학,대학교,사립,사립,수도권,서울,기존,2017,2675,12926,3034,503,503,642,737,78.35,68.25
2017,0000149,0000149,연세대학교,본교,대학,대학교,사립,사립,수도권,서울,기존,2017,3384,19114,4229,1687,1687,1552,1789,108.7,94.3
2017,0000163,0000163,이화여자대학교,본교,대학,대학교,사립,사립,수도권,서울,기존,2017,3004,15540,3429,997,997,1097,1152,90.88,86.55
2017,0000170,0000170,장로회신학대학교,본교,대학,대학교,사립,사립,수도권,서울,기존,2017,150,678,134,79,79,127,126,62.2,62.7
2017,0000175,0000175,중앙대학교,본교,대학,대학교,사립,사립,수도권,서울,기존,2017,3258,17665,3577,898,898,1009,1171,89,76.69
2017,0000180,0000180,총신대학교,본교,대학,대학교,사립,사립,수도권,서울,기존,2017,360,1906,493,126,126,174,183,72.41,68.85
2017,0000181,0000181,추계예술대학교,본교,대학,대학교,사립,사립,수도권,서울,기존,2017,290,1249,255,49,49,76,70,64.47,70
2017,0000079,0000079,케이씨대학교,본교,대학,대학교,사립,사립,수도권,서울,기존,2017,310,1382,308,50,50,66,64,75.76,78.13
2017,0000191,0000191,한국성서대학교,본교,대학,대학교,사립,사립,수도권,서울,기존,2017,240,1074,217,46,46,55,58,83.64,79.31
2017,0000192,0000192,한국외국어대학교,본교,대학,대학교,사립,사립,수도권,서울,기존,2017,3377,17042,3844,693,693,765,865,90.59,80.12
2017,0000032,0000032,한국체육대학교,본교,대학,대학교,국공립,국립,수도권,서울,기존,2017,590,2549,539,112,112,166,167,67.47,67.07
2017,0000200,0000200,한성대학교,본교,대학,대학교,사립,사립,수도권,서울,기존,2017,1458,6342,1490,257,257,333,335,77.18,76.72
2017,0000203,0000203,한양대학교,본교,대학,대학교,사립,사립,수도권,서울,기존,2017,2804,15457,3673,1005,1005,1125,1239,89.33,81.11
2017,0000212,0000212,홍익대학교,본교,대학,대학교,사립,사립,수도권,서울,기존,2017,2470,12039,2737,533,533,724,781,73.62,68.25
2016,0000046,0000048,가톨릭대학교,제2캠퍼스,대학,대학교,사립,사립,수도권,서울,기존,2016,145,488,107,880,880,258,261,341.09,337.16
2016,0000046,0000049,가톨릭대학교,제3캠퍼스,대학,대학교,사립,사립,수도권,서울,기존,2016,60,207,39,25,25,20,16,125,156.25
2016,0000050,0000050,감리교신학대학교,본교,대학,대학교,사립,사립,수도권,서울,기존,2016,200,840,219,27,27,72,78,37.5,34.62
2016,0000052,0000052,건국대학교,본교,대학,대학교,사립,사립,수도권,서울,기존,2016,3000,15583,3809,712,712,918,1035,77.56,68.79
2016,0000056,0000058,경기대학교,제2캠퍼스,대학,대학교,사립,사립,수도권,서울,기존,2016,328,2065,476,40,40,75,86,53.33,46.51
2016,0000066,0000066,경희대학교,본교,대학,대학교,사립,사립,수도권,서울,기존,2016,4798,25508,5439,1419,1419,1589,1840,89.3,77.12
2016,0000069,0000069,고려대학교,본교,대학,대학교,사립,사립,수도권,서울,기존,2016,3767,20416,4393,1446,1446,1465,1586,98.7,91.17
2016,0000074,0000074,광운대학교,본교,대학,대학교,사립,사립,수도권,서울,기존,2016,1712,8502,2073,331,331,426,476,77.7,69.54
2016,0000078,0000078,국민대학교,본교,대학,대학교,사립,사립,수도권,서울,기존,2016,2887,15162,3538,653,653,758,874,86.15,74.71
2016,0000099,0000099,덕성여자대학교,본교,대학,대학교,사립,사립,수도권,서울,기존,2016,1210,5888,1231,191,191,258,284,74.03,67.25
2016,0000100,0000100,동국대학교,본교,대학,대학교,사립,사립,수도권,서울,기존,2016,2685,13570,3140,672,672,758,850,88.65,79.06
2016,0000102,0000102,동덕여자대학교,본교,대학,대학교,사립,사립,수도권,서울,기존,2016,1507,7040,1928,238,238,340,346,70,68.79
2016,0000109,0000111,명지대학교,제2캠퍼스,대학,대학교,사립,사립,수도권,서울,기존,2016,1263,6980,1781,251,251,311,363,80.71,69.15
2016,0000116,0000116,삼육대학교,본교,대학,대학교,사립,사립,수도권,서울,기존,2016,1167,5630,1348,203,203,266,288,76.32,70.49
2016,0000117,0000117,상명대학교,본교,대학,대학교,사립,사립,수도권,서울,기존,2016,1316,7331,1615,263,263,323,382,81.42,68.85
2016,0000120,0000120,서강대학교,본교,대학,대학교,사립,사립,수도권,서울,기존,2016,1600,7982,2276,434,434,565,552,76.81,78.62
2016,0000121,0000121,서경대학교,본교,대학,대학교,사립,사립,수도권,서울,기존,2016,1410,6753,1448,222,222,293,318,75.77,69.81
2016,0000036,0000036,서울과학기술대학교,본교,대학,대학교,국공립,국립,수도권,서울,기존,2016,2132,8274,396,369,369,554,503,66.61,73.36
2016,0000098,0000098,서울기독대학교,본교,대학,대학교,사립,사립,수도권,서울,기존,2016,161,589,155,32,32,47,37,68.09,86.49
2016,0000019,0000019,서울대학교,본교,대학,대학교,국공립,국립대법인,수도권,서울,기존,2016,3090,16511,3375,2248,2248,1705,1907,131.85,117.88
2016,0000040,0000040,서울시립대학교,본교,대학,대학교,국공립,공립,수도권,서울,기존,2016,1711,9147,2102,418,418,498,570,83.94,73.33
2016,0000126,0000126,서울여자대학교,본교,대학,대학교,사립,사립,수도권,서울,기존,2016,1592,7624,1825,242,242,339,366,71.39,66.12
2016,0000132,0000132,성공회대학교,본교,대학,대학교,사립,사립,수도권,서울,기존,2016,513,2161,478,84,84,120,115,70,73.04
2016,0000133,0000133,성균관대학교,본교,대학,대학교,사립,사립,수도권,서울,기존,2016,3319,19224,4417,1426,1426,1198,1384,119.03,103.03
2016,0000136,0000136,성신여자대학교,본교,대학,대학교,사립,사립,수도권,서울,기존,2016,2060,9620,2409,332,332,470,481,70.64,69.02
2016,0000138,0000138,세종대학교,본교,대학,대학교,사립,사립,수도권,서울,기존,2016,2320,11499,2502,447,447,608,669,73.52,66.82
2016,0000141,0000141,숙명여자대학교,본교,대학,대학교,사립,사립,수도권,서울,기존,2016,2198,10492,2528,466,466,577,582,80.76,80.07
2016,0000143,0000143,숭실대학교,본교,대학,대학교,사립,사립,수도권,서울,기존,2016,2675,12757,3149,494,494,643,735,76.83,67.21
2016,0000149,0000149,연세대학교,본교,대학,대학교,사립,사립,수도권,서울,기존,2016,3366,19465,4414,1648,1648,1528,1803,107.85,91.4
2016,0000163,0000163,이화여자대학교,본교,대학,대학교,사립,사립,수도권,서울,기존,2016,3027,15315,3504,1001,1001,1108,1162,90.34,86.14
2016,0000170,0000170,장로회신학대학교,본교,대학,대학교,사립,사립,수도권,서울,기존,2016,150,681,160,78,78,127,127,61.42,61.42
2016,0000175,0000175,중앙대학교,본교,대학,대학교,사립,사립,수도권,서울,기존,2016,3232,17002,3495,881,881,1009,1144,87.31,77.01
2016,0000180,0000180,총신대학교,본교,대학,대학교,사립,사립,수도권,서울,기존,2016,360,2026,482,129,129,174,184,74.14,70.11
2016,0000181,0000181,추계예술대학교,본교,대학,대학교,사립,사립,수도권,서울,기존,2016,290,1208,288,49,49,75,70,65.33,70
2016,0000079,0000079,케이씨대학교,본교,대학,대학교,사립,사립,수도권,서울,기존,2016,310,1433,295,52,52,67,66,77.61,78.79
2016,0000191,0000191,한국성서대학교,본교,대학,대학교,사립,사립,수도권,서울,기존,2016,240,1022,289,45,45,55,57,81.82,78.95
2016,0000192,0000192,한국외국어대학교,본교,대학,대학교,사립,사립,수도권,서울,기존,2016,3377,16715,4177,687,687,765,849,89.8,80.92
2016,0000032,0000032,한국체육대학교,본교,대학,대학교,국공립,국립,수도권,서울,기존,2016,590,2505,553,109,109,166,162,65.66,67.28
2016,0000200,0000200,한성대학교,본교,대학,대학교,사립,사립,수도권,서울,기존,2016,1480,6651,1593,260,260,340,350,76.47,74.29
2016,0000203,0000203,한양대학교,본교,대학,대학교,사립,사립,수도권,서울,기존,2016,2817,15499,3696,1012,1012,1093,1260,92.59,80.32
2016,0000205,0000205,한영신학대학교,본교,대학,대학교,사립,사립,수도권,서울,기존,2016,200,752,169,43,43,47,49,91.49,87.76
2016,0000212,0000212,홍익대학교,본교,대학,대학교,사립,사립,수도권,서울,기존,2016,2470,12145,2834,526,526,720,793,73.06,66.33
2015,0000046,0000048,가톨릭대학교,제2캠퍼스,대학,대학교,사립,사립,수도권,서울,기존,2015,145,454,115,872,872,265,258,329.06,337.98
2015,0000046,0000049,가톨릭대학교,제3캠퍼스,대학,대학교,사립,사립,수도권,서울,기존,2015,60,182,66,25,25,20,15,125,166.67
2015,0000050,0000050,감리교신학대학교,본교,대학,대학교,사립,사립,수도권,서울,기존,2015,200,858,234,29,29,71,76,40.85,38.16
2015,0000052,0000052,건국대학교,본교,대학,대학교,사립,사립,수도권,서울,기존,2015,3000,15698,3749,706,706,914,1041,77.24,67.82
2015,0000056,0000058,경기대학교,제2캠퍼스,대학,대학교,사립,사립,수도권,서울,기존,2015,332,2142,523,50,50,84,91,59.52,54.95
2015,0000066,0000066,경희대학교,본교,대학,대학교,사립,사립,수도권,서울,기존,2015,4915,25259,5569,1421,1421,1587,1844,89.54,77.06
2015,0000069,0000069,고려대학교,본교,대학,대학교,사립,사립,수도권,서울,기존,2015,3767,20254,4215,1439,1439,1421,1598,101.27,90.05
2015,0000074,0000074,광운대학교,본교,대학,대학교,사립,사립,수도권,서울,기존,2015,1755,8751,2428,331,331,429,491,77.16,67.41
2015,0000078,0000078,국민대학교,본교,대학,대학교,사립,사립,수도권,서울,기존,2015,2983,15617,3329,633,633,769,895,82.31,70.73
2015,0000099,0000099,덕성여자대학교,본교,대학,대학교,사립,사립,수도권,서울,기존,2015,1210,6094,1634,199,199,258,294,77.13,67.69
2015,0000100,0000100,동국대학교,본교,대학,대학교,사립,사립,수도권,서울,기존,2015,2685,13759,2922,683,683,756,869,90.34,78.6
2015,0000102,0000102,동덕여자대학교,본교,대학,대학교,사립,사립,수도권,서울,기존,2015,1574,7918,1724,241,241,349,387,69.05,62.27
2015,0000109,0000111,명지대학교,제2캠퍼스,대학,대학교,사립,사립,수도권,서울,기존,2015,1263,7326,1668,249,249,313,377,79.55,66.05
2015,0000116,0000116,삼육대학교,본교,대학,대학교,사립,사립,수도권,서울,기존,2015,1207,5751,1393,191,191,272,291,70.22,65.64
2015,0000117,0000117,상명대학교,본교,대학,대학교,사립,사립,수도권,서울,기존,2015,1344,7275,1377,261,261,327,383,79.82,68.15
2015,0000120,0000120,서강대학교,본교,대학,대학교,사립,사립,수도권,서울,기존,2015,1640,8001,1881,439,439,571,568,76.88,77.29
2015,0000121,0000121,서경대학교,본교,대학,대학교,사립,사립,수도권,서울,기존,2015,1410,6745,1377,211,211,293,318,72.01,66.35
2015,0000036,0000036,서울과학기술대학교,본교,대학,대학교,국공립,국립,수도권,서울,기존,2015,2204,6712,99,359,359,560,422,64.11,85.07
2015,0000098,0000098,서울기독대학교,본교,대학,대학교,사립,사립,수도권,서울,기존,2015,161,673,126,33,33,47,42,70.21,78.57
2015,0000019,0000019,서울대학교,본교,대학,대학교,국공립,국립대법인,수도권,서울,기존,2015,3090,16511,3394,2231,2231,1696,1892,131.54,117.92
2015,0000040,0000040,서울시립대학교,본교,대학,대학교,국공립,공립,수도권,서울,기존,2015,1768,9516,1941,403,403,502,589,80.28,68.42
2015,0000126,0000126,서울여자대학교,본교,대학,대학교,사립,사립,수도권,서울,기존,2015,1643,7770,1853,246,246,345,373,71.3,65.95
2015,0000132,0000132,성공회대학교,본교,대학,대학교,사립,사립,수도권,서울,기존,2015,513,2335,512,83,83,122,120,68.03,69.17
2015,0000133,0000133,성균관대학교,본교,대학,대학교,사립,사립,수도권,서울,기존,2015,3432,19357,4193,1423,1423,1200,1407,118.58,101.14
2015,0000136,0000136,성신여자대학교,본교,대학,대학교,사립,사립,수도권,서울,기존,2015,2216,9962,2366,345,345,476,499,72.48,69.14
2015,0000138,0000138,세종대학교,본교,대학,대학교,사립,사립,수도권,서울,기존,2015,2320,11293,2412,442,442,606,661,72.94,66.87
2015,0000141,0000141,숙명여자대학교,본교,대학,대학교,사립,사립,수도권,서울,기존,2015,2198,10674,2400,449,449,585,590,76.75,76.1
2015,0000143,0000143,숭실대학교,본교,대학,대학교,사립,사립,수도권,서울,기존,2015,2675,12935,2970,488,488,645,741,75.66,65.86
2015,0000149,0000149,연세대학교,본교,대학,대학교,사립,사립,수도권,서울,기존,2015,3366,19546,4298,1637,1637,1525,1830,107.34,89.45
2015,0000163,0000163,이화여자대학교,본교,대학,대학교,사립,사립,수도권,서울,기존,2015,3027,15183,3322,1004,1004,1107,1143,90.7,87.84
2015,0000170,0000170,장로회신학대학교,본교,대학,대학교,사립,사립,수도권,서울,기존,2015,150,683,177,79,79,127,127,62.2,62.2
2015,0000175,0000175,중앙대학교,본교,대학,대학교,사립,사립,수도권,서울,기존,2015,3232,16547,3070,881,881,996,1146,88.45,76.88
2015,0000180,0000180,총신대학교,본교,대학,대학교,사립,사립,수도권,서울,기존,2015,360,2026,441,123,123,174,180,70.69,68.33
2015,0000181,0000181,추계예술대학교,본교,대학,대학교,사립,사립,수도권,서울,기존,2015,290,1196,299,49,49,76,69,64.47,71.01
2015,0000079,0000079,케이씨대학교,본교,대학,대학교,사립,사립,수도권,서울,기존,2015,330,1455,279,51,51,66,66,77.27,77.27
2015,0000191,0000191,한국성서대학교,본교,대학,대학교,사립,사립,수도권,서울,기존,2015,240,1126,300,48,48,54,61,88.89,78.69
2015,0000192,0000192,한국외국어대학교,본교,대학,대학교,사립,사립,수도권,서울,기존,2015,3377,16629,3849,692,692,769,847,89.99,81.7
2015,0000032,0000032,한국체육대학교,본교,대학,대학교,국공립,국립,수도권,서울,기존,2015,590,2460,555,111,111,166,163,66.87,68.1
2015,0000200,0000200,한성대학교,본교,대학,대학교,사립,사립,수도권,서울,기존,2015,1539,7031,1616,265,265,347,368,76.37,72.01
2015,0000203,0000203,한양대학교,본교,대학,대학교,사립,사립,수도권,서울,기존,2015,2888,15269,3556,1009,1009,1109,1247,90.98,80.91
2015,0000205,0000205,한영신학대학교,본교,대학,대학교,사립,사립,수도권,서울,기존,2015,200,791,166,43,43,47,49,91.49,87.76
2015,0000212,0000212,홍익대학교,본교,대학,대학교,사립,사립,수도권,서울,기존,2015,2470,11938,2641,526,526,721,797,72.95,66
2014,0000046,0000049,가톨릭대학교,제3캠퍼스,대학,대학교,사립,사립,수도권,서울,기존,2014,60,210,62,26,26,21,16,123.81,162.5
2014,0000046,0000048,가톨릭대학교,제2캠퍼스,대학,대학교,사립,사립,수도권,서울,기존,2014,80,405,166,883,883,277,273,318.77,323.44
2014,0000050,0000050,감리교신학대학교,본교,대학,대학교,사립,사립,수도권,서울,기존,2014,200,910,189,29,29,67,77,43.28,37.66
2014,0000052,0000052,건국대학교,본교,대학,대학교,사립,사립,수도권,서울,기존,2014,3000,15829,3644,676,676,911,1058,74.2,63.89
2014,0000056,0000058,경기대학교,제2캠퍼스,대학,대학교,사립,사립,수도권,서울,기존,2014,544,2669,540,52,52,92,112,56.52,46.43
2014,0000066,0000066,경희대학교,본교,대학,대학교,사립,사립,수도권,서울,기존,2014,4820,24966,5433,1449,1449,1582,1828,91.59,79.27
2014,0000069,0000069,고려대학교,본교,대학,대학교,사립,사립,수도권,서울,기존,2014,3793,20090,4071,1431,1431,1440,1611,99.38,88.83
2014,0000074,0000074,광운대학교,본교,대학,대학교,사립,사립,수도권,서울,기존,2014,1755,9265,1845,324,324,429,513,75.52,63.16
2014,0000078,0000078,국민대학교,본교,대학,대학교,사립,사립,수도권,서울,기존,2014,2983,15493,3186,623,623,765,874,81.44,71.28
2014,0000079,0000079,그리스도대학교,본교,대학,대학교,사립,사립,수도권,서울,기존,2014,330,1385,285,49,49,67,67,73.13,73.13
2014,0000099,0000099,덕성여자대학교,본교,대학,대학교,사립,사립,수도권,서울,기존,2014,1210,6311,1421,191,191,258,302,74.03,63.25
2014,0000100,0000100,동국대학교,본교,대학,대학교,사립,사립,수도권,서울,기존,2014,2685,13627,2852,676,676,753,849,89.77,79.62
2014,0000102,0000102,동덕여자대학교,본교,대학,대학교,사립,사립,수도권,서울,기존,2014,1657,8092,1697,245,245,353,395,69.41,62.03
2014,0000109,0000111,명지대학교,제2캠퍼스,대학,대학교,사립,사립,수도권,서울,기존,2014,1263,7528,1575,216,216,315,386,68.57,55.96
2014,0000116,0000116,삼육대학교,본교,대학,대학교,사립,사립,수도권,서울,기존,2014,1212,5875,1225,190,190,273,298,69.6,63.76
2014,0000117,0000117,상명대학교,본교,대학,대학교,사립,사립,수도권,서울,기존,2014,1400,6947,1445,250,250,331,377,75.53,66.31
2014,0000120,0000120,서강대학교,본교,대학,대학교,사립,사립,수도권,서울,기존,2014,1640,8150,1777,441,441,571,579,77.23,76.17
2014,0000121,0000121,서경대학교,본교,대학,대학교,사립,사립,수도권,서울,기존,2014,1410,6702,1259,202,202,292,320,69.18,63.13
2014,0000036,0000036,서울과학기술대학교,본교,대학,대학교,국공립,국립,수도권,서울,기존,2014,2240,5198,124,362,362,454,343,79.74,105.54
2014,0000098,0000098,서울기독대학교,본교,대학,대학교,사립,사립,수도권,서울,기존,2014,161,682,177,32,32,48,42,66.67,76.19
2014,0000019,0000019,서울대학교,본교,대학,대학교,국공립,국립대법인,수도권,서울,기존,2014,3124,16453,3524,2209,2209,1682,1870,131.33,118.13
2014,0000040,0000040,서울시립대학교,본교,대학,대학교,국공립,공립,수도권,서울,기존,2014,1768,9549,1708,406,406,505,590,80.4,68.81
2014,0000126,0000126,서울여자대학교,본교,대학,대학교,사립,사립,수도권,서울,기존,2014,1730,8053,1804,245,245,348,385,70.4,63.64
2014,0000132,0000132,성공회대학교,본교,대학,대학교,사립,사립,수도권,서울,기존,2014,540,2302,480,84,84,124,117,67.74,71.79
2014,0000133,0000133,성균관대학교,본교,대학,대학교,사립,사립,수도권,서울,기존,2014,3442,19439,4053,1396,1396,1207,1401,115.66,99.64
2014,0000136,0000136,성신여자대학교,본교,대학,대학교,사립,사립,수도권,서울,기존,2014,2216,10365,2359,300,300,475,516,63.16,58.14
2014,0000138,0000138,세종대학교,본교,대학,대학교,사립,사립,수도권,서울,기존,2014,2320,11287,2384,431,431,606,657,71.12,65.6
2014,0000141,0000141,숙명여자대학교,본교,대학,대학교,사립,사립,수도권,서울,기존,2014,2198,10804,2047,451,451,586,597,76.96,75.54
2014,0000143,0000143,숭실대학교,본교,대학,대학교,사립,사립,수도권,서울,기존,2014,2675,13352,2980,494,494,644,754,76.71,65.52
2014,0000149,0000149,연세대학교,본교,대학,대학교,사립,사립,수도권,서울,기존,2014,3408,19227,4178,1635,1635,1539,1854,106.24,88.19
2014,0000163,0000163,이화여자대학교,본교,대학,대학교,사립,사립,수도권,서울,기존,2014,2989,16166,3175,997,997,1104,1191,90.31,83.71
2014,0000170,0000170,장로회신학대학교,본교,대학,대학교,사립,사립,수도권,서울,기존,2014,150,666,152,80,80,127,128,62.99,62.5
2014,0000175,0000175,중앙대학교,본교,대학,대학교,사립,사립,수도권,서울,기존,2014,3145,15696,2751,818,818,954,1116,85.74,73.3
2014,0000180,0000180,총신대학교,본교,대학,대학교,사립,사립,수도권,서울,기존,2014,360,2012,432,126,126,174,181,72.41,69.61
2014,0000181,0000181,추계예술대학교,본교,대학,대학교,사립,사립,수도권,서울,기존,2014,290,1195,271,49,49,75,68,65.33,72.06
2014,0000191,0000191,한국성서대학교,본교,대학,대학교,사립,사립,수도권,서울,기존,2014,240,1203,241,46,46,54,64,85.19,71.88
2014,0000192,0000192,한국외국어대학교,본교,대학,대학교,사립,사립,수도권,서울,기존,2014,3377,16795,1714,649,649,767,858,84.62,75.64
2014,0000032,0000032,한국체육대학교,본교,대학,대학교,국공립,국립,수도권,서울,기존,2014,590,2490,571,112,112,165,166,67.88,67.47
2014,0000200,0000200,한성대학교,본교,대학,대학교,사립,사립,수도권,서울,기존,2014,1620,7214,1636,264,264,351,377,75.21,70.03
2014,0000203,0000203,한양대학교,본교,대학,대학교,사립,사립,수도권,서울,기존,2014,2915,15477,3772,1005,1005,1164,1249,86.34,80.46
2014,0000205,0000205,한영신학대학교,본교,대학,대학교,사립,사립,수도권,서울,기존,2014,200,776,162,41,41,47,44,87.23,93.18
2014,0000212,0000212,홍익대학교,본교,대학,대학교,사립,사립,수도권,서울,기존,2014,2470,12057,2289,523,523,723,801,72.34,65.29
2013,0000046,0000049,가톨릭대학교,제3캠퍼스,대학,대학교,사립,사립,수도권,서울,기존,2013,80,240,39,26,0,22,17,118.18,0
2013,0000046,0000048,가톨릭대학교,제2캠퍼스,대학,대학교,사립,사립,수도권,서울,기존,2013,80,470,120,900,0,271,270,332.1,0
2013,0000050,0000050,감리교신학대학교,본교,대학,대학교,사립,사립,수도권,서울,기존,2013,200,886,220,33,0,72,78,45.83,0
2013,0000052,0000052,건국대학교,본교,대학,대학교,사립,사립,수도권,서울,기존,2013,3000,16789,3367,636,0,909,1084,69.97,0
2013,0000056,0000058,경기대학교,제2캠퍼스,대학,대학교,사립,사립,수도권,서울,기존,2013,544,2693,479,52,0,92,113,56.52,0
2013,0000066,0000066,경희대학교,본교,대학,대학교,사립,사립,수도권,서울,기존,2013,4820,24906,5506,1481,0,1606,1829,92.22,0
2013,0000069,0000069,고려대학교,본교,대학,대학교,사립,사립,수도권,서울,기존,2013,3793,20105,4043,1440,0,1437,1625,100.21,0
2013,0000074,0000074,광운대학교,본교,대학,대학교,사립,사립,수도권,서울,기존,2013,1755,9077,1664,326,0,429,501,75.99,0
2013,0000078,0000078,국민대학교,본교,대학,대학교,사립,사립,수도권,서울,기존,2013,2983,15407,3099,603,0,767,873,78.62,0
2013,0000079,0000079,그리스도대학교,본교,대학,대학교,사립,사립,수도권,서울,기존,2013,330,1427,432,49,0,67,69,73.13,0
2013,0000099,0000099,덕성여자대학교,본교,대학,대학교,사립,사립,수도권,서울,기존,2013,1210,6431,1205,187,0,259,305,72.2,0
2013,0000100,0000100,동국대학교,본교,대학,대학교,사립,사립,수도권,서울,기존,2013,2685,13858,2925,667,0,756,852,88.23,0
2013,0000102,0000102,동덕여자대학교,본교,대학,대학교,사립,사립,수도권,서울,기존,2013,1657,8089,1538,241,0,357,391,67.51,0
2013,0000109,0000111,명지대학교,제2캠퍼스,대학,대학교,사립,사립,수도권,서울,기존,2013,1263,7419,1481,218,0,320,379,68.13,0
2013,0000116,0000116,삼육대학교,본교,대학,대학교,사립,사립,수도권,서울,기존,2013,1212,5697,1134,184,0,268,289,68.66,0
2013,0000117,0000117,상명대학교,본교,대학,대학교,사립,사립,수도권,서울,기존,2013,1400,6670,1407,224,0,340,367,65.88,0
2013,0000120,0000120,서강대학교,본교,대학,대학교,사립,사립,수도권,서울,기존,2013,1640,8377,1781,444,0,571,584,77.76,0
2013,0000121,0000121,서경대학교,본교,대학,대학교,사립,사립,수도권,서울,기존,2013,1410,6625,1405,199,0,291,314,68.38,0
2013,0000036,0000036,서울과학기술대학교,본교,대학,대학교,국공립,국립,수도권,서울,기존,2013,2240,4221,,353,0,335,280,105.37,0
2013,0000098,0000098,서울기독대학교,본교,대학,대학교,사립,사립,수도권,서울,기존,2013,161,734,146,32,0,48,43,66.67,0
2013,0000019,0000019,서울대학교,본교,대학,대학교,국공립,국립대법인,수도권,서울,기존,2013,3124,16712,3465,2178,0,1668,1835,130.58,0
2013,0000040,0000040,서울시립대학교,본교,대학,대학교,국공립,공립,수도권,서울,기존,2013,1768,9309,1682,388,0,503,579,77.14,0
2013,0000126,0000126,서울여자대학교,본교,대학,대학교,사립,사립,수도권,서울,기존,2013,1730,8050,1688,244,0,349,386,69.91,0
2013,0000132,0000132,성공회대학교,본교,대학,대학교,사립,사립,수도권,서울,기존,2013,540,2369,511,82,0,126,126,65.08,0
2013,0000133,0000133,성균관대학교,본교,대학,대학교,사립,사립,수도권,서울,기존,2013,3507,19365,4095,1388,0,1225,1372,113.31,0
2013,0000136,0000136,성신여자대학교,본교,대학,대학교,사립,사립,수도권,서울,기존,2013,2216,10414,2340,334,0,475,523,70.32,0
2013,0000138,0000138,세종대학교,본교,대학,대학교,사립,사립,수도권,서울,기존,2013,2320,11158,2398,418,0,604,660,69.21,0
2013,0000141,0000141,숙명여자대학교,본교,대학,대학교,사립,사립,수도권,서울,기존,2013,2198,10882,2058,462,0,586,606,78.84,0
2013,0000143,0000143,숭실대학교,본교,대학,대학교,사립,사립,수도권,서울,기존,2013,2675,14021,2578,515,0,645,800,79.84,0
2013,0000149,0000149,연세대학교,본교,대학,대학교,사립,사립,수도권,서울,기존,2013,3408,19226,4088,1600,0,1543,1841,103.69,0
2013,0000163,0000163,이화여자대학교,본교,대학,대학교,사립,사립,수도권,서울,기존,2013,2989,16083,3151,997,0,1103,1190,90.39,0
2013,0000170,0000170,장로회신학대학교,본교,대학,대학교,사립,사립,수도권,서울,기존,2013,150,663,162,75,0,127,130,59.06,0
2013,0000175,0000175,중앙대학교,본교,대학,대학교,사립,사립,수도권,서울,기존,2013,2783,14507,2949,782,0,930,1026,84.09,0
2013,0000180,0000180,총신대학교,본교,대학,대학교,사립,사립,수도권,서울,기존,2013,360,1888,385,122,0,174,177,70.11,0
2013,0000181,0000181,추계예술대학교,본교,대학,대학교,사립,사립,수도권,서울,기존,2013,290,1233,305,48,0,75,71,64,0
2013,0000191,0000191,한국성서대학교,본교,대학,대학교,사립,사립,수도권,서울,기존,2013,240,1164,244,45,0,55,63,81.82,0
2013,0000192,0000192,한국외국어대학교,본교,대학,대학교,사립,사립,수도권,서울,기존,2013,1676,9041,1686,382,0,460,522,83.04,0
2013,0000032,0000032,한국체육대학교,본교,대학,대학교,국공립,국립,수도권,서울,기존,2013,592,2532,547,110,0,164,167,67.07,0
2013,0000200,0000200,한성대학교,본교,대학,대학교,사립,사립,수도권,서울,기존,2013,1620,7321,1617,262,0,351,383,74.64,0
2013,0000203,0000203,한양대학교,본교,대학,대학교,사립,사립,수도권,서울,기존,2013,2915,15577,3691,1033,0,1185,1263,87.17,0
2013,0000205,0000205,한영신학대학교,본교,대학,대학교,사립,사립,수도권,서울,기존,2013,200,763,167,41,0,46,44,89.13,0
2013,0000212,0000212,홍익대학교,본교,대학,대학교,사립,사립,수도권,서울,기존,2013,2470,12057,2404,513,0,722,802,71.05,0
2012,0000046,0000049,가톨릭대학교,제3캠퍼스,대학,대학교,사립,사립,수도권,서울,기존,2012,80,211,57,25,0,22,16,113.64,0
2012,0000046,0000048,가톨릭대학교,제2캠퍼스,대학,대학교,사립,사립,수도권,서울,기존,2012,80,499,173,892,0,267,265,334.08,0
2012,0000050,0000050,감리교신학대학교,본교,대학,대학교,사립,사립,수도권,서울,기존,2012,200,910,201,34,0,71,74,47.89,0
2012,0000052,0000052,건국대학교,본교,대학,대학교,사립,사립,수도권,서울,기존,2012,3000,16669,3102,619,0,906,1079,68.32,0
2012,0000056,0000058,경기대학교,제2캠퍼스,대학,대학교,사립,사립,수도권,서울,기존,2012,544,2479,417,52,0,92,105,56.52,0
2012,0000066,0000066,경희대학교,본교,대학,대학교,사립,사립,수도권,서울,기존,2012,4860,25356,5357,1418,0,1608,1833,88.18,0
2012,0000069,0000069,고려대학교,본교,대학,대학교,사립,사립,수도권,서울,기존,2012,3772,20226,4322,1372,0,1448,1643,94.75,0
2012,0000074,0000074,광운대학교,본교,대학,대학교,사립,사립,수도권,서울,기존,2012,1755,8949,1672,286,0,428,502,66.82,0
2012,0000078,0000078,국민대학교,본교,대학,대학교,사립,사립,수도권,서울,기존,2012,2983,15180,3161,461,0,765,872,60.26,0
2012,0000079,0000079,그리스도대학교,본교,대학,대학교,사립,사립,수도권,서울,기존,2012,330,1556,314,45,0,67,70,67.16,0
2012,0000099,0000099,덕성여자대학교,본교,대학,대학교,사립,사립,수도권,서울,기존,2012,1290,6206,1188,179,0,258,298,69.38,0
2012,0000100,0000100,동국대학교,본교,대학,대학교,사립,사립,수도권,서울,기존,2012,2715,14010,2827,664,0,757,856,87.71,0
2012,0000102,0000102,동덕여자대학교,본교,대학,대학교,사립,사립,수도권,서울,기존,2012,1697,7790,1597,235,0,355,377,66.2,0
2012,0000109,0000111,명지대학교,제2캠퍼스,대학,대학교,사립,사립,수도권,서울,기존,2012,1330,7307,1518,203,0,324,375,62.65,0
2012,0000116,0000116,삼육대학교,본교,대학,대학교,사립,사립,수도권,서울,기존,2012,1242,5546,1109,178,0,273,284,65.2,0
2012,0000117,0000117,상명대학교,본교,대학,대학교,사립,사립,수도권,서울,기존,2012,1400,6574,1478,220,0,345,365,63.77,0
2012,0000120,0000120,서강대학교,본교,대학,대학교,사립,사립,수도권,서울,기존,2012,1640,8440,1793,415,0,572,585,72.55,0
2012,0000121,0000121,서경대학교,본교,대학,대학교,사립,사립,수도권,서울,기존,2012,1410,6608,1374,196,0,290,319,67.59,0
2012,0000036,0000036,서울과학기술대학교,본교,대학,대학교,국공립,국립,수도권,서울,기존,2012,2240,2564,,386,0,605,657,63.8,0
2012,0000098,0000098,서울기독대학교,본교,대학,대학교,사립,사립,수도권,서울,기존,2012,170,760,120,30,0,48,45,62.5,0
2012,0000019,0000019,서울대학교,본교,대학,대학교,국공립,국립대법인,수도권,서울,기존,2012,3159,16623,3466,2164,0,1663,1834,130.13,0
2012,0000040,0000040,서울시립대학교,본교,대학,대학교,국공립,공립,수도권,서울,기존,2012,1768,8972,1846,381,0,502,566,75.9,0
2012,0000126,0000126,서울여자대학교,본교,대학,대학교,사립,사립,수도권,서울,기존,2012,1730,8180,1708,239,0,349,395,68.48,0
2012,0000132,0000132,성공회대학교,본교,대학,대학교,사립,사립,수도권,서울,기존,2012,540,2368,496,85,0,126,128,67.46,0
2012,0000133,0000133,성균관대학교,본교,대학,대학교,사립,사립,수도권,서울,기존,2012,3499,19290,4283,1316,0,1216,1350,108.22,0
2012,0000136,0000136,성신여자대학교,본교,대학,대학교,사립,사립,수도권,서울,기존,2012,2216,10400,2250,324,0,474,521,68.35,0
2012,0000138,0000138,세종대학교,본교,대학,대학교,사립,사립,수도권,서울,기존,2012,2320,11195,2572,394,0,605,666,65.12,0
2012,0000141,0000141,숙명여자대학교,본교,대학,대학교,사립,사립,수도권,서울,기존,2012,2278,11065,2230,456,0,586,619,77.82,0
2012,0000143,0000143,숭실대학교,본교,대학,대학교,사립,사립,수도권,서울,기존,2012,2675,14383,2551,488,0,644,811,75.78,0
2012,0000149,0000149,연세대학교,본교,대학,대학교,사립,사립,수도권,서울,기존,2012,3404,19066,4245,1580,0,1538,1842,102.73,0
2012,0000163,0000163,이화여자대학교,본교,대학,대학교,사립,사립,수도권,서울,기존,2012,3109,15732,3285,962,0,1104,1184,87.14,0
2012,0000170,0000170,장로회신학대학교,본교,대학,대학교,사립,사립,수도권,서울,기존,2012,150,674,176,78,0,127,129,61.42,0
2012,0000175,0000175,중앙대학교,본교,대학,대학교,사립,사립,수도권,서울,기존,2012,2886,13943,3011,798,0,936,1035,85.26,0
2012,0000180,0000180,총신대학교,본교,대학,대학교,사립,사립,수도권,서울,기존,2012,360,1759,435,92,0,174,179,52.87,0
2012,0000181,0000181,추계예술대학교,본교,대학,대학교,사립,사립,수도권,서울,기존,2012,290,1221,299,52,0,80,70,65,0
2012,0000191,0000191,한국성서대학교,본교,대학,대학교,사립,사립,수도권,서울,기존,2012,240,1123,197,39,0,55,61,70.91,0
2012,0000192,0000192,한국외국어대학교,본교,대학,대학교,사립,사립,수도권,서울,기존,2012,1676,8981,1665,381,0,460,524,82.83,0
2012,0000032,0000032,한국체육대학교,본교,대학,대학교,국공립,국립,수도권,서울,기존,2012,590,2461,558,109,0,162,163,67.28,0
2012,0000200,0000200,한성대학교,본교,대학,대학교,사립,사립,수도권,서울,기존,2012,1620,7376,1440,262,0,351,389,74.64,0
2012,0000203,0000203,한양대학교,본교,대학,대학교,사립,사립,수도권,서울,기존,2012,2893,15634,3757,987,0,1202,1318,82.11,0
2012,0000205,0000205,한영신학대학교,본교,대학,대학교,사립,사립,수도권,서울,기존,2012,200,757,152,41,0,47,44,87.23,0
2012,0000212,0000212,홍익대학교,본교,대학,대학교,사립,사립,수도권,서울,기존,2012,2470,11966,2328,511,0,722,803,70.78,0
2011,0000046,0000048,가톨릭대학교,제2캠퍼스,대학,대학교,사립,사립,수도권,서울,기존,2011,80,580,190,898,0,272,257,330.15,0
2011,0000046,0000049,가톨릭대학교,제3캠퍼스,대학,대학교,사립,사립,수도권,서울,기존,2011,80,210,62,27,0,19,16,142.11,0
2011,0000050,0000050,감리교신학대학교,본교,대학,대학교,사립,사립,수도권,서울,기존,2011,200,906,194,34,0,71,75,47.89,0
2011,0000052,0000052,건국대학교,본교,대학,대학교,사립,사립,수도권,서울,기존,2011,3000,16348,3007,605,0,911,1075,66.41,0
2011,0000056,0000058,경기대학교,제2캠퍼스,대학,대학교,사립,사립,수도권,서울,기존,2011,544,2319,459,48,0,93,100,51.61,0
2011,0000066,0000066,경희대학교,본교,대학,대학교,사립,사립,수도권,서울,기존,2011,2380,13240,2749,968,0,1067,1207,90.72,0
2011,0000069,0000069,고려대학교,본교,대학,대학교,사립,사립,수도권,서울,기존,2011,3772,20073,4275,1364,0,1452,1642,93.94,0
2011,0000074,0000074,광운대학교,본교,대학,대학교,사립,사립,수도권,서울,기존,2011,1755,8657,1751,281,0,429,491,65.5,0
2011,0000078,0000078,국민대학교,본교,대학,대학교,사립,사립,수도권,서울,기존,2011,2983,14445,3086,446,0,764,842,58.38,0
2011,0000079,0000079,그리스도대학교,본교,대학,대학교,사립,사립,수도권,서울,기존,2011,330,1552,259,43,0,66,66,65.15,0
2011,0000099,0000099,덕성여자대학교,본교,대학,대학교,사립,사립,수도권,서울,기존,2011,1290,6007,1166,181,0,259,290,69.88,0
2011,0000100,0000100,동국대학교,본교,대학,대학교,사립,사립,수도권,서울,기존,2011,2715,14116,2944,679,0,757,858,89.7,0
2011,0000102,0000102,동덕여자대학교,본교,대학,대학교,사립,사립,수도권,서울,기존,2011,1697,7538,1582,218,0,356,363,61.24,0
2011,0000109,0000111,명지대학교,제2캠퍼스,대학,대학교,사립,사립,수도권,서울,기존,2011,1330,6896,1404,171,0,324,371,52.78,0
2011,0000116,0000116,삼육대학교,본교,대학,대학교,사립,사립,수도권,서울,기존,2011,1242,5462,1044,169,0,273,281,61.9,0
2011,0000117,0000117,상명대학교,본교,대학,대학교,사립,사립,수도권,서울,기존,2011,1400,6567,1393,200,0,345,365,57.97,0
2011,0000120,0000120,서강대학교,본교,대학,대학교,사립,사립,수도권,서울,기존,2011,1640,8326,1737,402,0,573,582,70.16,0
2011,0000121,0000121,서경대학교,본교,대학,대학교,사립,사립,수도권,서울,기존,2011,1410,6249,1349,194,0,289,312,67.13,0
2011,0000098,0000098,서울기독대학교,본교,대학,대학교,사립,사립,수도권,서울,기존,2011,170,651,145,30,0,48,45,62.5,0
2011,0000019,0000019,서울대학교,본교,대학,대학교,국공립,국립대법인,수도권,서울,기존,2011,3159,16626,3745,2140,0,1644,1848,130.17,0
2011,0000040,0000040,서울시립대학교,본교,대학,대학교,국공립,공립,수도권,서울,기존,2011,1768,8697,1622,383,0,503,549,76.14,0
2011,0000126,0000126,서울여자대학교,본교,대학,대학교,사립,사립,수도권,서울,기존,2011,1730,7946,1738,226,0,350,386,64.57,0
2011,0000132,0000132,성공회대학교,본교,대학,대학교,사립,사립,수도권,서울,기존,2011,540,2369,492,83,0,125,129,66.4,0
2011,0000133,0000133,성균관대학교,본교,대학,대학교,사립,사립,수도권,서울,기존,2011,3499,19700,4261,1249,0,1207,1388,103.48,0
2011,0000136,0000136,성신여자대학교,본교,대학,대학교,사립,사립,수도권,서울,기존,2011,2219,10344,2238,326,0,475,522,68.63,0
2011,0000138,0000138,세종대학교,본교,대학,대학교,사립,사립,수도권,서울,기존,2011,2320,11022,2431,382,0,604,666,63.25,0
2011,0000141,0000141,숙명여자대학교,본교,대학,대학교,사립,사립,수도권,서울,기존,2011,2278,10817,2062,446,0,586,615,76.11,0
2011,0000143,0000143,숭실대학교,본교,대학,대학교,사립,사립,수도권,서울,기존,2011,2675,13647,2546,454,0,644,787,70.5,0
2011,0000149,0000149,연세대학교,본교,대학,대학교,사립,사립,수도권,서울,기존,2011,3404,18781,4212,1545,0,1520,1815,101.64,0
2011,0000163,0000163,이화여자대학교,본교,대학,대학교,사립,사립,수도권,서울,기존,2011,3109,15458,3324,901,0,1107,1170,81.39,0
2011,0000170,0000170,장로회신학대학교,본교,대학,대학교,사립,사립,수도권,서울,기존,2011,150,702,147,72,0,127,129,56.69,0
2011,0000175,0000175,중앙대학교,본교,대학,대학교,사립,사립,수도권,서울,기존,2011,2646,13295,2996,761,0,919,1001,82.81,0
2011,0000180,0000180,총신대학교,본교,대학,대학교,사립,사립,수도권,서울,기존,2011,360,1706,357,92,0,174,184,52.87,0
2011,0000181,0000181,추계예술대학교,본교,대학,대학교,사립,사립,수도권,서울,기존,2011,290,1266,301,49,0,82,74,59.76,0
2011,0000191,0000191,한국성서대학교,본교,대학,대학교,사립,사립,수도권,서울,기존,2011,240,1075,206,36,0,55,58,65.45,0
2011,0000192,0000192,한국외국어대학교,본교,대학,대학교,사립,사립,수도권,서울,기존,2011,1676,8796,1628,366,0,473,518,77.38,0
2011,0000032,0000032,한국체육대학교,본교,대학,대학교,국공립,국립,수도권,서울,기존,2011,590,2457,534,107,0,162,164,66.05,0
2011,0000200,0000200,한성대학교,본교,대학,대학교,사립,사립,수도권,서울,기존,2011,1620,7217,1454,215,0,351,386,61.25,0
2011,0000203,0000203,한양대학교,본교,대학,대학교,사립,사립,수도권,서울,기존,2011,2893,15714,3712,968,0,1213,1335,79.8,0
2011,0000205,0000205,한영신학대학교,본교,대학,대학교,사립,사립,수도권,서울,기존,2011,200,709,173,41,0,47,42,87.23,0
2011,0000212,0000212,홍익대학교,본교,대학,대학교,사립,사립,수도권,서울,기존,2011,2470,11839,2386,511,0,720,799,70.97,0
2010,0000046,0000048,가톨릭대학교,제2캠퍼스,대학,대학교,사립,사립,수도권,서울,기존,2010,80,675,182,897,0,280,287,320.36,0
2010,0000046,0000049,가톨릭대학교,제3캠퍼스,대학,대학교,사립,사립,수도권,서울,기존,2010,80,221,46,29,0,16,11,181.25,0
2010,0000050,0000050,감리교신학대학교,본교,대학,대학교,사립,사립,수도권,서울,기존,2010,200,895,196,34,0,71,75,47.89,0
2010,0000052,0000052,건국대학교,본교,대학,대학교,사립,사립,수도권,서울,기존,2010,3000,15674,2950,614,0,913,1044,67.25,0
2010,0000056,0000058,경기대학교,제2캠퍼스,대학,대학교,사립,사립,수도권,서울,기존,2010,544,2292,464,46,0,94,99,48.94,0
2010,0000066,0000066,경희대학교,본교,대학,대학교,사립,사립,수도권,서울,기존,2010,2380,12953,2792,933,0,1060,1183,88.02,0
2010,0000069,0000069,고려대학교,본교,대학,대학교,사립,사립,수도권,서울,기존,2010,3772,20011,4013,1351,0,1430,1615,94.48,0
2010,0000074,0000074,광운대학교,본교,대학,대학교,사립,사립,수도권,서울,기존,2010,1755,8394,1582,260,0,428,484,60.75,0
2010,0000078,0000078,국민대학교,본교,대학,대학교,사립,사립,수도권,서울,기존,2010,2983,13956,2889,440,0,764,825,57.59,0
2010,0000079,0000079,그리스도대학교,본교,대학,대학교,사립,사립,수도권,서울,기존,2010,330,1411,291,41,0,67,65,61.19,0
2010,0000099,0000099,덕성여자대학교,본교,대학,대학교,사립,사립,수도권,서울,기존,2010,1290,5748,1242,175,0,259,276,67.57,0
2010,0000100,0000100,동국대학교,본교,대학,대학교,사립,사립,수도권,서울,기존,2010,2715,13923,2425,685,0,762,850,89.9,0
2010,0000102,0000102,동덕여자대학교,본교,대학,대학교,사립,사립,수도권,서울,기존,2010,1697,7399,1549,193,0,356,361,54.21,0
2010,0000109,0000111,명지대학교,제2캠퍼스,대학,대학교,사립,사립,수도권,서울,기존,2010,1330,6564,1284,163,0,323,354,50.46,0
2010,0000116,0000116,삼육대학교,본교,대학,대학교,사립,사립,수도권,서울,기존,2010,1242,5156,875,168,0,273,266,61.54,0
2010,0000117,0000117,상명대학교,본교,대학,대학교,사립,사립,수도권,서울,기존,2010,1400,6576,1426,174,0,346,376,50.29,0
2010,0000120,0000120,서강대학교,본교,대학,대학교,사립,사립,수도권,서울,기존,2010,1640,8139,1638,386,0,569,558,67.84,0
2010,0000121,0000121,서경대학교,본교,대학,대학교,사립,사립,수도권,서울,기존,2010,1410,6333,1296,194,0,290,318,66.9,0
2010,0000098,0000098,서울기독대학교,본교,대학,대학교,사립,사립,수도권,서울,기존,2010,170,673,124,29,0,48,48,60.42,0
2010,0000019,0000019,서울대학교,본교,대학,대학교,국공립,국립대법인,수도권,서울,기존,2010,3159,16325,3683,2074,0,1623,1778,127.79,0
2010,0000040,0000040,서울시립대학교,본교,대학,대학교,국공립,공립,수도권,서울,기존,2010,1768,8557,1595,382,0,500,544,76.4,0
2010,0000126,0000126,서울여자대학교,본교,대학,대학교,사립,사립,수도권,서울,기존,2010,1730,7741,1546,229,0,350,373,65.43,0
2010,0000132,0000132,성공회대학교,본교,대학,대학교,사립,사립,수도권,서울,기존,2010,540,2297,444,78,0,126,123,61.9,0
2010,0000133,0000133,성균관대학교,본교,대학,대학교,사립,사립,수도권,서울,기존,2010,3499,19437,4101,1228,0,1185,1372,103.63,0
2010,0000136,0000136,성신여자대학교,본교,대학,대학교,사립,사립,수도권,서울,기존,2010,2219,10095,2153,310,0,473,514,65.54,0
2010,0000138,0000138,세종대학교,본교,대학,대학교,사립,사립,수도권,서울,기존,2010,2320,10757,2305,360,0,602,648,59.8,0
2010,0000141,0000141,숙명여자대학교,본교,대학,대학교,사립,사립,수도권,서울,기존,2010,2278,10578,2019,435,0,586,606,74.23,0
2010,0000143,0000143,숭실대학교,본교,대학,대학교,사립,사립,수도권,서울,기존,2010,2675,12912,2336,432,0,644,750,67.08,0
2010,0000149,0000149,연세대학교,본교,대학,대학교,사립,사립,수도권,서울,기존,2010,3404,18782,4001,1502,0,1511,1788,99.4,0
2010,0000163,0000163,이화여자대학교,본교,대학,대학교,사립,사립,수도권,서울,기존,2010,3109,15272,3529,912,0,1135,1142,80.35,0
2010,0000170,0000170,장로회신학대학교,본교,대학,대학교,사립,사립,수도권,서울,기존,2010,150,669,152,69,0,127,134,54.33,0
2010,0000175,0000175,중앙대학교,본교,대학,대학교,사립,사립,수도권,서울,기존,2010,2646,13239,2787,712,0,915,990,77.81,0
2010,0000180,0000180,총신대학교,본교,대학,대학교,사립,사립,수도권,서울,기존,2010,360,1729,333,93,0,173,185,53.76,0
2010,0000181,0000181,추계예술대학교,본교,대학,대학교,사립,사립,수도권,서울,기존,2010,290,1249,265,49,0,83,73,59.04,0
2010,0000191,0000191,한국성서대학교,본교,대학,대학교,사립,사립,수도권,서울,기존,2010,240,1060,212,34,0,54,58,62.96,0
2010,0000192,0000192,한국외국어대학교,본교,대학,대학교,사립,사립,수도권,서울,기존,2010,1676,8600,1614,360,0,470,507,76.6,0
2010,0000032,0000032,한국체육대학교,본교,대학,대학교,국공립,국립,수도권,서울,기존,2010,590,2400,515,103,0,162,162,63.58,0
2010,0000200,0000200,한성대학교,본교,대학,대학교,사립,사립,수도권,서울,기존,2010,1620,6882,1392,214,0,351,374,60.97,0
2010,0000203,0000203,한양대학교,본교,대학,대학교,사립,사립,수도권,서울,기존,2010,2893,15683,3564,945,0,1201,1326,78.68,0
2010,0000205,0000205,한영신학대학교,본교,대학,대학교,사립,사립,수도권,서울,기존,2010,200,758,170,41,0,46,44,89.13,0
2010,0000212,0000212,홍익대학교,본교,대학,대학교,사립,사립,수도권,서울,기존,2010,2470,11461,2250,509,0,718,777,70.89,0
2009,0000046,0000049,가톨릭대학교,제3캠퍼스,대학,대학교,사립,사립,수도권,서울,기존,2009,80,240,63,30,0,16,11,187.5,0
2009,0000046,0000048,가톨릭대학교,제2캠퍼스,대학,대학교,사립,사립,수도권,서울,기존,2009,106,760,207,889,0,279,275,318.64,0
2009,0000050,0000050,감리교신학대학교,본교,대학,대학교,사립,사립,수도권,서울,기존,2009,200,878,193,34,0,71,74,47.89,0
2009,0000052,0000052,건국대학교,본교,대학,대학교,사립,사립,수도권,서울,기존,2009,3000,14810,2787,587,0,912,1006,64.36,0
2009,0000056,0000058,경기대학교,제2캠퍼스,대학,대학교,사립,사립,수도권,서울,기존,2009,544,2197,509,50,0,95,95,52.63,0
2009,0000066,0000066,경희대학교,본교,대학,대학교,사립,사립,수도권,서울,기존,2009,2355,12445,2725,829,0,1057,1146,78.43,0
2009,0000069,0000069,고려대학교,본교,대학,대학교,사립,사립,수도권,서울,기존,2009,3772,19748,4127,1333,0,1442,1595,92.44,0
2009,0000074,0000074,광운대학교,본교,대학,대학교,사립,사립,수도권,서울,기존,2009,1755,8158,1615,262,0,428,474,61.21,0
2009,0000078,0000078,국민대학교,본교,대학,대학교,사립,사립,수도권,서울,기존,2009,2983,13468,2859,461,0,764,792,60.34,0
2009,0000079,0000079,그리스도대학교,본교,대학,대학교,사립,사립,수도권,서울,기존,2009,330,1345,259,39,0,67,66,58.21,0
2009,0000099,0000099,덕성여자대학교,본교,대학,대학교,사립,사립,수도권,서울,기존,2009,1290,5696,1178,167,0,260,275,64.23,0
2009,0000100,0000100,동국대학교,본교,대학,대학교,사립,사립,수도권,서울,기존,2009,2715,12992,2719,516,0,754,775,68.44,0
2009,0000102,0000102,동덕여자대학교,본교,대학,대학교,사립,사립,수도권,서울,기존,2009,1697,7309,1540,203,0,356,356,57.02,0
2009,0000109,0000111,명지대학교,제2캠퍼스,대학,대학교,사립,사립,수도권,서울,기존,2009,1330,6611,1225,156,0,320,356,48.75,0
2009,0000116,0000116,삼육대학교,본교,대학,대학교,사립,사립,수도권,서울,기존,2009,1242,4870,863,169,0,271,253,62.36,0
2009,0000117,0000117,상명대학교,본교,대학,대학교,사립,사립,수도권,서울,기존,2009,1400,6491,1306,167,0,345,368,48.41,0
2009,0000120,0000120,서강대학교,본교,대학,대학교,사립,사립,수도권,서울,기존,2009,1640,7880,1663,374,0,563,541,66.43,0
2009,0000121,0000121,서경대학교,본교,대학,대학교,사립,사립,수도권,서울,기존,2009,1410,6236,1333,177,0,290,313,61.03,0
2009,0000098,0000098,서울기독대학교,본교,대학,대학교,사립,사립,수도권,서울,기존,2009,170,573,127,30,0,48,41,62.5,0
2009,0000019,0000019,서울대학교,본교,대학,대학교,국공립,국립대법인,수도권,서울,기존,2009,3114,16984,3937,2025,0,1550,1739,130.65,0
2009,0000040,0000040,서울시립대학교,본교,대학,대학교,국공립,공립,수도권,서울,기존,2009,1768,8313,1509,379,0,500,531,75.8,0
2009,0000126,0000126,서울여자대학교,본교,대학,대학교,사립,사립,수도권,서울,기존,2009,1730,7476,1510,215,0,349,362,61.6,0
2009,0000132,0000132,성공회대학교,본교,대학,대학교,사립,사립,수도권,서울,기존,2009,540,2322,402,79,0,127,122,62.2,0
2009,0000133,0000133,성균관대학교,본교,대학,대학교,사립,사립,수도권,서울,기존,2009,1841,10813,2089,369,0,606,704,60.89,0
2009,0000136,0000136,성신여자대학교,본교,대학,대학교,사립,사립,수도권,서울,기존,2009,2219,9899,1985,273,0,470,502,58.09,0
2009,0000138,0000138,세종대학교,본교,대학,대학교,사립,사립,수도권,서울,기존,2009,2320,10610,2100,363,0,605,628,60,0
2009,0000141,0000141,숙명여자대학교,본교,대학,대학교,사립,사립,수도권,서울,기존,2009,2278,10283,2087,404,0,586,589,68.94,0
2009,0000143,0000143,숭실대학교,본교,대학,대학교,사립,사립,수도권,서울,기존,2009,2675,12139,2361,409,0,644,716,63.51,0
2009,0000149,0000149,연세대학교,본교,대학,대학교,사립,사립,수도권,서울,기존,2009,3404,18816,4125,1485,0,1500,1743,99,0
2009,0000163,0000163,이화여자대학교,본교,대학,대학교,사립,사립,수도권,서울,기존,2009,3109,15596,3480,899,0,1127,1125,79.77,0
2009,0000170,0000170,장로회신학대학교,본교,대학,대학교,사립,사립,수도권,서울,기존,2009,151,644,154,53,0,127,132,41.73,0
2009,0000175,0000175,중앙대학교,본교,대학,대학교,사립,사립,수도권,서울,기존,2009,2646,13136,2800,665,0,910,972,73.08,0
2009,0000180,0000180,총신대학교,본교,대학,대학교,사립,사립,수도권,서울,기존,2009,360,1626,326,94,0,173,185,54.34,0
2009,0000181,0000181,추계예술대학교,본교,대학,대학교,사립,사립,수도권,서울,기존,2009,290,1233,241,46,0,83,74,55.42,0
2009,0000191,0000191,한국성서대학교,본교,대학,대학교,사립,사립,수도권,서울,기존,2009,240,1012,231,31,0,53,55,58.49,0
2009,0000192,0000192,한국외국어대학교,본교,대학,대학교,사립,사립,수도권,서울,기존,2009,1676,8591,1533,343,0,468,499,73.29,0
2009,0000032,0000032,한국체육대학교,본교,대학,대학교,국공립,국립,수도권,서울,기존,2009,590,2321,561,104,0,162,157,64.2,0
2009,0000200,0000200,한성대학교,본교,대학,대학교,사립,사립,수도권,서울,기존,2009,1620,6761,1355,205,0,351,362,58.4,0
2009,0000203,0000203,한양대학교,본교,대학,대학교,사립,사립,수도권,서울,기존,2009,2893,15877,3400,905,0,1202,1314,75.29,0
2009,0000205,0000205,한영신학대학교,본교,대학,대학교,사립,사립,수도권,서울,기존,2009,205,756,175,42,0,46,45,91.3,0
2009,0000212,0000212,홍익대학교,본교,대학,대학교,사립,사립,수도권,서울,기존,2009,2470,11326,1991,506,0,719,765,70.38,0
2008,0000046,0000048,가톨릭대학교,제2캠퍼스,대학,대학교,사립,사립,수도권,서울,기존,2008,199,883,189,889,0,236,241,376.69,0
2008,0000046,0000049,가톨릭대학교,제3캠퍼스,대학,대학교,사립,사립,수도권,서울,기존,2008,80,256,55,30,0,23,16,130.43,0
2008,0000050,0000050,감리교신학대학교,본교,대학,대학교,사립,사립,수도권,서울,기존,2008,200,865,205,34,0,71,74,47.89,0
2008,0000052,0000052,건국대학교,본교,대학,대학교,사립,사립,수도권,서울,기존,2008,3030,13907,2885,560,0,912,951,61.4,0
2008,0000056,0000058,경기대학교,제2캠퍼스,대학,대학교,사립,사립,수도권,서울,기존,2008,544,2222,522,37,0,95,97,38.95,0
2008,0000066,0000066,경희대학교,본교,대학,대학교,사립,사립,수도권,서울,기존,2008,2400,12301,2941,807,0,1086,1149,74.31,0
2008,0000069,0000069,고려대학교,본교,대학,대학교,사립,사립,수도권,서울,기존,2008,3862,19454,4333,1254,0,1439,1578,87.14,0
2008,0000074,0000074,광운대학교,본교,대학,대학교,사립,사립,수도권,서울,기존,2008,1755,7930,1725,255,0,428,461,59.58,0
2008,0000078,0000078,국민대학교,본교,대학,대학교,사립,사립,수도권,서울,기존,2008,2983,13341,3039,457,0,764,781,59.82,0
2008,0000079,0000079,그리스도대학교,본교,대학,대학교,사립,사립,수도권,서울,기존,2008,330,1326,284,39,0,66,65,59.09,0
2008,0000099,0000099,덕성여자대학교,본교,대학,대학교,사립,사립,수도권,서울,기존,2008,1290,5651,1238,155,0,259,271,59.85,0
2008,0000100,0000100,동국대학교,본교,대학,대학교,사립,사립,수도권,서울,기존,2008,2715,12873,2851,484,0,760,765,63.68,0
2008,0000102,0000102,동덕여자대학교,본교,대학,대학교,사립,사립,수도권,서울,기존,2008,1697,7145,1630,198,0,354,351,55.93,0
2008,0000109,0000111,명지대학교,제2캠퍼스,대학,대학교,사립,사립,수도권,서울,기존,2008,1330,6491,1246,146,0,324,351,45.06,0
2008,0000116,0000116,삼육대학교,본교,대학,대학교,사립,사립,수도권,서울,기존,2008,1282,4658,778,161,0,249,243,64.66,0
2008,0000117,0000117,상명대학교,본교,대학,대학교,사립,사립,수도권,서울,기존,2008,1400,6286,1267,158,0,346,360,45.66,0
2008,0000120,0000120,서강대학교,본교,대학,대학교,사립,사립,수도권,서울,기존,2008,1670,7794,1783,354,0,565,536,62.65,0
2008,0000121,0000121,서경대학교,본교,대학,대학교,사립,사립,수도권,서울,기존,2008,1410,5979,1254,179,0,292,298,61.3,0
2008,0000098,0000098,서울기독대학교,본교,대학,대학교,사립,사립,수도권,서울,기존,2008,170,556,116,29,0,48,41,60.42,0
2008,0000019,0000019,서울대학교,본교,대학,대학교,국공립,국립대법인,수도권,서울,기존,2008,3162,16990,4267,1751,0,1526,1725,114.74,0
2008,0000040,0000040,서울시립대학교,본교,대학,대학교,국공립,공립,수도권,서울,기존,2008,1805,7879,1606,346,0,499,516,69.34,0
2008,0000126,0000126,서울여자대학교,본교,대학,대학교,사립,사립,수도권,서울,기존,2008,1730,7232,1736,212,0,350,354,60.57,0
2008,0000132,0000132,성공회대학교,본교,대학,대학교,사립,사립,수도권,서울,기존,2008,540,2216,460,78,0,126,119,61.9,0
2008,0000133,0000133,성균관대학교,본교,대학,대학교,사립,사립,수도권,서울,기존,2008,1931,10627,2198,361,0,605,678,59.67,0
2008,0000136,0000136,성신여자대학교,본교,대학,대학교,사립,사립,수도권,서울,기존,2008,2219,9496,2110,263,0,469,485,56.08,0
2008,0000138,0000138,세종대학교,본교,대학,대학교,사립,사립,수도권,서울,기존,2008,2320,10235,2193,361,0,606,610,59.57,0
2008,0000141,0000141,숙명여자대학교,본교,대학,대학교,사립,사립,수도권,서울,기존,2008,2278,10168,2226,384,0,586,583,65.53,0
2008,0000143,0000143,숭실대학교,본교,대학,대학교,사립,사립,수도권,서울,기존,2008,2675,13089,2425,397,0,646,759,61.46,0
2008,0000149,0000149,연세대학교,본교,대학,대학교,사립,사립,수도권,서울,기존,2008,3474,18588,4169,1473,0,1510,1693,97.55,0
2008,0000163,0000163,이화여자대학교,본교,대학,대학교,사립,사립,수도권,서울,기존,2008,3184,15583,3510,892,0,1124,1107,79.36,0
2008,0000170,0000170,장로회신학대학교,본교,대학,대학교,사립,사립,수도권,서울,기존,2008,150,634,156,51,0,127,130,40.16,0
2008,0000175,0000175,중앙대학교,본교,대학,대학교,사립,사립,수도권,서울,기존,2008,2683,13077,2692,638,0,905,944,70.5,0
2008,0000180,0000180,총신대학교,본교,대학,대학교,사립,사립,수도권,서울,기존,2008,360,1601,355,90,0,171,176,52.63,0
2008,0000181,0000181,추계예술대학교,본교,대학,대학교,사립,사립,수도권,서울,기존,2008,290,1183,249,46,0,83,72,55.42,0
2008,0000191,0000191,한국성서대학교,본교,대학,대학교,사립,사립,수도권,서울,기존,2008,240,985,198,28,0,53,54,52.83,0
2008,0000192,0000192,한국외국어대학교,본교,대학,대학교,사립,사립,수도권,서울,기존,2008,1713,7980,1627,308,0,464,468,66.38,0
2008,0000032,0000032,한국체육대학교,본교,대학,대학교,국공립,국립,수도권,서울,기존,2008,590,2408,538,105,0,162,162,64.81,0
2008,0000200,0000200,한성대학교,본교,대학,대학교,사립,사립,수도권,서울,기존,2008,1620,6668,1542,201,0,351,354,57.26,0
2008,0000203,0000203,한양대학교,본교,대학,대학교,사립,사립,수도권,서울,기존,2008,2968,15685,3549,853,0,1216,1293,70.15,0
2008,0000205,0000205,한영신학대학교,본교,대학,대학교,사립,사립,수도권,서울,기존,2008,204,761,182,42,0,47,43,89.36,0
2008,0000212,0000212,홍익대학교,본교,대학,대학교,사립,사립,수도권,서울,기존,2008,2470,11081,2183,496,0,734,765,67.57,0
